transaction_id,customer_id,timestamp,amount,transaction_type,merchant_category,location,device_type,account_age_days,transaction_frequency,previous_transaction_amount,distance_from_usual_location,is_fraud
TXN-100236,CUST-1149,2025-01-01 09:46:31,475.26,UPI Transfer,Dining & Food,Kolkata,Desktop Web Browser,335,2,598.61,66.76,0
TXN-100845,CUST-1049,2025-01-01 14:34:57,1320.67,Online,Utilities & Bills,Kolkata,Trusted Mobile App (iOS),818,3,1206.58,20.91,0
TXN-100669,CUST-1035,2025-01-01 16:20:03,1882.06,POS / In-Store,Dining & Food,Mumbai,Trusted Mobile App (Android),851,3,1698.39,2.44,0
TXN-100376,CUST-1011,2025-01-01 19:34:26,700.39,POS / In-Store,Utilities & Bills,Mumbai,Trusted Mobile App (iOS),1459,1,380.32,1.99,0
TXN-100114,CUST-1158,2025-01-02 00:28:20,1245.0,POS / In-Store,Healthcare & Medical,Hyderabad,Trusted Mobile App (iOS),1668,1,1188.71,4.27,0
TXN-100754,CUST-1114,2025-01-02 07:48:10,1844.22,Online,Utilities & Bills,Jaipur,Trusted Mobile App (iOS),1773,3,1493.55,16.62,0
TXN-100197,CUST-1164,2025-01-02 09:31:27,447.98,Online,Grocery & Supermarkets,Ahmedabad,Trusted Mobile App (iOS),438,1,135.27,11.79,0
TXN-100800,CUST-1052,2025-01-02 10:41:17,556.8,Online,Utilities & Bills,Mumbai,Desktop Web Browser,1506,3,580.07,14.93,0
TXN-100861,CUST-1167,2025-01-02 10:43:38,1239.1,UPI Transfer,Dining & Food,Hyderabad,Trusted Mobile App (Android),702,1,807.83,15.52,0
TXN-100889,CUST-1092,2025-01-02 17:19:16,732.16,Online,Healthcare & Medical,Delhi,Trusted Mobile App (iOS),854,2,473.13,0.59,0
TXN-100145,CUST-1138,2025-01-02 20:08:34,1124.94,UPI Transfer,Grocery & Supermarkets,Jaipur,Trusted Mobile App (iOS),587,2,1419.47,13.23,0
TXN-100910,CUST-1179,2025-01-02 21:32:48,682.55,Online,Utilities & Bills,Mumbai,Desktop Web Browser,923,3,581.81,9.69,0
TXN-101040,CUST-1100,2025-01-03 08:41:18,1925.59,UPI Transfer,Dining & Food,Hyderabad,Trusted Mobile App (iOS),862,2,902.1,12.0,0
TXN-100552,CUST-1141,2025-01-03 09:00:49,646.35,UPI Transfer,Dining & Food,Chennai,Desktop Web Browser,1030,3,635.89,9.69,0
TXN-100066,CUST-1102,2025-01-03 10:29:56,726.6,UPI Transfer,Utilities & Bills,Pune,Trusted Mobile App (iOS),367,1,989.87,13.61,0
TXN-100361,CUST-1014,2025-01-03 13:39:20,522.89,Online,Utilities & Bills,Kolkata,Trusted Mobile App (iOS),219,3,566.8,15.56,0
TXN-100585,CUST-1072,2025-01-03 14:15:34,1182.33,POS / In-Store,Dining & Food,Pune,Trusted Mobile App (iOS),1134,3,851.17,10.64,0
TXN-100342,CUST-1081,2025-01-03 14:42:09,402.63,POS / In-Store,Grocery & Supermarkets,Mumbai,Trusted Mobile App (iOS),168,2,463.15,9.58,0
TXN-101174,CUST-1076,2025-01-04 04:20:39,128868.06,Online,Luxury Goods & Jewelry,Chennai,Mobile Web Browser,469,5,393.45,584.27,1
TXN-100105,CUST-1093,2025-01-04 12:13:37,551.97,Online,Dining & Food,Kolkata,Trusted Mobile App (iOS),539,1,835.99,13.91,0
TXN-100116,CUST-1138,2025-01-04 14:45:39,1419.47,Online,Healthcare & Medical,Jaipur,Trusted Mobile App (iOS),587,1,1896.37,8.01,0
TXN-100512,CUST-1138,2025-01-04 17:51:03,762.66,Online,Utilities & Bills,Jaipur,Trusted Mobile App (iOS),587,1,1124.94,14.43,0
TXN-100481,CUST-1041,2025-01-04 18:22:14,1514.86,Online,Utilities & Bills,Hyderabad,Desktop Web Browser,1179,2,1165.3,4.63,0
TXN-100973,CUST-1009,2025-01-04 18:53:31,2286.66,UPI Transfer,Dining & Food,Jaipur,Trusted Mobile App (Android),481,3,1290.74,14.85,0
TXN-100969,CUST-1167,2025-01-04 20:06:10,531.76,POS / In-Store,Healthcare & Medical,Hyderabad,Trusted Mobile App (iOS),702,3,1239.1,13.66,0
TXN-101087,CUST-1117,2025-01-04 20:16:32,566.79,Online,Dining & Food,Hyderabad,Trusted Mobile App (Android),275,1,330.99,12.95,0
TXN-100794,CUST-1151,2025-01-05 08:59:19,158.63,UPI Transfer,Dining & Food,Kolkata,Mobile Web Browser,1161,2,480.35,17.6,0
TXN-101088,CUST-1111,2025-01-05 09:08:43,308.4,UPI Transfer,Utilities & Bills,Mumbai,Trusted Mobile App (iOS),1226,1,473.34,9.76,0
TXN-100978,CUST-1098,2025-01-05 11:29:33,961.28,POS / In-Store,Dining & Food,Jaipur,Trusted Mobile App (iOS),133,2,548.34,14.11,0
TXN-100282,CUST-1016,2025-01-05 11:49:17,929.95,Online,Utilities & Bills,Kolkata,Desktop Web Browser,571,3,858.17,9.71,0
TXN-101079,CUST-1037,2025-01-05 18:21:06,1123.25,Online,Utilities & Bills,Kolkata,Trusted Mobile App (iOS),674,1,379.79,45.89,0
TXN-100449,CUST-1050,2025-01-05 18:46:41,650.7,UPI Transfer,Utilities & Bills,Pune,Desktop Web Browser,988,3,940.26,16.23,0
TXN-100368,CUST-1073,2025-01-05 19:08:13,618.14,UPI Transfer,Healthcare & Medical,Hyderabad,Desktop Web Browser,668,1,903.45,7.06,0
TXN-101191,CUST-1106,2025-01-06 02:08:27,89385.61,ATM Withdrawal,Electronics & Gadgets,Kochi,Mobile Web Browser,1499,11,1095.07,849.2,1
TXN-100212,CUST-1141,2025-01-06 05:26:17,1098.6,UPI Transfer,Grocery & Supermarkets,Chennai,Desktop Web Browser,1030,2,1568.1,12.9,0
TXN-100936,CUST-1041,2025-01-06 11:05:32,2322.78,UPI Transfer,Dining & Food,Hyderabad,Desktop Web Browser,1179,1,1065.31,0.72,0
TXN-100341,CUST-1157,2025-01-06 11:30:36,911.8,Online,Utilities & Bills,Delhi,Desktop Web Browser,346,3,1005.98,68.82,0
TXN-101058,CUST-1015,2025-01-06 13:34:03,722.85,Online,Healthcare & Medical,Pune,Trusted Mobile App (iOS),765,1,975.69,7.14,0
TXN-100139,CUST-1164,2025-01-06 16:41:33,135.27,UPI Transfer,Utilities & Bills,Ahmedabad,Trusted Mobile App (iOS),438,2,309.29,33.47,0
TXN-100644,CUST-1150,2025-01-06 17:24:44,405.75,UPI Transfer,Grocery & Supermarkets,Jaipur,Trusted Mobile App (iOS),1739,3,535.13,6.54,0
TXN-101008,CUST-1069,2025-01-06 21:22:17,1135.59,UPI Transfer,Dining & Food,Bengaluru,Trusted Mobile App (iOS),1381,1,727.65,16.72,0
TXN-101184,CUST-1100,2025-01-07 01:40:22,105087.76,Online,Crypto & Digital Assets,Jaipur,New Emulated Device,824,10,627.22,529.77,1
TXN-101026,CUST-1057,2025-01-07 18:15:04,659.26,Online,Utilities & Bills,Chennai,Desktop Web Browser,1590,2,520.76,11.65,0
TXN-100077,CUST-1165,2025-01-07 22:54:21,307.59,UPI Transfer,Grocery & Supermarkets,Ahmedabad,Trusted Mobile App (Android),655,1,408.54,12.51,0
TXN-101024,CUST-1117,2025-01-08 10:03:18,445.13,Online,Grocery & Supermarkets,Hyderabad,Trusted Mobile App (Android),275,2,213.97,0.59,0
TXN-100334,CUST-1042,2025-01-08 13:44:38,1607.76,Online,Grocery & Supermarkets,Kolkata,Trusted Mobile App (Android),1559,3,1561.29,32.9,0
TXN-100260,CUST-1133,2025-01-09 22:02:33,434.67,UPI Transfer,Utilities & Bills,Chennai,Desktop Web Browser,1682,1,444.63,8.64,0
TXN-100351,CUST-1107,2025-01-10 00:42:26,2232.3,UPI Transfer,Healthcare & Medical,Ahmedabad,Trusted Mobile App (iOS),418,3,1450.79,10.8,0
TXN-100330,CUST-1160,2025-01-10 08:42:53,352.21,Online,Healthcare & Medical,Bengaluru,Desktop Web Browser,710,2,417.79,15.13,0
TXN-100810,CUST-1179,2025-01-10 10:24:33,581.81,Online,Healthcare & Medical,Mumbai,Desktop Web Browser,923,1,267.38,8.27,0
TXN-100088,CUST-1159,2025-01-10 15:28:36,182.62,UPI Transfer,Dining & Food,Bengaluru,Trusted Mobile App (Android),80,3,150.0,9.0,0
TXN-100568,CUST-1162,2025-01-10 16:49:16,225.73,POS / In-Store,Grocery & Supermarkets,Hyderabad,Trusted Mobile App (Android),356,1,248.06,2.2,0
TXN-100345,CUST-1072,2025-01-10 19:25:04,851.17,POS / In-Store,Healthcare & Medical,Pune,Trusted Mobile App (iOS),1134,1,623.75,1.88,0
TXN-100192,CUST-1172,2025-01-10 20:08:36,1343.9,Online,Dining & Food,Delhi,Trusted Mobile App (Android),395,3,536.07,4.55,0
TXN-100288,CUST-1001,2025-01-10 20:10:00,854.04,POS / In-Store,Healthcare & Medical,Delhi,Trusted Mobile App (iOS),1548,1,457.5,9.13,0
TXN-100994,CUST-1051,2025-01-10 22:02:52,430.68,POS / In-Store,Utilities & Bills,Pune,Trusted Mobile App (Android),1163,3,679.65,26.56,0
TXN-100521,CUST-1114,2025-01-10 22:57:04,965.38,UPI Transfer,Healthcare & Medical,Jaipur,Trusted Mobile App (iOS),1773,1,1793.71,2.35,0
TXN-100098,CUST-1152,2025-01-11 09:19:51,1002.6,UPI Transfer,Grocery & Supermarkets,Bengaluru,Trusted Mobile App (Android),291,3,853.28,1.16,0
TXN-100321,CUST-1121,2025-01-11 09:30:09,869.95,UPI Transfer,Utilities & Bills,Kochi,Desktop Web Browser,1100,2,1055.03,9.26,0
TXN-101054,CUST-1159,2025-01-11 10:37:59,175.45,Online,Grocery & Supermarkets,Bengaluru,Trusted Mobile App (Android),80,2,159.19,16.55,0
TXN-100394,CUST-1038,2025-01-11 12:33:07,401.3,POS / In-Store,Utilities & Bills,Kochi,Desktop Web Browser,1052,1,567.55,73.31,0
TXN-100090,CUST-1154,2025-01-11 16:13:08,2799.35,Online,Grocery & Supermarkets,Mumbai,Trusted Mobile App (Android),460,2,1542.66,13.87,0
TXN-100407,CUST-1153,2025-01-12 03:47:49,2351.09,Online,Utilities & Bills,Mumbai,Trusted Mobile App (Android),776,1,2397.35,11.71,0
TXN-100448,CUST-1016,2025-01-12 11:44:20,490.37,UPI Transfer,Utilities & Bills,Kolkata,Desktop Web Browser,571,2,929.95,2.38,0
TXN-100181,CUST-1071,2025-01-12 12:40:59,524.01,UPI Transfer,Healthcare & Medical,Chennai,Desktop Web Browser,1272,3,709.14,10.23,0
TXN-100838,CUST-1052,2025-01-12 13:16:34,1020.78,POS / In-Store,Dining & Food,Pune,Trusted Mobile App (iOS),1506,1,573.86,44.24,0
TXN-100082,CUST-1143,2025-01-12 17:42:53,201.02,UPI Transfer,Grocery & Supermarkets,Pune,Trusted Mobile App (Android),120,2,189.28,6.69,0
TXN-100744,CUST-1069,2025-01-12 20:04:55,435.83,Online,Utilities & Bills,Bengaluru,Trusted Mobile App (iOS),1381,3,1028.35,7.63,0
TXN-100625,CUST-1012,2025-01-13 07:48:06,1758.01,POS / In-Store,Dining & Food,Pune,Trusted Mobile App (Android),599,1,1651.55,2.67,0
TXN-100867,CUST-1084,2025-01-13 12:25:24,889.84,POS / In-Store,Healthcare & Medical,Ahmedabad,Trusted Mobile App (iOS),1134,1,748.63,0.85,0
TXN-100525,CUST-1008,2025-01-13 18:30:26,894.66,POS / In-Store,Dining & Food,Jaipur,Trusted Mobile App (iOS),1496,3,1630.8,3.49,0
TXN-101053,CUST-1092,2025-01-14 12:18:59,748.49,POS / In-Store,Utilities & Bills,Delhi,Trusted Mobile App (iOS),854,2,1022.56,10.57,0
TXN-101103,CUST-1112,2025-01-14 13:45:36,581.13,UPI Transfer,Dining & Food,Ahmedabad,Desktop Web Browser,1776,3,2022.9,7.82,0
TXN-100037,CUST-1117,2025-01-14 15:50:18,339.38,Online,Healthcare & Medical,Hyderabad,Trusted Mobile App (Android),275,1,471.54,10.82,0
TXN-100817,CUST-1124,2025-01-14 21:24:08,597.99,POS / In-Store,Grocery & Supermarkets,Pune,Trusted Mobile App (iOS),1405,1,446.86,13.48,0
TXN-100033,CUST-1126,2025-01-15 08:09:52,976.9,Online,Grocery & Supermarkets,Delhi,Trusted Mobile App (iOS),968,3,1359.11,10.35,0
TXN-101056,CUST-1127,2025-01-15 08:22:38,1123.03,Online,Healthcare & Medical,Pune,Desktop Web Browser,234,1,762.08,52.9,0
TXN-100761,CUST-1109,2025-01-15 10:55:02,954.93,POS / In-Store,Grocery & Supermarkets,Kochi,Desktop Web Browser,1140,1,1430.09,6.26,0
TXN-100065,CUST-1120,2025-01-15 14:55:13,370.94,POS / In-Store,Utilities & Bills,Delhi,Trusted Mobile App (Android),1376,1,356.73,12.3,0
TXN-100134,CUST-1148,2025-01-15 17:41:11,715.49,Online,Dining & Food,Jaipur,Trusted Mobile App (iOS),259,1,1242.66,8.65,0
TXN-101090,CUST-1012,2025-01-15 18:28:42,992.62,UPI Transfer,Utilities & Bills,Pune,Trusted Mobile App (Android),599,2,872.13,11.54,0
TXN-100290,CUST-1027,2025-01-15 19:10:56,847.17,Online,Utilities & Bills,Kolkata,Trusted Mobile App (iOS),1402,3,832.42,10.07,0
TXN-100036,CUST-1142,2025-01-15 20:28:39,427.58,UPI Transfer,Utilities & Bills,Chennai,Trusted Mobile App (iOS),219,3,535.73,8.72,0
TXN-101177,CUST-1132,2025-01-16 03:59:15,275362.62,Online,Electronics & Gadgets,Chennai,Unknown Device,1378,9,921.72,428.45,1
TXN-101178,CUST-1168,2025-01-16 04:07:12,219530.95,ATM Withdrawal,Electronics & Gadgets,Hyderabad,New Emulated Device,1525,8,1165.36,536.75,1
TXN-100298,CUST-1077,2025-01-16 08:32:25,295.77,POS / In-Store,Dining & Food,Hyderabad,Trusted Mobile App (iOS),722,1,448.26,9.54,0
TXN-100752,CUST-1138,2025-01-16 09:34:50,1056.15,POS / In-Store,Grocery & Supermarkets,Jaipur,Trusted Mobile App (iOS),587,2,762.66,15.06,0
TXN-100631,CUST-1011,2025-01-16 10:24:11,502.21,UPI Transfer,Dining & Food,Mumbai,Trusted Mobile App (iOS),1459,3,429.06,11.01,0
TXN-100876,CUST-1064,2025-01-16 10:43:26,633.7,UPI Transfer,Utilities & Bills,Delhi,Trusted Mobile App (Android),1733,2,1046.48,1.65,0
TXN-100124,CUST-1109,2025-01-16 12:34:35,1452.49,UPI Transfer,Utilities & Bills,Kochi,Desktop Web Browser,1140,2,1103.91,2.3,0
TXN-101078,CUST-1131,2025-01-16 17:36:39,1066.58,POS / In-Store,Healthcare & Medical,Kolkata,Trusted Mobile App (Android),353,2,1363.03,14.9,0
TXN-100729,CUST-1115,2025-01-16 19:37:42,1198.26,POS / In-Store,Healthcare & Medical,Bengaluru,Trusted Mobile App (iOS),1248,3,1446.33,14.13,0
TXN-100057,CUST-1045,2025-01-16 19:39:09,954.97,Online,Healthcare & Medical,Bengaluru,Desktop Web Browser,1040,3,1293.38,9.21,0
TXN-100203,CUST-1019,2025-01-16 19:45:29,619.92,UPI Transfer,Grocery & Supermarkets,Delhi,Desktop Web Browser,630,1,758.17,3.2,0
TXN-101175,CUST-1102,2025-01-17 01:08:12,103427.28,Wire Transfer,Luxury Goods & Jewelry,Bengaluru,New Emulated Device,279,12,1726.16,582.03,1
TXN-100738,CUST-1144,2025-01-17 08:36:14,730.39,Online,Grocery & Supermarkets,Mumbai,Trusted Mobile App (Android),1609,3,1631.63,13.63,0
TXN-100251,CUST-1103,2025-01-17 11:17:29,786.83,POS / In-Store,Utilities & Bills,Pune,Trusted Mobile App (Android),829,2,546.02,1.88,0
TXN-100554,CUST-1031,2025-01-17 11:24:22,1140.83,Online,Grocery & Supermarkets,Hyderabad,Trusted Mobile App (iOS),976,3,1068.55,16.25,0
TXN-100671,CUST-1051,2025-01-17 12:25:39,404.65,Online,Grocery & Supermarkets,Jaipur,Trusted Mobile App (Android),1163,1,487.29,17.03,0
TXN-100839,CUST-1076,2025-01-17 15:04:25,298.95,POS / In-Store,Grocery & Supermarkets,Ahmedabad,Trusted Mobile App (iOS),537,1,286.19,10.75,0
TXN-100246,CUST-1166,2025-01-17 16:49:38,797.59,UPI Transfer,Dining & Food,Mumbai,Trusted Mobile App (iOS),78,3,848.24,66.63,0
TXN-100224,CUST-1152,2025-01-17 17:07:22,1298.98,Online,Healthcare & Medical,Bengaluru,Trusted Mobile App (Android),291,2,1002.6,2.55,0
TXN-100723,CUST-1078,2025-01-17 17:24:39,574.17,POS / In-Store,Utilities & Bills,Mumbai,Desktop Web Browser,1164,1,565.51,13.45,0
TXN-100241,CUST-1168,2025-01-18 07:13:08,235.27,POS / In-Store,Healthcare & Medical,Chennai,Trusted Mobile App (iOS),1613,1,928.07,2.82,0
TXN-100205,CUST-1007,2025-01-18 09:38:14,612.41,UPI Transfer,Healthcare & Medical,Jaipur,Desktop Web Browser,84,2,445.23,6.18,0
TXN-100406,CUST-1112,2025-01-18 14:23:55,2022.9,UPI Transfer,Utilities & Bills,Ahmedabad,Desktop Web Browser,1776,3,844.43,1.16,0
TXN-101134,CUST-1056,2025-01-18 17:40:01,2483.16,Online,Utilities & Bills,Bengaluru,Trusted Mobile App (Android),36,1,1259.48,3.01,0
TXN-100532,CUST-1089,2025-01-18 19:54:34,1002.67,POS / In-Store,Grocery & Supermarkets,Pune,Trusted Mobile App (Android),897,1,1157.45,5.65,0
TXN-100042,CUST-1126,2025-01-18 20:21:13,1491.3,UPI Transfer,Healthcare & Medical,Delhi,Trusted Mobile App (iOS),968,2,976.9,2.33,0
TXN-100480,CUST-1137,2025-01-18 21:35:21,765.64,UPI Transfer,Healthcare & Medical,Mumbai,Desktop Web Browser,1550,2,885.83,22.19,0
TXN-100977,CUST-1024,2025-01-19 07:40:53,930.94,POS / In-Store,Grocery & Supermarkets,Hyderabad,Trusted Mobile App (iOS),808,3,595.73,3.18,0
TXN-100337,CUST-1030,2025-01-19 08:00:29,1190.14,UPI Transfer,Healthcare & Medical,Bengaluru,Desktop Web Browser,1523,3,686.01,12.11,0
TXN-100529,CUST-1143,2025-01-19 12:19:00,126.67,POS / In-Store,Healthcare & Medical,Delhi,Trusted Mobile App (Android),120,2,97.4,52.9,0
TXN-100692,CUST-1171,2025-01-19 13:31:43,648.83,POS / In-Store,Healthcare & Medical,Jaipur,Trusted Mobile App (Android),86,1,1655.58,7.29,0
TXN-100264,CUST-1072,2025-01-19 14:57:08,623.75,UPI Transfer,Grocery & Supermarkets,Pune,Trusted Mobile App (iOS),1134,3,1977.23,7.73,0
TXN-100142,CUST-1037,2025-01-19 19:55:30,619.51,Online,Utilities & Bills,Kochi,Desktop Web Browser,674,3,473.93,4.84,0
TXN-101033,CUST-1153,2025-01-19 22:44:45,1690.65,POS / In-Store,Grocery & Supermarkets,Mumbai,Trusted Mobile App (Android),776,3,3985.94,1.57,0
TXN-101013,CUST-1001,2025-01-19 22:47:07,675.19,UPI Transfer,Grocery & Supermarkets,Delhi,Trusted Mobile App (iOS),1548,1,804.97,16.37,0
TXN-101156,CUST-1087,2025-01-20 02:58:06,197252.11,ATM Withdrawal,Crypto & Digital Assets,Kolkata,New Emulated Device,363,5,292.51,343.58,1
TXN-100919,CUST-1104,2025-01-20 11:46:24,646.15,UPI Transfer,Grocery & Supermarkets,Chennai,Trusted Mobile App (Android),614,1,956.24,0.71,0
TXN-100890,CUST-1003,2025-01-20 13:05:05,786.43,UPI Transfer,Grocery & Supermarkets,Bengaluru,Desktop Web Browser,239,1,582.05,16.22,0
TXN-100620,CUST-1042,2025-01-20 14:53:06,1179.94,POS / In-Store,Grocery & Supermarkets,Jaipur,Trusted Mobile App (Android),1559,2,1687.33,16.2,0
TXN-101012,CUST-1101,2025-01-20 15:31:43,770.56,UPI Transfer,Utilities & Bills,Ahmedabad,Trusted Mobile App (Android),467,3,1281.5,14.25,0
TXN-100070,CUST-1168,2025-01-20 20:17:27,928.07,Online,Utilities & Bills,Chennai,Trusted Mobile App (iOS),1613,1,632.32,6.98,0
TXN-100728,CUST-1117,2025-01-20 20:53:23,241.91,Online,Healthcare & Medical,Hyderabad,Trusted Mobile App (Android),275,1,311.41,2.11,0
TXN-100286,CUST-1145,2025-01-21 05:11:19,347.1,UPI Transfer,Dining & Food,Bengaluru,Desktop Web Browser,566,3,1212.35,13.54,0
TXN-100895,CUST-1029,2025-01-21 11:09:19,660.5,Online,Utilities & Bills,Delhi,Desktop Web Browser,1330,2,189.6,0.74,0
TXN-100350,CUST-1105,2025-01-21 13:12:36,486.82,Online,Utilities & Bills,Pune,Desktop Web Browser,1526,1,924.91,15.41,0
TXN-100216,CUST-1111,2025-01-21 15:14:14,546.23,POS / In-Store,Dining & Food,Mumbai,Trusted Mobile App (iOS),1226,2,204.61,9.58,0
TXN-100402,CUST-1093,2025-01-21 15:16:49,670.34,UPI Transfer,Healthcare & Medical,Kolkata,Trusted Mobile App (iOS),539,1,814.02,7.91,0
TXN-100518,CUST-1012,2025-01-21 16:01:38,1651.55,UPI Transfer,Dining & Food,Pune,Trusted Mobile App (Android),599,1,851.26,5.96,0
TXN-100243,CUST-1027,2025-01-21 16:08:14,933.8,POS / In-Store,Dining & Food,Kolkata,Trusted Mobile App (iOS),1402,1,741.32,14.73,0
TXN-100020,CUST-1080,2025-01-21 16:36:36,1899.56,POS / In-Store,Dining & Food,Mumbai,Trusted Mobile App (iOS),1479,1,822.56,17.27,0
TXN-101005,CUST-1125,2025-01-21 17:48:01,2127.36,Online,Dining & Food,Ahmedabad,Trusted Mobile App (Android),677,1,3734.91,56.04,0
TXN-101036,CUST-1053,2025-01-21 21:25:37,1362.51,Online,Dining & Food,Delhi,Desktop Web Browser,1129,3,1127.7,2.63,0
TXN-101187,CUST-1102,2025-01-22 03:11:09,96301.76,Wire Transfer,Electronics & Gadgets,Bengaluru,Mobile Web Browser,322,11,1726.16,679.82,1
TXN-101195,CUST-1119,2025-01-22 03:55:49,162550.51,Online,Crypto & Digital Assets,Bengaluru,Mobile Web Browser,1211,5,1364.81,298.75,1
TXN-100495,CUST-1129,2025-01-22 11:25:04,1055.51,POS / In-Store,Dining & Food,Jaipur,Trusted Mobile App (Android),301,2,1587.72,8.39,0
TXN-100229,CUST-1131,2025-01-22 15:49:05,1262.62,Online,Healthcare & Medical,Kolkata,Trusted Mobile App (Android),353,3,1173.52,17.84,0
TXN-100583,CUST-1035,2025-01-22 21:26:24,1698.39,POS / In-Store,Dining & Food,Mumbai,Trusted Mobile App (Android),851,3,1047.27,6.51,0
TXN-100756,CUST-1102,2025-01-22 22:10:53,853.48,POS / In-Store,Dining & Food,Pune,Trusted Mobile App (iOS),367,1,1997.18,12.05,0
TXN-100967,CUST-1086,2025-01-23 00:23:20,558.01,Online,Healthcare & Medical,Kochi,Trusted Mobile App (Android),527,2,272.34,7.03,0
TXN-101066,CUST-1117,2025-01-23 08:17:26,330.99,Online,Grocery & Supermarkets,Hyderabad,Trusted Mobile App (Android),275,2,445.13,7.22,0
TXN-100253,CUST-1112,2025-01-23 08:19:11,844.43,Online,Dining & Food,Ahmedabad,Desktop Web Browser,1776,3,1026.29,12.02,0
TXN-100068,CUST-1105,2025-01-23 08:19:57,924.91,Online,Healthcare & Medical,Delhi,Desktop Web Browser,1526,2,754.16,25.35,0
TXN-101011,CUST-1057,2025-01-23 08:36:52,520.76,Online,Healthcare & Medical,Chennai,Desktop Web Browser,1590,2,305.49,1.65,0
TXN-101099,CUST-1172,2025-01-23 14:45:18,1740.71,Online,Utilities & Bills,Delhi,Trusted Mobile App (Android),395,1,1357.41,13.52,0
TXN-100865,CUST-1031,2025-01-23 22:41:27,1198.52,POS / In-Store,Healthcare & Medical,Hyderabad,Trusted Mobile App (iOS),976,2,1773.19,9.42,0
TXN-100779,CUST-1017,2025-01-24 11:50:08,486.58,UPI Transfer,Healthcare & Medical,Mumbai,Desktop Web Browser,970,3,546.11,9.82,0
TXN-100905,CUST-1155,2025-01-24 13:12:30,855.7,POS / In-Store,Utilities & Bills,Hyderabad,Desktop Web Browser,240,2,1399.32,16.7,0
TXN-100132,CUST-1058,2025-01-24 13:35:24,674.35,UPI Transfer,Utilities & Bills,Bengaluru,Desktop Web Browser,247,2,830.63,4.64,0
TXN-100660,CUST-1154,2025-01-24 17:21:04,1786.76,POS / In-Store,Dining & Food,Mumbai,Trusted Mobile App (Android),460,2,910.08,13.4,0
TXN-100571,CUST-1017,2025-01-24 20:10:53,546.11,POS / In-Store,Grocery & Supermarkets,Mumbai,Desktop Web Browser,970,1,228.52,10.18,0
TXN-100716,CUST-1036,2025-01-24 21:26:40,1519.59,UPI Transfer,Utilities & Bills,Chennai,Trusted Mobile App (iOS),462,2,1428.97,0.62,0
TXN-100759,CUST-1071,2025-01-24 21:31:44,1122.78,Online,Grocery & Supermarkets,Chennai,Desktop Web Browser,1272,2,570.26,13.78,0
TXN-100331,CUST-1098,2025-01-24 22:44:41,681.58,UPI Transfer,Healthcare & Medical,Jaipur,Trusted Mobile App (iOS),133,3,970.77,12.67,0
TXN-100894,CUST-1069,2025-01-24 22:51:44,1021.27,UPI Transfer,Healthcare & Medical,Bengaluru,Trusted Mobile App (iOS),1381,1,435.83,2.73,0
TXN-100726,CUST-1167,2025-01-25 07:29:34,546.75,POS / In-Store,Dining & Food,Hyderabad,Trusted Mobile App (Android),702,2,669.19,4.63,0
TXN-100031,CUST-1137,2025-01-25 08:35:09,885.83,UPI Transfer,Grocery & Supermarkets,Delhi,Trusted Mobile App (iOS),1550,1,369.0,17.02,0
TXN-100757,CUST-1151,2025-01-25 11:16:17,480.35,UPI Transfer,Dining & Food,Hyderabad,Desktop Web Browser,1161,3,636.8,68.46,0
TXN-100880,CUST-1152,2025-01-25 11:42:46,679.87,Online,Utilities & Bills,Bengaluru,Trusted Mobile App (Android),291,3,1298.98,7.13,0
TXN-100685,CUST-1038,2025-01-25 13:55:13,605.93,UPI Transfer,Dining & Food,Hyderabad,Desktop Web Browser,1052,3,384.21,15.11,0
TXN-100430,CUST-1006,2025-01-25 15:47:41,599.47,Online,Grocery & Supermarkets,Delhi,Trusted Mobile App (iOS),506,1,1111.96,1.9,0
TXN-100870,CUST-1022,2025-01-25 18:34:26,354.3,Online,Utilities & Bills,Mumbai,Desktop Web Browser,496,1,353.02,17.6,0
TXN-100769,CUST-1016,2025-01-25 20:32:07,868.33,Online,Dining & Food,Kolkata,Desktop Web Browser,571,2,1339.66,37.12,0
TXN-100971,CUST-1121,2025-01-25 21:26:06,747.25,UPI Transfer,Grocery & Supermarkets,Kochi,Desktop Web Browser,1100,2,395.25,11.79,0
TXN-101143,CUST-1046,2025-01-26 01:26:30,249664.61,ATM Withdrawal,Crypto & Digital Assets,Bengaluru,Mobile Web Browser,1781,10,1519.6,160.92,1
TXN-100751,CUST-1178,2025-01-26 07:38:25,751.39,UPI Transfer,Healthcare & Medical,Kochi,Trusted Mobile App (iOS),551,2,1243.13,16.28,0
TXN-100689,CUST-1146,2025-01-26 08:51:32,671.89,Online,Healthcare & Medical,Bengaluru,Desktop Web Browser,934,1,1236.87,6.16,0
TXN-100133,CUST-1142,2025-01-26 09:04:39,1027.7,POS / In-Store,Healthcare & Medical,Chennai,Trusted Mobile App (iOS),219,2,759.42,17.99,0
TXN-100945,CUST-1092,2025-01-26 10:21:32,1022.56,Online,Grocery & Supermarkets,Delhi,Trusted Mobile App (iOS),854,3,732.16,13.48,0
TXN-100045,CUST-1141,2025-01-26 10:33:57,609.27,POS / In-Store,Dining & Food,Chennai,Desktop Web Browser,1030,3,812.11,12.72,0
TXN-100600,CUST-1146,2025-01-26 14:57:04,1236.87,UPI Transfer,Utilities & Bills,Bengaluru,Desktop Web Browser,934,1,513.63,14.31,0
TXN-100523,CUST-1146,2025-01-26 21:06:37,1395.19,UPI Transfer,Healthcare & Medical,Bengaluru,Desktop Web Browser,934,1,805.96,12.48,0
TXN-100735,CUST-1156,2025-01-26 21:48:15,565.27,UPI Transfer,Grocery & Supermarkets,Kolkata,Desktop Web Browser,862,3,361.29,8.36,0
TXN-100933,CUST-1122,2025-01-26 22:35:13,1686.45,Online,Utilities & Bills,Kolkata,Trusted Mobile App (Android),448,2,1735.64,6.61,0
TXN-100470,CUST-1038,2025-01-26 22:36:44,976.69,UPI Transfer,Healthcare & Medical,Hyderabad,Desktop Web Browser,1052,3,401.3,10.09,0
TXN-100798,CUST-1029,2025-01-26 22:47:30,189.6,Online,Dining & Food,Delhi,Desktop Web Browser,1330,2,1074.35,17.21,0
TXN-101091,CUST-1180,2025-01-27 09:09:26,490.51,POS / In-Store,Healthcare & Medical,Mumbai,Desktop Web Browser,1681,2,1132.96,10.89,0
TXN-100828,CUST-1086,2025-01-27 13:09:53,426.93,POS / In-Store,Utilities & Bills,Kochi,Trusted Mobile App (Android),527,2,337.31,0.57,0
TXN-100657,CUST-1070,2025-01-27 15:42:46,3195.28,POS / In-Store,Healthcare & Medical,Ahmedabad,Desktop Web Browser,368,1,2829.17,11.78,0
TXN-100375,CUST-1057,2025-01-27 16:40:01,754.02,Online,Dining & Food,Chennai,Desktop Web Browser,1590,1,179.61,12.35,0
TXN-101029,CUST-1025,2025-01-27 17:32:07,1072.17,UPI Transfer,Healthcare & Medical,Kolkata,Trusted Mobile App (Android),1331,2,1356.2,45.76,0
TXN-100789,CUST-1155,2025-01-27 18:29:52,2006.24,UPI Transfer,Utilities & Bills,Hyderabad,Trusted Mobile App (iOS),240,2,1671.7,13.45,0
TXN-100225,CUST-1153,2025-01-27 20:11:29,2397.35,POS / In-Store,Dining & Food,Mumbai,Trusted Mobile App (Android),776,2,2160.79,9.9,0
TXN-100536,CUST-1022,2025-01-27 20:55:34,333.48,UPI Transfer,Dining & Food,Mumbai,Desktop Web Browser,496,2,260.55,14.31,0
TXN-101199,CUST-1106,2025-01-28 02:50:07,199286.19,Wire Transfer,Electronics & Gadgets,Ahmedabad,Unknown Device,1443,6,1095.07,273.36,1
TXN-101019,CUST-1169,2025-01-28 07:15:29,1679.59,Online,Grocery & Supermarkets,Chennai,Trusted Mobile App (Android),1343,1,2060.48,12.68,0
TXN-100280,CUST-1145,2025-01-28 13:53:40,1212.35,Online,Grocery & Supermarkets,Ahmedabad,Desktop Web Browser,566,1,258.34,49.82,0
TXN-100524,CUST-1058,2025-01-28 15:58:29,531.11,UPI Transfer,Healthcare & Medical,Bengaluru,Desktop Web Browser,247,2,870.01,3.71,0
TXN-100623,CUST-1178,2025-01-28 16:08:33,748.8,Online,Grocery & Supermarkets,Kochi,Trusted Mobile App (iOS),551,1,936.4,17.67,0
TXN-100733,CUST-1037,2025-01-28 20:03:10,290.25,POS / In-Store,Healthcare & Medical,Chennai,Desktop Web Browser,674,1,518.31,68.9,0
TXN-100226,CUST-1074,2025-01-28 21:39:45,818.71,Online,Dining & Food,Pune,Desktop Web Browser,1360,2,728.0,6.78,0
TXN-101161,CUST-1118,2025-01-29 02:56:28,45198.15,Online,Crypto & Digital Assets,Bengaluru,Unknown Device,1160,8,230.38,339.94,1
TXN-100423,CUST-1051,2025-01-29 11:30:51,487.29,POS / In-Store,Utilities & Bills,Jaipur,Trusted Mobile App (Android),1163,2,439.38,3.59,0
TXN-100661,CUST-1056,2025-01-29 13:17:01,1259.48,UPI Transfer,Utilities & Bills,Bengaluru,Trusted Mobile App (Android),36,3,1085.11,4.95,0
TXN-100269,CUST-1084,2025-01-29 14:22:20,748.63,Online,Grocery & Supermarkets,Ahmedabad,Trusted Mobile App (iOS),1134,2,656.86,1.36,0
TXN-100195,CUST-1135,2025-01-29 15:52:45,1643.21,UPI Transfer,Healthcare & Medical,Jaipur,Trusted Mobile App (Android),1388,3,1698.51,14.41,0
TXN-100359,CUST-1065,2025-01-29 16:13:20,899.99,Online,Dining & Food,Chennai,Trusted Mobile App (iOS),148,3,893.72,1.07,0
TXN-100549,CUST-1068,2025-01-29 20:00:50,604.41,UPI Transfer,Grocery & Supermarkets,Delhi,Desktop Web Browser,1598,1,828.26,14.45,0
TXN-100695,CUST-1077,2025-01-29 20:33:23,340.35,UPI Transfer,Utilities & Bills,Hyderabad,Trusted Mobile App (iOS),722,3,491.51,5.76,0
TXN-101162,CUST-1024,2025-01-30 03:00:05,215171.58,Wire Transfer,Electronics & Gadgets,Jaipur,Unknown Device,719,11,1355.31,236.31,1
TXN-101080,CUST-1075,2025-01-30 03:20:43,1251.09,POS / In-Store,Utilities & Bills,Kolkata,Trusted Mobile App (Android),1089,1,2160.78,11.16,0
TXN-100302,CUST-1107,2025-01-30 10:59:01,1689.46,POS / In-Store,Utilities & Bills,Ahmedabad,Trusted Mobile App (iOS),418,2,1129.91,14.14,0
TXN-100535,CUST-1107,2025-01-30 11:08:15,1182.25,UPI Transfer,Healthcare & Medical,Ahmedabad,Trusted Mobile App (iOS),418,1,668.84,11.85,0
TXN-100827,CUST-1138,2025-01-30 12:16:36,1571.17,POS / In-Store,Healthcare & Medical,Jaipur,Trusted Mobile App (iOS),587,1,1056.15,5.85,0
TXN-101102,CUST-1121,2025-01-30 12:46:45,339.83,Online,Dining & Food,Kochi,Desktop Web Browser,1100,1,747.25,2.81,0
TXN-101132,CUST-1152,2025-01-30 13:17:13,1426.71,POS / In-Store,Healthcare & Medical,Bengaluru,Trusted Mobile App (Android),291,2,679.87,10.36,0
TXN-101023,CUST-1175,2025-01-30 16:39:43,382.78,Online,Utilities & Bills,Kolkata,Desktop Web Browser,1640,1,644.95,3.35,0
TXN-100654,CUST-1062,2025-01-30 16:54:12,742.95,Online,Dining & Food,Jaipur,Trusted Mobile App (iOS),1256,2,739.25,6.08,0
TXN-100691,CUST-1168,2025-01-30 22:51:10,423.58,POS / In-Store,Dining & Food,Chennai,Trusted Mobile App (iOS),1613,2,1116.1,14.61,0
TXN-101114,CUST-1011,2025-01-31 07:14:08,468.93,POS / In-Store,Grocery & Supermarkets,Mumbai,Trusted Mobile App (iOS),1459,2,502.21,12.54,0
TXN-100938,CUST-1029,2025-01-31 08:38:15,556.68,UPI Transfer,Healthcare & Medical,Delhi,Desktop Web Browser,1330,3,615.83,9.31,0
TXN-100278,CUST-1060,2025-01-31 14:17:19,773.76,Online,Healthcare & Medical,Kochi,Trusted Mobile App (iOS),343,2,913.58,14.35,0
TXN-100451,CUST-1136,2025-01-31 15:34:15,148.87,UPI Transfer,Dining & Food,Delhi,Trusted Mobile App (iOS),571,1,200.66,0.51,0
TXN-100604,CUST-1082,2025-01-31 17:41:39,2292.35,POS / In-Store,Dining & Food,Mumbai,Trusted Mobile App (Android),175,3,1140.8,8.79,0
TXN-100344,CUST-1165,2025-01-31 22:54:04,421.12,UPI Transfer,Dining & Food,Ahmedabad,Trusted Mobile App (Android),655,2,360.3,3.39,0
TXN-101007,CUST-1109,2025-02-01 10:09:37,1092.91,Online,Healthcare & Medical,Kochi,Desktop Web Browser,1140,1,1009.05,2.38,0
TXN-100254,CUST-1003,2025-02-01 18:33:55,582.05,UPI Transfer,Dining & Food,Bengaluru,Desktop Web Browser,239,3,503.12,14.89,0
TXN-101192,CUST-1084,2025-02-02 04:43:16,188305.94,ATM Withdrawal,Electronics & Gadgets,Delhi,Unknown Device,1064,11,594.15,814.85,1
TXN-101125,CUST-1032,2025-02-02 10:02:02,578.85,POS / In-Store,Healthcare & Medical,Pune,Trusted Mobile App (Android),1340,1,712.84,9.17,0
TXN-100886,CUST-1115,2025-02-02 14:11:03,693.4,Online,Healthcare & Medical,Bengaluru,Trusted Mobile App (iOS),1248,2,1198.26,15.19,0
TXN-100273,CUST-1013,2025-02-02 14:53:11,1801.08,UPI Transfer,Healthcare & Medical,Bengaluru,Trusted Mobile App (iOS),1593,1,1639.09,13.18,0
TXN-101142,CUST-1162,2025-02-03 04:47:53,151802.97,Wire Transfer,Crypto & Digital Assets,Kochi,Unknown Device,266,7,456.83,709.42,1
TXN-100849,CUST-1055,2025-02-03 09:06:31,647.17,UPI Transfer,Healthcare & Medical,Delhi,Trusted Mobile App (Android),920,2,704.12,13.03,0
TXN-100887,CUST-1098,2025-02-03 10:21:46,1065.72,Online,Utilities & Bills,Jaipur,Trusted Mobile App (iOS),133,2,645.95,4.87,0
TXN-100353,CUST-1149,2025-02-03 11:06:08,601.95,POS / In-Store,Healthcare & Medical,Delhi,Desktop Web Browser,335,2,475.26,11.01,0
TXN-100299,CUST-1115,2025-02-03 13:40:27,1446.33,Online,Healthcare & Medical,Bengaluru,Trusted Mobile App (iOS),1248,1,1414.23,4.21,0
TXN-100284,CUST-1082,2025-02-03 18:14:35,1210.63,POS / In-Store,Utilities & Bills,Mumbai,Trusted Mobile App (Android),175,1,962.88,14.75,0
TXN-101042,CUST-1017,2025-02-03 18:41:51,305.55,Online,Utilities & Bills,Mumbai,Desktop Web Browser,970,3,798.39,6.44,0
TXN-100717,CUST-1130,2025-02-03 18:45:16,4979.98,Online,Healthcare & Medical,Kolkata,Trusted Mobile App (iOS),530,1,5470.09,6.81,0
TXN-100101,CUST-1166,2025-02-03 21:28:58,848.24,UPI Transfer,Healthcare & Medical,Hyderabad,Trusted Mobile App (iOS),78,2,1015.55,11.17,0
TXN-100498,CUST-1038,2025-02-04 08:26:46,538.47,POS / In-Store,Dining & Food,Hyderabad,Desktop Web Browser,1052,1,976.69,13.28,0
TXN-100777,CUST-1006,2025-02-04 10:01:48,1030.32,Online,Utilities & Bills,Delhi,Trusted Mobile App (iOS),506,1,379.05,2.9,0
TXN-100454,CUST-1034,2025-02-04 13:06:01,1180.28,UPI Transfer,Healthcare & Medical,Kolkata,Trusted Mobile App (iOS),499,3,1154.31,2.23,0
TXN-100277,CUST-1070,2025-02-04 14:01:09,2829.17,UPI Transfer,Utilities & Bills,Ahmedabad,Desktop Web Browser,368,3,2470.91,14.12,0
TXN-100091,CUST-1111,2025-02-04 14:32:49,648.24,UPI Transfer,Grocery & Supermarkets,Mumbai,Trusted Mobile App (iOS),1226,2,404.43,12.19,0
TXN-101075,CUST-1113,2025-02-04 15:16:49,546.55,Online,Grocery & Supermarkets,Jaipur,Trusted Mobile App (iOS),146,1,522.44,2.73,0
TXN-100279,CUST-1045,2025-02-04 17:51:13,999.3,POS / In-Store,Utilities & Bills,Bengaluru,Desktop Web Browser,1040,3,974.75,6.78,0
TXN-100739,CUST-1137,2025-02-04 21:39:53,923.3,POS / In-Store,Healthcare & Medical,Delhi,Trusted Mobile App (iOS),1550,1,687.85,4.1,0
TXN-100917,CUST-1127,2025-02-05 12:12:51,648.98,UPI Transfer,Grocery & Supermarkets,Kochi,Desktop Web Browser,234,2,1575.86,17.01,0
TXN-100365,CUST-1057,2025-02-05 12:26:31,179.61,Online,Utilities & Bills,Chennai,Desktop Web Browser,1590,2,626.24,7.56,0
TXN-100699,CUST-1055,2025-02-05 15:55:11,855.81,UPI Transfer,Grocery & Supermarkets,Delhi,Trusted Mobile App (Android),920,1,506.53,8.09,0
TXN-100392,CUST-1039,2025-02-06 10:42:36,527.52,UPI Transfer,Healthcare & Medical,Pune,Desktop Web Browser,969,2,652.99,14.7,0
TXN-100897,CUST-1131,2025-02-06 10:55:54,1363.03,UPI Transfer,Dining & Food,Kolkata,Trusted Mobile App (Android),353,2,1539.78,12.77,0
TXN-100062,CUST-1163,2025-02-06 11:40:45,1381.11,UPI Transfer,Grocery & Supermarkets,Delhi,Trusted Mobile App (Android),109,3,1621.54,11.48,0
TXN-100458,CUST-1099,2025-02-06 14:36:58,454.03,UPI Transfer,Grocery & Supermarkets,Jaipur,Trusted Mobile App (iOS),221,3,436.05,3.63,0
TXN-101010,CUST-1076,2025-02-06 15:33:57,396.79,Online,Dining & Food,Ahmedabad,Trusted Mobile App (iOS),537,1,298.95,9.58,0
TXN-100292,CUST-1053,2025-02-06 15:42:26,1037.86,POS / In-Store,Healthcare & Medical,Delhi,Desktop Web Browser,1129,1,825.76,4.66,0
TXN-100143,CUST-1081,2025-02-06 22:32:27,519.96,Online,Healthcare & Medical,Mumbai,Trusted Mobile App (iOS),168,3,449.04,15.88,0
TXN-100100,CUST-1167,2025-02-06 22:32:34,838.74,UPI Transfer,Grocery & Supermarkets,Hyderabad,Trusted Mobile App (Android),702,3,823.13,1.58,0
TXN-100577,CUST-1014,2025-02-07 11:43:45,1910.79,Online,Grocery & Supermarkets,Kolkata,Trusted Mobile App (iOS),219,1,522.89,16.45,0
TXN-101131,CUST-1004,2025-02-07 20:37:14,647.26,UPI Transfer,Dining & Food,Jaipur,Trusted Mobile App (iOS),1239,1,847.88,6.93,0
TXN-100771,CUST-1089,2025-02-07 22:39:47,1360.0,Online,Healthcare & Medical,Pune,Trusted Mobile App (Android),897,3,1002.67,4.02,0
TXN-100130,CUST-1126,2025-02-08 09:28:55,1810.94,POS / In-Store,Utilities & Bills,Delhi,Desktop Web Browser,968,3,1491.3,12.98,0
TXN-100272,CUST-1017,2025-02-08 09:35:00,228.52,Online,Grocery & Supermarkets,Mumbai,Desktop Web Browser,970,2,268.84,2.75,0
TXN-100096,CUST-1066,2025-02-08 11:48:11,1245.31,UPI Transfer,Healthcare & Medical,Hyderabad,Mobile Web Browser,191,3,1401.24,1.82,0
TXN-101112,CUST-1138,2025-02-08 12:47:47,2002.54,UPI Transfer,Dining & Food,Jaipur,Trusted Mobile App (iOS),587,2,1571.17,7.42,0
TXN-100776,CUST-1051,2025-02-08 14:56:52,679.65,Online,Dining & Food,Jaipur,Trusted Mobile App (Android),1163,1,404.65,3.55,0
TXN-100987,CUST-1045,2025-02-08 15:25:15,906.31,Online,Dining & Food,Bengaluru,Desktop Web Browser,1040,3,601.15,14.38,0
TXN-100271,CUST-1034,2025-02-08 18:43:00,1527.41,UPI Transfer,Grocery & Supermarkets,Kolkata,Trusted Mobile App (iOS),499,1,1096.16,11.78,0
TXN-100823,CUST-1037,2025-02-09 12:37:03,534.92,POS / In-Store,Grocery & Supermarkets,Kochi,Desktop Web Browser,674,2,290.25,14.42,0
TXN-100499,CUST-1034,2025-02-09 15:00:26,1139.13,Online,Healthcare & Medical,Kolkata,Trusted Mobile App (iOS),499,1,1405.7,15.47,0
TXN-100722,CUST-1165,2025-02-09 19:59:30,512.44,UPI Transfer,Healthcare & Medical,Ahmedabad,Trusted Mobile App (Android),655,1,421.12,11.32,0
TXN-100397,CUST-1005,2025-02-09 20:52:45,1397.54,POS / In-Store,Grocery & Supermarkets,Pune,Trusted Mobile App (iOS),91,3,1650.35,2.19,0
TXN-100711,CUST-1061,2025-02-10 07:22:41,629.16,POS / In-Store,Grocery & Supermarkets,Kolkata,Trusted Mobile App (iOS),1134,1,244.87,6.75,0
TXN-100792,CUST-1107,2025-02-10 07:23:08,772.13,POS / In-Store,Grocery & Supermarkets,Ahmedabad,Trusted Mobile App (iOS),418,2,1154.36,15.79,0
TXN-101096,CUST-1025,2025-02-10 12:01:31,897.9,POS / In-Store,Dining & Food,Chennai,Trusted Mobile App (Android),1331,1,675.91,1.2,0
TXN-100073,CUST-1142,2025-02-10 14:21:23,759.42,UPI Transfer,Dining & Food,Chennai,Trusted Mobile App (iOS),219,1,427.58,14.3,0
TXN-100231,CUST-1061,2025-02-10 18:55:11,242.08,Online,Dining & Food,Kolkata,Trusted Mobile App (iOS),1134,1,195.72,11.57,0
TXN-101123,CUST-1177,2025-02-10 22:34:19,2875.02,UPI Transfer,Healthcare & Medical,Jaipur,Trusted Mobile App (iOS),818,3,1177.73,17.29,0
TXN-100250,CUST-1068,2025-02-11 08:50:05,863.48,UPI Transfer,Healthcare & Medical,Delhi,Desktop Web Browser,1598,3,779.93,5.51,0
TXN-100965,CUST-1097,2025-02-11 13:43:21,1449.7,Online,Utilities & Bills,Hyderabad,Trusted Mobile App (iOS),937,2,1925.81,0.75,0
TXN-100960,CUST-1135,2025-02-11 15:11:04,1613.86,UPI Transfer,Dining & Food,Jaipur,Desktop Web Browser,1388,1,2898.57,2.12,0
TXN-100274,CUST-1091,2025-02-11 16:38:58,1425.57,POS / In-Store,Dining & Food,Mumbai,Desktop Web Browser,1368,3,839.26,8.31,0
TXN-100991,CUST-1019,2025-02-11 18:09:51,811.82,Online,Utilities & Bills,Delhi,Desktop Web Browser,630,1,450.66,2.64,0
TXN-100675,CUST-1154,2025-02-11 20:36:47,714.08,UPI Transfer,Dining & Food,Mumbai,Trusted Mobile App (Android),460,1,1786.76,12.35,0
TXN-100609,CUST-1023,2025-02-11 21:47:44,370.8,UPI Transfer,Healthcare & Medical,Ahmedabad,Trusted Mobile App (iOS),1781,1,574.84,35.87,0
TXN-100415,CUST-1091,2025-02-12 10:35:31,905.54,Online,Healthcare & Medical,Mumbai,Desktop Web Browser,1368,3,1425.57,17.07,0
TXN-100558,CUST-1111,2025-02-12 10:58:17,220.56,Online,Utilities & Bills,Mumbai,Trusted Mobile App (iOS),1226,2,546.23,5.03,0
TXN-101110,CUST-1105,2025-02-12 12:34:46,1801.72,Online,Grocery & Supermarkets,Pune,Desktop Web Browser,1526,3,1059.86,11.44,0
TXN-100784,CUST-1102,2025-02-12 19:36:14,1089.08,Online,Dining & Food,Pune,Trusted Mobile App (iOS),367,1,853.48,15.24,0
TXN-100076,CUST-1129,2025-02-13 00:29:48,755.31,POS / In-Store,Utilities & Bills,Jaipur,Trusted Mobile App (Android),301,2,1048.89,14.21,0
TXN-101118,CUST-1024,2025-02-13 03:46:25,1355.31,UPI Transfer,Grocery & Supermarkets,Hyderabad,Trusted Mobile App (Android),808,2,373.02,8.96,0
TXN-101189,CUST-1138,2025-02-13 04:31:18,170139.47,Online,Crypto & Digital Assets,Ahmedabad,New Emulated Device,551,11,2002.54,328.99,1
TXN-100038,CUST-1140,2025-02-13 15:52:16,1250.25,POS / In-Store,Utilities & Bills,Kolkata,Trusted Mobile App (iOS),1437,2,1134.13,1.54,0
TXN-100320,CUST-1023,2025-02-13 16:26:35,574.84,UPI Transfer,Healthcare & Medical,Chennai,Trusted Mobile App (iOS),1781,1,345.35,6.3,0
TXN-100326,CUST-1064,2025-02-13 18:19:28,1526.44,Online,Grocery & Supermarkets,Delhi,Trusted Mobile App (Android),1733,1,1025.31,7.21,0
TXN-100637,CUST-1128,2025-02-14 11:01:27,624.95,POS / In-Store,Grocery & Supermarkets,Delhi,Desktop Web Browser,466,1,1036.11,1.42,0
TXN-101065,CUST-1134,2025-02-14 13:07:31,578.66,Online,Healthcare & Medical,Jaipur,Trusted Mobile App (iOS),1397,3,846.59,14.79,0
TXN-100190,CUST-1085,2025-02-14 14:31:52,858.45,UPI Transfer,Healthcare & Medical,Bengaluru,Desktop Web Browser,1199,2,1085.32,17.01,0
TXN-100766,CUST-1106,2025-02-15 07:29:50,1095.07,POS / In-Store,Grocery & Supermarkets,Jaipur,Desktop Web Browser,1501,2,1003.46,14.42,0
TXN-100797,CUST-1053,2025-02-15 09:29:32,1897.18,UPI Transfer,Healthcare & Medical,Delhi,Desktop Web Browser,1129,1,1037.86,9.57,0
TXN-100755,CUST-1057,2025-02-15 11:43:16,644.58,Online,Dining & Food,Mumbai,Trusted Mobile App (Android),1590,3,561.26,35.44,0
TXN-100416,CUST-1052,2025-02-15 15:13:59,575.51,UPI Transfer,Dining & Food,Mumbai,Desktop Web Browser,1506,1,981.52,15.11,0
TXN-100995,CUST-1099,2025-02-15 16:01:21,481.21,UPI Transfer,Dining & Food,Jaipur,Mobile Web Browser,221,2,431.35,15.48,0
TXN-100067,CUST-1173,2025-02-15 17:58:20,932.47,UPI Transfer,Utilities & Bills,Kochi,Trusted Mobile App (Android),108,3,923.37,11.83,0
TXN-100846,CUST-1114,2025-02-15 19:47:43,822.16,UPI Transfer,Grocery & Supermarkets,Jaipur,Trusted Mobile App (iOS),1773,3,1844.22,1.92,0
TXN-100115,CUST-1074,2025-02-16 08:15:01,1884.04,Online,Healthcare & Medical,Pune,Desktop Web Browser,1360,3,1175.51,14.39,0
TXN-100627,CUST-1157,2025-02-16 09:06:28,805.64,POS / In-Store,Dining & Food,Kochi,Desktop Web Browser,346,2,871.31,13.86,0
TXN-100248,CUST-1029,2025-02-16 09:33:20,567.45,UPI Transfer,Dining & Food,Delhi,Desktop Web Browser,1330,2,603.91,0.71,0
TXN-100527,CUST-1106,2025-02-16 12:30:29,556.79,POS / In-Store,Healthcare & Medical,Jaipur,Desktop Web Browser,1501,2,1132.09,6.46,0
TXN-101038,CUST-1169,2025-02-16 13:30:32,1729.74,POS / In-Store,Healthcare & Medical,Chennai,Trusted Mobile App (Android),1343,2,1679.59,5.57,0
TXN-100774,CUST-1055,2025-02-16 17:51:34,704.12,Online,Utilities & Bills,Delhi,Trusted Mobile App (Android),920,1,855.81,4.09,0
TXN-100144,CUST-1118,2025-02-16 18:03:36,199.74,POS / In-Store,Healthcare & Medical,Kochi,Trusted Mobile App (iOS),1215,2,290.89,9.16,0
TXN-100974,CUST-1111,2025-02-16 19:12:52,473.34,POS / In-Store,Healthcare & Medical,Mumbai,Trusted Mobile App (iOS),1226,1,932.46,7.38,0
TXN-100593,CUST-1086,2025-02-16 22:47:32,337.31,POS / In-Store,Dining & Food,Kochi,Trusted Mobile App (Android),527,2,544.89,67.91,0
TXN-100006,CUST-1012,2025-02-17 13:02:56,866.84,POS / In-Store,Dining & Food,Pune,Trusted Mobile App (Android),599,3,939.86,13.95,0
TXN-100094,CUST-1028,2025-02-17 19:33:13,1143.14,Online,Utilities & Bills,Chennai,Desktop Web Browser,1429,1,665.13,15.73,0
TXN-100208,CUST-1065,2025-02-17 22:38:34,893.72,Online,Healthcare & Medical,Chennai,Trusted Mobile App (iOS),148,2,911.86,8.51,0
TXN-100553,CUST-1073,2025-02-18 07:39:15,1015.5,Online,Grocery & Supermarkets,Hyderabad,Desktop Web Browser,668,3,1661.93,16.92,0
TXN-100424,CUST-1077,2025-02-18 08:25:25,491.51,UPI Transfer,Healthcare & Medical,Hyderabad,Trusted Mobile App (iOS),722,3,217.34,3.36,0
TXN-101106,CUST-1084,2025-02-18 10:11:00,594.15,POS / In-Store,Healthcare & Medical,Ahmedabad,Trusted Mobile App (iOS),1134,3,1549.26,6.08,0
TXN-100074,CUST-1139,2025-02-18 10:42:59,553.31,Online,Utilities & Bills,Chennai,Desktop Web Browser,461,1,292.83,2.81,0
TXN-100496,CUST-1024,2025-02-18 12:45:04,893.09,POS / In-Store,Utilities & Bills,Hyderabad,Trusted Mobile App (iOS),808,1,884.37,2.1,0
TXN-101128,CUST-1155,2025-02-18 13:59:37,2078.21,Online,Healthcare & Medical,Hyderabad,Trusted Mobile App (Android),240,1,1874.88,13.57,0
TXN-100645,CUST-1063,2025-02-18 16:37:52,709.01,Online,Utilities & Bills,Kolkata,Trusted Mobile App (Android),69,1,573.29,12.54,0
TXN-101122,CUST-1127,2025-02-18 17:53:58,475.28,UPI Transfer,Grocery & Supermarkets,Kochi,Desktop Web Browser,234,2,1123.03,6.13,0
TXN-100891,CUST-1169,2025-02-18 19:23:44,913.52,UPI Transfer,Grocery & Supermarkets,Chennai,Trusted Mobile App (Android),1343,2,4319.45,8.0,0
TXN-100414,CUST-1068,2025-02-18 19:43:51,828.26,Online,Healthcare & Medical,Delhi,Desktop Web Browser,1598,2,1240.09,6.48,0
TXN-100555,CUST-1048,2025-02-19 09:40:48,533.97,POS / In-Store,Utilities & Bills,Bengaluru,Desktop Web Browser,894,2,665.96,17.92,0
TXN-100874,CUST-1022,2025-02-19 11:34:42,349.27,POS / In-Store,Dining & Food,Mumbai,Desktop Web Browser,496,3,354.3,11.52,0
TXN-100400,CUST-1035,2025-02-19 14:58:23,765.46,UPI Transfer,Utilities & Bills,Mumbai,Trusted Mobile App (Android),851,1,1354.56,5.46,0
TXN-100690,CUST-1103,2025-02-19 19:05:59,523.31,UPI Transfer,Utilities & Bills,Pune,Trusted Mobile App (iOS),829,3,548.59,4.14,0
TXN-100834,CUST-1110,2025-02-19 19:37:55,286.59,POS / In-Store,Grocery & Supermarkets,Mumbai,Desktop Web Browser,672,1,468.29,7.7,0
TXN-100951,CUST-1118,2025-02-20 02:06:23,475.33,Online,Healthcare & Medical,Ahmedabad,Trusted Mobile App (iOS),1215,1,469.17,55.77,0
TXN-101055,CUST-1108,2025-02-20 08:08:38,902.33,POS / In-Store,Grocery & Supermarkets,Chennai,Trusted Mobile App (iOS),149,1,1182.14,14.79,0
TXN-100852,CUST-1058,2025-02-20 09:07:55,980.48,POS / In-Store,Utilities & Bills,Bengaluru,Trusted Mobile App (iOS),247,1,531.11,13.46,0
TXN-100743,CUST-1083,2025-02-20 10:03:39,638.48,UPI Transfer,Healthcare & Medical,Jaipur,Trusted Mobile App (iOS),600,1,367.71,13.66,0
TXN-101000,CUST-1014,2025-02-20 10:13:56,513.99,UPI Transfer,Utilities & Bills,Kolkata,Trusted Mobile App (iOS),219,3,1145.5,1.34,0
TXN-100413,CUST-1030,2025-02-20 14:43:37,1424.87,UPI Transfer,Grocery & Supermarkets,Bengaluru,Desktop Web Browser,1523,3,1082.12,14.5,0
TXN-100676,CUST-1075,2025-02-20 21:58:26,2160.78,Online,Grocery & Supermarkets,Kolkata,Trusted Mobile App (Android),1089,2,1787.2,10.7,0
TXN-100543,CUST-1145,2025-02-20 22:37:10,548.78,UPI Transfer,Healthcare & Medical,Bengaluru,Trusted Mobile App (iOS),566,1,423.12,1.4,0
TXN-100840,CUST-1016,2025-02-21 07:42:34,885.43,POS / In-Store,Grocery & Supermarkets,Kolkata,Desktop Web Browser,571,2,868.33,17.78,0
TXN-100383,CUST-1051,2025-02-21 09:46:44,439.38,Online,Healthcare & Medical,Jaipur,Trusted Mobile App (Android),1163,3,483.71,0.83,0
TXN-100336,CUST-1076,2025-02-21 10:52:42,189.1,POS / In-Store,Utilities & Bills,Ahmedabad,Trusted Mobile App (iOS),537,2,175.71,1.19,0
TXN-100472,CUST-1019,2025-02-21 17:43:52,419.25,UPI Transfer,Utilities & Bills,Delhi,Desktop Web Browser,630,1,575.61,26.19,0
TXN-100075,CUST-1045,2025-02-21 20:33:08,1862.86,UPI Transfer,Grocery & Supermarkets,Bengaluru,Desktop Web Browser,1040,2,954.97,1.61,0
TXN-100421,CUST-1141,2025-02-21 22:39:55,869.56,UPI Transfer,Utilities & Bills,Chennai,Desktop Web Browser,1030,2,353.14,3.72,0
TXN-100159,CUST-1179,2025-02-22 14:15:52,360.68,Online,Grocery & Supermarkets,Mumbai,Desktop Web Browser,923,1,437.38,16.34,0
TXN-100927,CUST-1027,2025-02-22 15:23:10,593.14,POS / In-Store,Grocery & Supermarkets,Kolkata,Trusted Mobile App (iOS),1402,1,1090.06,16.83,0
TXN-100901,CUST-1029,2025-02-22 18:45:39,615.83,Online,Grocery & Supermarkets,Delhi,Desktop Web Browser,1330,1,660.5,6.1,0
TXN-100916,CUST-1084,2025-02-22 19:09:06,1549.26,Online,Healthcare & Medical,Ahmedabad,Trusted Mobile App (iOS),1134,1,889.84,13.27,0
TXN-101108,CUST-1075,2025-02-22 20:03:56,1991.31,UPI Transfer,Healthcare & Medical,Kolkata,Trusted Mobile App (Android),1089,2,1251.09,6.16,0
TXN-100825,CUST-1052,2025-02-22 22:05:47,573.86,UPI Transfer,Healthcare & Medical,Kolkata,Desktop Web Browser,1506,3,556.8,41.9,0
TXN-100207,CUST-1036,2025-02-22 22:09:11,1428.97,UPI Transfer,Grocery & Supermarkets,Chennai,Trusted Mobile App (iOS),462,2,1606.34,8.11,0
TXN-100514,CUST-1009,2025-02-22 22:56:10,1290.74,POS / In-Store,Utilities & Bills,Jaipur,Trusted Mobile App (Android),481,1,869.95,8.41,0
TXN-101146,CUST-1045,2025-02-23 02:44:30,149198.73,ATM Withdrawal,Crypto & Digital Assets,Kochi,Mobile Web Browser,1005,9,709.13,418.75,1
TXN-100899,CUST-1010,2025-02-23 04:17:15,219.58,Online,Healthcare & Medical,Pune,Desktop Web Browser,599,2,250.69,20.97,0
TXN-101039,CUST-1171,2025-02-23 10:29:16,864.7,UPI Transfer,Grocery & Supermarkets,Jaipur,Trusted Mobile App (Android),86,3,412.45,7.93,0
TXN-101041,CUST-1118,2025-02-23 12:22:58,425.29,POS / In-Store,Healthcare & Medical,Kochi,Trusted Mobile App (iOS),1215,3,475.33,15.57,0
TXN-100011,CUST-1062,2025-02-23 16:15:00,1043.27,Online,Dining & Food,Jaipur,Trusted Mobile App (iOS),1256,1,618.89,6.09,0
TXN-100873,CUST-1092,2025-02-23 20:04:27,473.13,Online,Healthcare & Medical,Delhi,Trusted Mobile App (iOS),854,2,910.05,5.06,0
TXN-100519,CUST-1074,2025-02-23 21:42:49,2948.4,Online,Grocery & Supermarkets,Pune,Desktop Web Browser,1360,1,818.71,3.11,0
TXN-100650,CUST-1087,2025-02-23 22:27:22,481.47,UPI Transfer,Utilities & Bills,Ahmedabad,Trusted Mobile App (Android),419,2,300.72,14.42,0
TXN-100026,CUST-1088,2025-02-24 07:18:10,1127.19,Online,Grocery & Supermarkets,Delhi,Trusted Mobile App (iOS),1379,1,876.68,5.33,0
TXN-100305,CUST-1080,2025-02-24 10:55:36,403.81,UPI Transfer,Utilities & Bills,Mumbai,Trusted Mobile App (iOS),1479,3,1899.56,5.76,0
TXN-100422,CUST-1103,2025-02-24 11:36:05,638.67,Online,Healthcare & Medical,Pune,Trusted Mobile App (iOS),829,2,786.83,14.75,0
TXN-101094,CUST-1133,2025-02-24 17:06:04,335.75,UPI Transfer,Healthcare & Medical,Chennai,Desktop Web Browser,1682,1,175.67,3.4,0
TXN-100925,CUST-1027,2025-02-24 17:07:58,1090.06,Online,Dining & Food,Kolkata,Trusted Mobile App (iOS),1402,1,624.32,16.68,0
TXN-101003,CUST-1126,2025-02-24 22:14:07,1374.52,UPI Transfer,Dining & Food,Delhi,Trusted Mobile App (iOS),968,3,1232.65,13.91,0
TXN-101186,CUST-1006,2025-02-25 04:15:44,221576.28,Wire Transfer,Electronics & Gadgets,Ahmedabad,Unknown Device,494,6,915.69,792.46,1
TXN-100122,CUST-1049,2025-02-25 08:55:24,1206.58,UPI Transfer,Healthcare & Medical,Kochi,Trusted Mobile App (iOS),818,3,697.91,5.28,0
TXN-100727,CUST-1077,2025-02-25 11:45:53,385.87,POS / In-Store,Dining & Food,Hyderabad,Trusted Mobile App (iOS),722,2,340.35,13.41,0
TXN-100649,CUST-1055,2025-02-25 16:36:26,506.53,Online,Grocery & Supermarkets,Delhi,Trusted Mobile App (Android),920,3,1867.36,4.45,0
TXN-100893,CUST-1049,2025-02-25 19:26:44,692.45,Online,Healthcare & Medical,Kochi,Trusted Mobile App (iOS),818,3,1320.67,16.27,0
TXN-100924,CUST-1168,2025-02-25 19:43:00,596.21,Online,Grocery & Supermarkets,Chennai,Trusted Mobile App (iOS),1613,1,423.58,14.9,0
TXN-100032,CUST-1147,2025-02-25 21:21:02,978.94,Online,Grocery & Supermarkets,Jaipur,Mobile Web Browser,905,2,1038.25,1.4,0
TXN-101095,CUST-1044,2025-02-26 00:24:31,869.51,Online,Utilities & Bills,Pune,Trusted Mobile App (Android),479,1,712.11,11.11,0
TXN-100908,CUST-1034,2025-02-26 08:50:47,830.81,POS / In-Store,Grocery & Supermarkets,Hyderabad,Trusted Mobile App (iOS),499,1,1342.75,60.74,0
TXN-100612,CUST-1098,2025-02-26 08:52:46,1142.37,POS / In-Store,Healthcare & Medical,Jaipur,Trusted Mobile App (iOS),133,1,843.66,15.11,0
TXN-100632,CUST-1105,2025-02-26 10:14:39,619.97,UPI Transfer,Utilities & Bills,Pune,Desktop Web Browser,1526,1,454.77,15.49,0
TXN-100327,CUST-1077,2025-02-26 17:27:20,217.34,UPI Transfer,Utilities & Bills,Hyderabad,Trusted Mobile App (iOS),722,1,295.77,17.92,0
TXN-100990,CUST-1105,2025-02-26 18:25:09,1059.86,Online,Utilities & Bills,Pune,Desktop Web Browser,1526,1,700.62,3.65,0
TXN-100479,CUST-1005,2025-02-26 19:14:41,2005.47,UPI Transfer,Healthcare & Medical,Jaipur,Trusted Mobile App (iOS),91,3,1397.54,73.71,0
TXN-100531,CUST-1137,2025-02-26 21:12:13,591.47,POS / In-Store,Utilities & Bills,Delhi,Trusted Mobile App (iOS),1550,2,765.64,15.85,0
TXN-100439,CUST-1035,2025-02-26 21:39:42,1047.27,UPI Transfer,Grocery & Supermarkets,Mumbai,Trusted Mobile App (Android),851,1,2017.5,12.76,0
TXN-100888,CUST-1124,2025-02-27 07:47:08,225.37,UPI Transfer,Healthcare & Medical,Pune,Trusted Mobile App (iOS),1405,1,597.99,7.39,0
TXN-100494,CUST-1109,2025-02-27 08:44:43,1449.85,UPI Transfer,Grocery & Supermarkets,Kochi,Desktop Web Browser,1140,3,1452.49,2.99,0
TXN-100787,CUST-1022,2025-02-27 09:50:09,353.02,UPI Transfer,Grocery & Supermarkets,Mumbai,Desktop Web Browser,496,3,321.2,4.49,0
TXN-100847,CUST-1099,2025-02-27 11:55:02,290.85,POS / In-Store,Grocery & Supermarkets,Jaipur,Trusted Mobile App (iOS),221,1,338.4,10.51,0
TXN-101072,CUST-1139,2025-02-27 19:02:38,472.88,POS / In-Store,Grocery & Supermarkets,Chennai,Desktop Web Browser,461,1,353.99,6.83,0
TXN-100923,CUST-1140,2025-02-27 20:09:05,1154.18,UPI Transfer,Dining & Food,Kolkata,Trusted Mobile App (iOS),1437,2,1183.45,4.43,0
TXN-101052,CUST-1133,2025-02-27 22:14:18,175.67,UPI Transfer,Utilities & Bills,Chennai,Desktop Web Browser,1682,2,366.29,9.96,0
TXN-100639,CUST-1052,2025-02-27 22:32:08,763.65,POS / In-Store,Grocery & Supermarkets,Mumbai,Desktop Web Browser,1506,1,649.08,6.51,0
TXN-100366,CUST-1093,2025-02-27 22:35:20,814.02,POS / In-Store,Utilities & Bills,Kolkata,Trusted Mobile App (iOS),539,2,551.97,17.67,0
TXN-100167,CUST-1085,2025-02-28 07:16:10,1085.32,Online,Healthcare & Medical,Bengaluru,Desktop Web Browser,1199,2,1211.54,12.62,0
TXN-100463,CUST-1002,2025-02-28 07:39:27,721.57,POS / In-Store,Utilities & Bills,Chennai,Trusted Mobile App (iOS),487,3,392.59,6.01,0
TXN-100137,CUST-1161,2025-02-28 09:32:53,2055.28,Online,Utilities & Bills,Pune,Desktop Web Browser,1799,3,1570.39,10.86,0
TXN-100219,CUST-1018,2025-02-28 10:01:55,513.13,Online,Dining & Food,Jaipur,Trusted Mobile App (iOS),805,3,668.86,11.84,0
TXN-100374,CUST-1176,2025-02-28 16:48:45,2485.17,UPI Transfer,Dining & Food,Pune,Trusted Mobile App (Android),1271,3,2917.44,41.73,0
TXN-100186,CUST-1086,2025-02-28 20:57:30,513.12,POS / In-Store,Healthcare & Medical,Kochi,Trusted Mobile App (iOS),527,1,360.63,16.9,0
TXN-100903,CUST-1086,2025-03-01 07:43:18,272.34,POS / In-Store,Utilities & Bills,Kochi,Trusted Mobile App (Android),527,3,426.93,15.58,0
TXN-100268,CUST-1116,2025-03-01 10:05:05,1485.51,POS / In-Store,Grocery & Supermarkets,Delhi,Desktop Web Browser,1795,1,759.71,12.51,0
TXN-100900,CUST-1135,2025-03-01 14:14:29,2898.57,POS / In-Store,Grocery & Supermarkets,Jaipur,Trusted Mobile App (Android),1388,2,4070.23,8.89,0
TXN-100204,CUST-1002,2025-03-01 15:06:49,517.92,POS / In-Store,Healthcare & Medical,Chennai,Trusted Mobile App (iOS),487,1,731.74,3.78,0
TXN-100509,CUST-1018,2025-03-01 17:49:26,1193.17,POS / In-Store,Grocery & Supermarkets,Jaipur,Trusted Mobile App (iOS),805,1,513.13,12.5,0
TXN-100681,CUST-1030,2025-03-02 11:31:31,1359.27,UPI Transfer,Utilities & Bills,Bengaluru,Desktop Web Browser,1523,2,784.01,15.11,0
TXN-100083,CUST-1154,2025-03-02 13:09:02,1542.66,POS / In-Store,Utilities & Bills,Mumbai,Trusted Mobile App (Android),460,1,2427.7,4.42,0
TXN-100824,CUST-1120,2025-03-02 13:15:21,263.82,POS / In-Store,Healthcare & Medical,Delhi,Trusted Mobile App (Android),1376,3,506.7,11.1,0
TXN-100381,CUST-1002,2025-03-02 14:45:12,448.8,Online,Utilities & Bills,Chennai,Trusted Mobile App (iOS),487,2,517.92,8.13,0
TXN-100432,CUST-1100,2025-03-02 16:28:18,1444.86,Online,Grocery & Supermarkets,Hyderabad,Trusted Mobile App (iOS),862,3,623.73,2.8,0
TXN-100046,CUST-1041,2025-03-02 20:05:02,1111.85,Online,Dining & Food,Hyderabad,Desktop Web Browser,1179,2,1210.95,15.22,0
TXN-101027,CUST-1153,2025-03-02 20:43:01,3985.94,Online,Utilities & Bills,Mumbai,Trusted Mobile App (Android),776,1,3728.96,14.58,0
TXN-100121,CUST-1011,2025-03-03 06:46:59,545.21,UPI Transfer,Grocery & Supermarkets,Mumbai,Trusted Mobile App (iOS),1459,3,348.83,17.81,0
TXN-100820,CUST-1072,2025-03-03 08:33:14,590.98,Online,Dining & Food,Pune,Trusted Mobile App (iOS),1134,3,1182.33,7.76,0
TXN-100944,CUST-1013,2025-03-03 16:00:01,1204.61,UPI Transfer,Healthcare & Medical,Chennai,Trusted Mobile App (iOS),1593,3,2060.97,72.73,0
TXN-100180,CUST-1148,2025-03-03 17:15:56,1348.02,Online,Healthcare & Medical,Jaipur,Trusted Mobile App (iOS),259,2,715.49,3.01,0
TXN-100647,CUST-1006,2025-03-03 19:20:49,1075.55,POS / In-Store,Dining & Food,Delhi,Trusted Mobile App (iOS),506,2,1305.6,14.65,0
TXN-100602,CUST-1011,2025-03-03 21:16:00,429.06,POS / In-Store,Utilities & Bills,Mumbai,Trusted Mobile App (iOS),1459,2,414.55,4.09,0
TXN-100662,CUST-1029,2025-03-03 22:43:00,1074.35,Online,Utilities & Bills,Delhi,Desktop Web Browser,1330,2,393.62,5.36,0
TXN-101155,CUST-1151,2025-03-04 01:40:45,256799.6,Online,Luxury Goods & Jewelry,Pune,Unknown Device,1119,12,270.61,754.61,1
TXN-101183,CUST-1004,2025-03-04 03:52:36,125593.42,Wire Transfer,Crypto & Digital Assets,Ahmedabad,Mobile Web Browser,1153,7,647.26,230.8,1
TXN-100389,CUST-1167,2025-03-04 15:53:51,534.16,UPI Transfer,Healthcare & Medical,Hyderabad,Trusted Mobile App (Android),702,2,1530.84,10.63,0
TXN-100056,CUST-1012,2025-03-04 16:22:43,675.08,POS / In-Store,Dining & Food,Pune,Trusted Mobile App (Android),599,1,866.84,3.05,0
TXN-100364,CUST-1040,2025-03-04 16:31:53,1299.26,POS / In-Store,Utilities & Bills,Bengaluru,Trusted Mobile App (Android),315,3,525.47,10.13,0
TXN-101044,CUST-1179,2025-03-04 18:37:23,693.4,POS / In-Store,Dining & Food,Mumbai,Desktop Web Browser,923,1,682.55,7.57,0
TXN-100958,CUST-1055,2025-03-04 19:03:40,861.44,Online,Dining & Food,Kolkata,Trusted Mobile App (Android),920,1,556.85,63.43,0
TXN-100814,CUST-1092,2025-03-04 19:41:11,910.05,Online,Utilities & Bills,Delhi,Trusted Mobile App (iOS),854,3,1031.7,7.31,0
TXN-101164,CUST-1035,2025-03-05 03:52:05,138972.64,Online,Luxury Goods & Jewelry,Ahmedabad,Mobile Web Browser,766,12,1245.88,555.77,1
TXN-100580,CUST-1149,2025-03-05 17:14:27,908.94,POS / In-Store,Healthcare & Medical,Delhi,Desktop Web Browser,335,1,382.04,6.21,0
TXN-100211,CUST-1063,2025-03-05 19:23:23,573.29,POS / In-Store,Dining & Food,Kolkata,Trusted Mobile App (Android),69,3,415.29,10.37,0
TXN-100807,CUST-1035,2025-03-05 21:31:41,1245.88,POS / In-Store,Healthcare & Medical,Mumbai,Trusted Mobile App (Android),851,1,1841.23,1.94,0
TXN-101160,CUST-1036,2025-03-06 01:05:41,75524.34,Wire Transfer,Luxury Goods & Jewelry,Kolkata,Unknown Device,441,11,790.49,698.79,1
TXN-101190,CUST-1001,2025-03-06 04:41:30,170176.44,Wire Transfer,Electronics & Gadgets,Hyderabad,Unknown Device,1495,11,675.19,618.85,1
TXN-100160,CUST-1106,2025-03-06 10:43:47,1038.53,Online,Healthcare & Medical,Jaipur,Desktop Web Browser,1501,3,953.34,0.59,0
TXN-101014,CUST-1048,2025-03-06 11:57:21,589.42,UPI Transfer,Grocery & Supermarkets,Bengaluru,Desktop Web Browser,894,1,533.97,0.72,0
TXN-100922,CUST-1079,2025-03-06 14:03:47,268.48,Online,Grocery & Supermarkets,Hyderabad,Desktop Web Browser,481,1,245.92,5.18,0
TXN-100788,CUST-1052,2025-03-06 17:16:27,580.07,UPI Transfer,Dining & Food,Mumbai,Desktop Web Browser,1506,3,763.65,14.77,0
TXN-100052,CUST-1152,2025-03-06 21:06:26,853.28,UPI Transfer,Dining & Food,Bengaluru,Trusted Mobile App (Android),291,1,852.09,8.5,0
TXN-101130,CUST-1118,2025-03-06 21:38:07,230.38,Online,Utilities & Bills,Kochi,Trusted Mobile App (iOS),1215,3,425.29,6.63,0
TXN-100184,CUST-1053,2025-03-06 21:54:13,825.76,Online,Utilities & Bills,Delhi,Desktop Web Browser,1129,2,1272.73,9.87,0
TXN-100510,CUST-1050,2025-03-06 22:58:38,1040.04,Online,Healthcare & Medical,Pune,Desktop Web Browser,988,3,650.7,1.12,0
TXN-101100,CUST-1130,2025-03-07 09:45:04,5386.38,Online,Utilities & Bills,Kolkata,Trusted Mobile App (iOS),530,1,3148.05,16.11,0
TXN-100113,CUST-1167,2025-03-07 11:02:58,1530.84,Online,Healthcare & Medical,Hyderabad,Trusted Mobile App (Android),702,2,838.74,15.02,0
TXN-100948,CUST-1034,2025-03-07 20:02:03,1529.93,Online,Grocery & Supermarkets,Kolkata,Trusted Mobile App (iOS),499,1,830.81,14.05,0
TXN-100605,CUST-1114,2025-03-07 22:57:01,1493.55,Online,Healthcare & Medical,Jaipur,Trusted Mobile App (iOS),1773,3,985.73,12.37,0
TXN-101147,CUST-1144,2025-03-08 04:36:02,127410.92,Online,Crypto & Digital Assets,Bengaluru,New Emulated Device,1586,6,730.39,533.32,1
TXN-100436,CUST-1035,2025-03-08 07:44:11,2017.5,UPI Transfer,Dining & Food,Ahmedabad,Trusted Mobile App (Android),851,1,765.46,36.48,0
TXN-100473,CUST-1083,2025-03-08 07:49:08,367.71,UPI Transfer,Dining & Food,Jaipur,Trusted Mobile App (iOS),600,2,342.11,17.78,0
TXN-101060,CUST-1050,2025-03-08 08:15:52,651.43,POS / In-Store,Grocery & Supermarkets,Pune,Desktop Web Browser,988,1,1276.19,10.8,0
TXN-100821,CUST-1085,2025-03-08 08:58:48,2328.59,POS / In-Store,Dining & Food,Bengaluru,Desktop Web Browser,1199,3,1901.26,17.8,0
TXN-100087,CUST-1117,2025-03-08 16:46:25,329.19,Online,Dining & Food,Hyderabad,Trusted Mobile App (Android),275,1,339.38,16.97,0
TXN-100599,CUST-1149,2025-03-08 17:31:43,605.53,UPI Transfer,Healthcare & Medical,Delhi,Desktop Web Browser,335,2,908.94,12.7,0
TXN-100201,CUST-1020,2025-03-08 19:49:38,314.65,UPI Transfer,Healthcare & Medical,Kochi,Trusted Mobile App (Android),1212,1,180.56,11.6,0
TXN-100136,CUST-1058,2025-03-09 04:35:03,640.27,Online,Utilities & Bills,Bengaluru,Desktop Web Browser,247,1,674.35,5.47,0
TXN-100158,CUST-1021,2025-03-09 06:10:15,1234.17,POS / In-Store,Utilities & Bills,Hyderabad,Desktop Web Browser,172,3,793.93,13.58,0
TXN-100310,CUST-1142,2025-03-09 15:47:57,341.53,Online,Dining & Food,Chennai,Trusted Mobile App (iOS),219,3,866.2,2.08,0
TXN-100986,CUST-1024,2025-03-09 16:29:35,373.02,UPI Transfer,Dining & Food,Hyderabad,Trusted Mobile App (iOS),808,2,930.94,9.18,0
TXN-100089,CUST-1030,2025-03-09 16:43:19,802.76,Online,Dining & Food,Bengaluru,Desktop Web Browser,1523,2,1361.23,9.02,0
TXN-100467,CUST-1086,2025-03-09 20:26:20,478.64,POS / In-Store,Grocery & Supermarkets,Delhi,Trusted Mobile App (Android),527,3,513.12,67.84,0
TXN-100218,CUST-1037,2025-03-09 21:50:45,588.99,UPI Transfer,Healthcare & Medical,Kochi,Desktop Web Browser,674,2,365.93,8.95,0
TXN-101136,CUST-1099,2025-03-10 03:53:51,210967.48,ATM Withdrawal,Crypto & Digital Assets,Kochi,Unknown Device,140,7,481.21,351.39,1
TXN-101025,CUST-1036,2025-03-10 11:05:06,790.49,UPI Transfer,Grocery & Supermarkets,Chennai,Trusted Mobile App (iOS),462,2,1019.48,3.0,0
TXN-100626,CUST-1172,2025-03-10 11:54:56,1055.18,UPI Transfer,Dining & Food,Delhi,Trusted Mobile App (Android),395,3,933.73,5.35,0
TXN-100601,CUST-1038,2025-03-10 12:39:45,714.5,Online,Dining & Food,Jaipur,Trusted Mobile App (Android),1052,1,767.1,35.69,0
TXN-100426,CUST-1032,2025-03-10 13:36:00,463.23,UPI Transfer,Utilities & Bills,Pune,Trusted Mobile App (Android),1340,2,697.52,11.86,0
TXN-100748,CUST-1098,2025-03-10 13:37:34,1197.0,POS / In-Store,Grocery & Supermarkets,Jaipur,Trusted Mobile App (iOS),133,2,1448.43,5.42,0
TXN-100520,CUST-1139,2025-03-10 15:09:03,444.72,UPI Transfer,Utilities & Bills,Chennai,Desktop Web Browser,461,3,553.31,51.57,0
TXN-100349,CUST-1088,2025-03-10 16:35:03,787.28,Online,Healthcare & Medical,Delhi,Trusted Mobile App (iOS),1379,1,1127.19,12.79,0
TXN-100862,CUST-1025,2025-03-11 01:08:27,3098.64,POS / In-Store,Healthcare & Medical,Chennai,Desktop Web Browser,1331,1,1777.71,1.42,0
TXN-100588,CUST-1034,2025-03-11 09:01:29,1342.75,POS / In-Store,Grocery & Supermarkets,Kolkata,Trusted Mobile App (iOS),499,2,1139.13,5.83,0
TXN-100775,CUST-1019,2025-03-11 10:09:21,1432.04,UPI Transfer,Grocery & Supermarkets,Delhi,Desktop Web Browser,630,1,1254.22,3.9,0
TXN-100636,CUST-1103,2025-03-11 19:31:01,548.59,Online,Utilities & Bills,Pune,Trusted Mobile App (iOS),829,2,638.67,3.08,0
TXN-100459,CUST-1148,2025-03-11 20:56:48,3460.07,POS / In-Store,Utilities & Bills,Jaipur,Trusted Mobile App (iOS),259,3,627.0,14.37,0
TXN-100188,CUST-1067,2025-03-11 22:29:55,376.15,UPI Transfer,Dining & Food,Delhi,Desktop Web Browser,1025,2,208.1,17.67,0
TXN-100293,CUST-1014,2025-03-12 09:18:04,624.25,Online,Grocery & Supermarkets,Kolkata,Trusted Mobile App (iOS),219,1,455.24,11.44,0
TXN-100258,CUST-1121,2025-03-12 11:11:12,1055.03,Online,Utilities & Bills,Mumbai,Mobile Web Browser,1100,1,456.58,50.41,0
TXN-100942,CUST-1020,2025-03-12 17:01:43,250.17,Online,Grocery & Supermarkets,Kochi,Trusted Mobile App (Android),1212,2,578.11,3.35,0
TXN-100578,CUST-1166,2025-03-12 20:16:45,821.26,Online,Grocery & Supermarkets,Hyderabad,Trusted Mobile App (iOS),78,3,817.14,14.59,0
TXN-100732,CUST-1031,2025-03-13 08:33:43,1773.19,UPI Transfer,Healthcare & Medical,Hyderabad,Desktop Web Browser,976,1,1519.75,7.0,0
TXN-100815,CUST-1160,2025-03-13 13:26:16,452.79,POS / In-Store,Dining & Food,Bengaluru,Trusted Mobile App (iOS),710,2,707.64,10.98,0
TXN-100388,CUST-1068,2025-03-13 13:33:33,1240.09,UPI Transfer,Grocery & Supermarkets,Delhi,Desktop Web Browser,1598,1,572.31,6.82,0
TXN-100786,CUST-1105,2025-03-13 17:17:47,700.62,POS / In-Store,Grocery & Supermarkets,Pune,Desktop Web Browser,1526,2,1079.19,3.64,0
TXN-100071,CUST-1176,2025-03-13 18:03:17,2917.44,UPI Transfer,Grocery & Supermarkets,Kolkata,Trusted Mobile App (Android),1271,3,1624.97,3.82,0
TXN-100399,CUST-1108,2025-03-13 20:14:02,1230.05,POS / In-Store,Grocery & Supermarkets,Ahmedabad,Trusted Mobile App (iOS),149,2,1112.47,63.43,0
TXN-100235,CUST-1107,2025-03-14 09:25:47,1192.68,UPI Transfer,Healthcare & Medical,Ahmedabad,Desktop Web Browser,418,2,701.27,5.37,0
TXN-101119,CUST-1101,2025-03-14 10:28:00,1125.37,Online,Healthcare & Medical,Ahmedabad,Trusted Mobile App (Android),467,2,1144.56,17.57,0
TXN-100837,CUST-1046,2025-03-14 11:12:07,1519.6,POS / In-Store,Dining & Food,Delhi,Trusted Mobile App (iOS),1793,1,3582.75,9.3,0
TXN-100603,CUST-1038,2025-03-14 12:34:34,384.21,UPI Transfer,Dining & Food,Hyderabad,Desktop Web Browser,1052,2,714.5,16.61,0
TXN-100513,CUST-1087,2025-03-14 12:36:55,300.72,UPI Transfer,Utilities & Bills,Ahmedabad,Trusted Mobile App (Android),419,3,182.73,3.78,0
TXN-100582,CUST-1100,2025-03-14 13:40:59,2503.42,Online,Grocery & Supermarkets,Hyderabad,Trusted Mobile App (iOS),862,2,1444.86,5.22,0
TXN-100515,CUST-1029,2025-03-14 13:58:17,624.12,POS / In-Store,Dining & Food,Delhi,Desktop Web Browser,1330,1,567.45,9.35,0
TXN-100811,CUST-1064,2025-03-14 17:58:15,1046.48,Online,Utilities & Bills,Delhi,Trusted Mobile App (Android),1733,1,1526.44,0.78,0
TXN-100437,CUST-1141,2025-03-14 20:25:24,388.89,UPI Transfer,Dining & Food,Chennai,Desktop Web Browser,1030,2,869.56,13.01,0
TXN-100193,CUST-1117,2025-03-14 22:42:28,311.41,Online,Grocery & Supermarkets,Hyderabad,Trusted Mobile App (Android),275,3,329.19,0.62,0
TXN-100853,CUST-1081,2025-03-15 07:19:15,340.99,UPI Transfer,Utilities & Bills,Mumbai,Trusted Mobile App (iOS),168,2,402.63,9.87,0
TXN-100412,CUST-1114,2025-03-15 14:48:17,1793.71,POS / In-Store,Grocery & Supermarkets,Jaipur,Trusted Mobile App (iOS),1773,2,910.59,14.07,0
TXN-100209,CUST-1159,2025-03-15 17:28:55,136.33,POS / In-Store,Dining & Food,Bengaluru,Trusted Mobile App (Android),80,2,182.62,14.77,0
TXN-100679,CUST-1159,2025-03-15 19:42:53,101.89,POS / In-Store,Dining & Food,Bengaluru,Trusted Mobile App (Android),80,2,125.18,17.44,0
TXN-100915,CUST-1177,2025-03-16 04:09:37,904.33,Online,Healthcare & Medical,Jaipur,Trusted Mobile App (iOS),818,1,973.37,11.46,0
TXN-100468,CUST-1162,2025-03-16 08:20:06,248.06,Online,Dining & Food,Hyderabad,Trusted Mobile App (Android),356,1,310.65,3.12,0
TXN-100741,CUST-1082,2025-03-16 10:06:00,1587.28,Online,Dining & Food,Mumbai,Trusted Mobile App (Android),175,2,959.6,5.49,0
TXN-101093,CUST-1083,2025-03-16 12:09:07,286.95,POS / In-Store,Dining & Food,Jaipur,Trusted Mobile App (iOS),600,2,529.55,17.04,0
TXN-100007,CUST-1179,2025-03-16 14:09:09,437.38,Online,Healthcare & Medical,Mumbai,Desktop Web Browser,923,1,477.17,0.6,0
TXN-100060,CUST-1061,2025-03-16 16:44:11,368.96,UPI Transfer,Grocery & Supermarkets,Kolkata,Trusted Mobile App (iOS),1134,3,314.19,17.61,0
TXN-100590,CUST-1019,2025-03-16 17:40:02,1254.22,UPI Transfer,Dining & Food,Delhi,Desktop Web Browser,630,3,419.25,1.07,0
TXN-100664,CUST-1142,2025-03-16 18:57:10,1101.04,UPI Transfer,Healthcare & Medical,Chennai,Trusted Mobile App (iOS),219,1,341.53,2.64,0
TXN-101067,CUST-1157,2025-03-16 19:24:21,938.74,POS / In-Store,Healthcare & Medical,Kochi,Desktop Web Browser,346,3,1246.78,4.43,0
TXN-101006,CUST-1094,2025-03-16 20:54:47,1087.65,Online,Grocery & Supermarkets,Hyderabad,Trusted Mobile App (iOS),1128,2,554.48,9.49,0
TXN-100303,CUST-1068,2025-03-16 22:02:43,572.31,POS / In-Store,Healthcare & Medical,Delhi,Desktop Web Browser,1598,1,863.48,7.55,0
TXN-100051,CUST-1098,2025-03-16 23:15:26,1013.99,Online,Dining & Food,Jaipur,Trusted Mobile App (iOS),133,3,1021.73,11.91,0
TXN-100118,CUST-1163,2025-03-17 02:59:51,3272.36,UPI Transfer,Dining & Food,Delhi,Trusted Mobile App (Android),109,3,1381.11,0.78,0
TXN-100129,CUST-1133,2025-03-17 03:29:30,444.63,Online,Utilities & Bills,Chennai,Desktop Web Browser,1682,3,495.22,14.06,0
TXN-101167,CUST-1039,2025-03-17 04:02:27,111966.57,Online,Crypto & Digital Assets,Chennai,New Emulated Device,882,11,345.18,819.71,1
TXN-100217,CUST-1096,2025-03-17 11:22:02,263.86,Online,Grocery & Supermarkets,Ahmedabad,Trusted Mobile App (Android),977,3,514.5,25.75,0
TXN-100782,CUST-1131,2025-03-17 18:31:03,1539.78,POS / In-Store,Healthcare & Medical,Kolkata,Trusted Mobile App (Android),353,3,1510.43,3.63,0
TXN-100975,CUST-1163,2025-03-17 19:27:01,1751.02,UPI Transfer,Dining & Food,Delhi,Trusted Mobile App (Android),109,1,2059.24,16.32,0
TXN-100596,CUST-1021,2025-03-17 20:42:44,877.67,UPI Transfer,Grocery & Supermarkets,Hyderabad,Desktop Web Browser,172,3,2115.21,17.24,0
TXN-100173,CUST-1006,2025-03-18 07:47:17,1491.75,POS / In-Store,Grocery & Supermarkets,Delhi,Trusted Mobile App (iOS),506,3,1184.51,1.78,0
TXN-100749,CUST-1023,2025-03-18 11:46:15,408.93,POS / In-Store,Utilities & Bills,Chennai,Trusted Mobile App (iOS),1781,3,658.19,5.39,0
TXN-100283,CUST-1170,2025-03-18 17:19:32,298.57,UPI Transfer,Healthcare & Medical,Jaipur,Trusted Mobile App (Android),1421,3,201.05,17.58,0
TXN-101159,CUST-1069,2025-03-19 01:10:51,269185.76,ATM Withdrawal,Electronics & Gadgets,Kochi,New Emulated Device,1309,8,1135.59,241.46,1
TXN-101158,CUST-1087,2025-03-19 03:02:32,158401.03,Online,Luxury Goods & Jewelry,Hyderabad,Mobile Web Browser,320,11,292.51,677.12,1
TXN-101109,CUST-1109,2025-03-19 08:17:52,1324.74,Online,Utilities & Bills,Kochi,Desktop Web Browser,1140,2,1092.91,4.33,0
TXN-100043,CUST-1170,2025-03-19 08:29:33,201.05,UPI Transfer,Grocery & Supermarkets,Jaipur,Trusted Mobile App (Android),1421,3,446.57,4.92,0
TXN-100940,CUST-1055,2025-03-19 14:25:37,556.85,Online,Healthcare & Medical,Delhi,Trusted Mobile App (Android),920,2,647.17,13.55,0
TXN-100301,CUST-1143,2025-03-19 15:33:30,223.32,POS / In-Store,Healthcare & Medical,Pune,Trusted Mobile App (Android),120,1,201.02,15.79,0
TXN-101115,CUST-1168,2025-03-19 15:55:05,1165.36,POS / In-Store,Healthcare & Medical,Chennai,Trusted Mobile App (iOS),1613,1,596.21,1.79,0
TXN-100141,CUST-1089,2025-03-19 18:32:14,541.83,UPI Transfer,Healthcare & Medical,Pune,Trusted Mobile App (Android),897,1,874.13,6.08,0
TXN-100608,CUST-1093,2025-03-19 20:23:16,574.23,UPI Transfer,Healthcare & Medical,Kolkata,Trusted Mobile App (iOS),539,3,670.34,0.71,0
TXN-100790,CUST-1104,2025-03-20 07:30:17,511.99,Online,Dining & Food,Chennai,Mobile Web Browser,614,3,501.46,17.81,0
TXN-100526,CUST-1027,2025-03-20 10:20:01,662.3,UPI Transfer,Healthcare & Medical,Kolkata,Trusted Mobile App (iOS),1402,3,406.33,1.74,0
TXN-100179,CUST-1012,2025-03-20 13:48:32,494.3,UPI Transfer,Dining & Food,Pune,Trusted Mobile App (Android),599,3,675.08,1.49,0
TXN-100028,CUST-1057,2025-03-20 16:42:45,362.22,UPI Transfer,Utilities & Bills,Chennai,Desktop Web Browser,1590,2,518.61,8.78,0
TXN-100168,CUST-1041,2025-03-20 16:44:42,482.22,POS / In-Store,Dining & Food,Hyderabad,Desktop Web Browser,1179,1,1111.85,16.53,0
TXN-100093,CUST-1030,2025-03-20 17:10:14,686.01,UPI Transfer,Grocery & Supermarkets,Bengaluru,Desktop Web Browser,1523,2,802.76,11.32,0
TXN-100411,CUST-1045,2025-03-21 09:32:05,764.25,UPI Transfer,Utilities & Bills,Bengaluru,Desktop Web Browser,1040,3,999.3,17.07,0
TXN-100487,CUST-1106,2025-03-21 15:09:19,1132.09,POS / In-Store,Utilities & Bills,Jaipur,Desktop Web Browser,1501,3,571.23,2.37,0
TXN-100611,CUST-1002,2025-03-21 15:26:29,704.37,Online,Dining & Food,Chennai,Trusted Mobile App (iOS),487,1,1140.14,8.59,0
TXN-100670,CUST-1176,2025-03-21 17:28:43,949.69,POS / In-Store,Utilities & Bills,Kolkata,Trusted Mobile App (Android),1271,2,2485.17,13.37,0
TXN-101150,CUST-1036,2025-03-22 02:53:58,177784.39,Online,Luxury Goods & Jewelry,Hyderabad,Unknown Device,373,9,790.49,319.14,1
TXN-100505,CUST-1135,2025-03-22 13:39:05,3854.34,UPI Transfer,Utilities & Bills,Jaipur,Trusted Mobile App (iOS),1388,2,3394.69,10.5,0
TXN-101113,CUST-1085,2025-03-22 14:00:41,1239.49,POS / In-Store,Healthcare & Medical,Bengaluru,Trusted Mobile App (iOS),1199,2,781.44,0.85,0
TXN-100189,CUST-1081,2025-03-22 14:47:15,463.15,UPI Transfer,Dining & Food,Mumbai,Mobile Web Browser,168,1,519.96,5.06,0
TXN-100112,CUST-1007,2025-03-22 18:15:35,445.23,UPI Transfer,Grocery & Supermarkets,Jaipur,Desktop Web Browser,84,3,600.64,1.93,0
TXN-100508,CUST-1107,2025-03-22 18:35:17,668.84,POS / In-Store,Utilities & Bills,Ahmedabad,Trusted Mobile App (iOS),418,2,2232.3,4.22,0
TXN-100340,CUST-1027,2025-03-22 18:49:46,406.33,POS / In-Store,Healthcare & Medical,Kolkata,Trusted Mobile App (iOS),1402,2,847.17,10.46,0
TXN-100080,CUST-1059,2025-03-22 21:25:39,754.3,POS / In-Store,Utilities & Bills,Chennai,Desktop Web Browser,1069,2,930.85,2.16,0
TXN-101129,CUST-1082,2025-03-22 22:04:44,2399.51,POS / In-Store,Grocery & Supermarkets,Mumbai,Trusted Mobile App (Android),175,3,1301.92,37.15,0
TXN-100586,CUST-1002,2025-03-23 02:57:28,1140.14,Online,Healthcare & Medical,Chennai,Trusted Mobile App (iOS),487,3,721.57,8.74,0
TXN-100961,CUST-1090,2025-03-23 12:44:09,1276.52,Online,Dining & Food,Pune,Trusted Mobile App (Android),1799,1,1192.91,16.47,0
TXN-100249,CUST-1146,2025-03-23 12:48:58,1183.31,POS / In-Store,Grocery & Supermarkets,Bengaluru,Desktop Web Browser,934,1,874.92,17.78,0
TXN-100438,CUST-1021,2025-03-23 15:18:41,729.39,Online,Grocery & Supermarkets,Hyderabad,Desktop Web Browser,172,1,1234.17,9.81,0
TXN-101126,CUST-1141,2025-03-23 16:07:28,726.99,POS / In-Store,Utilities & Bills,Chennai,Desktop Web Browser,1030,3,646.35,5.65,0
TXN-100982,CUST-1176,2025-03-23 17:40:32,723.93,Online,Dining & Food,Kolkata,Trusted Mobile App (Android),1271,3,1529.49,14.65,0
TXN-100428,CUST-1087,2025-03-23 19:54:26,182.73,UPI Transfer,Utilities & Bills,Ahmedabad,Trusted Mobile App (Android),419,3,218.58,1.88,0
TXN-100959,CUST-1176,2025-03-24 12:05:06,1529.49,POS / In-Store,Healthcare & Medical,Kolkata,Trusted Mobile App (Android),1271,2,1593.24,5.29,0
TXN-100230,CUST-1056,2025-03-24 14:19:52,804.28,Online,Healthcare & Medical,Bengaluru,Trusted Mobile App (Android),36,1,995.74,1.06,0
TXN-100930,CUST-1127,2025-03-24 20:38:02,2928.73,POS / In-Store,Dining & Food,Kochi,Desktop Web Browser,234,2,648.98,6.34,0
TXN-100537,CUST-1131,2025-03-24 21:24:51,1271.04,POS / In-Store,Healthcare & Medical,Kolkata,Trusted Mobile App (Android),353,3,2632.52,3.75,0
TXN-100929,CUST-1148,2025-03-25 00:04:33,1199.54,UPI Transfer,Utilities & Bills,Jaipur,Trusted Mobile App (Android),259,2,2396.62,2.08,0
TXN-100022,CUST-1137,2025-03-25 09:32:10,369.0,UPI Transfer,Grocery & Supermarkets,Delhi,Trusted Mobile App (iOS),1550,2,599.73,0.72,0
TXN-100673,CUST-1159,2025-03-25 11:05:04,125.18,POS / In-Store,Healthcare & Medical,Bengaluru,Trusted Mobile App (Android),80,2,145.6,72.1,0
TXN-100712,CUST-1087,2025-03-25 14:07:12,292.51,Online,Utilities & Bills,Ahmedabad,Desktop Web Browser,419,1,481.47,9.01,0
TXN-100363,CUST-1011,2025-03-25 15:08:28,380.32,UPI Transfer,Dining & Food,Mumbai,Trusted Mobile App (iOS),1459,1,415.69,15.31,0
TXN-100461,CUST-1163,2025-03-25 17:38:09,2567.89,POS / In-Store,Utilities & Bills,Delhi,Trusted Mobile App (Android),109,2,3272.36,10.05,0
TXN-100762,CUST-1123,2025-03-25 17:53:40,522.6,UPI Transfer,Grocery & Supermarkets,Kolkata,Trusted Mobile App (iOS),573,2,990.56,2.39,0
TXN-100989,CUST-1099,2025-03-25 18:23:36,431.35,Online,Utilities & Bills,Jaipur,Trusted Mobile App (iOS),221,3,290.85,14.84,0
TXN-100016,CUST-1165,2025-03-25 21:11:49,408.54,UPI Transfer,Utilities & Bills,Ahmedabad,Trusted Mobile App (Android),655,2,430.37,7.13,0
TXN-100988,CUST-1125,2025-03-26 04:07:27,3734.91,POS / In-Store,Grocery & Supermarkets,Chennai,Trusted Mobile App (Android),677,3,1377.85,13.57,0
TXN-100055,CUST-1024,2025-03-26 06:27:13,1004.12,Online,Utilities & Bills,Hyderabad,Trusted Mobile App (iOS),808,1,882.52,12.82,0
TXN-100300,CUST-1175,2025-03-26 11:53:46,958.58,Online,Grocery & Supermarkets,Kolkata,Desktop Web Browser,1640,2,962.89,6.1,0
TXN-100684,CUST-1120,2025-03-26 22:02:38,506.7,UPI Transfer,Healthcare & Medical,Delhi,Trusted Mobile App (Android),1376,1,209.11,17.8,0
TXN-100153,CUST-1005,2025-03-27 11:26:19,1650.35,UPI Transfer,Grocery & Supermarkets,Pune,Trusted Mobile App (iOS),91,3,1427.79,7.68,0
TXN-101092,CUST-1083,2025-03-27 15:49:49,529.55,POS / In-Store,Healthcare & Medical,Jaipur,Trusted Mobile App (iOS),600,2,638.48,5.7,0
TXN-100491,CUST-1046,2025-03-27 22:44:02,1110.77,UPI Transfer,Grocery & Supermarkets,Delhi,Trusted Mobile App (iOS),1793,3,2385.98,8.51,0
TXN-100730,CUST-1109,2025-03-27 22:46:16,1430.09,POS / In-Store,Healthcare & Medical,Bengaluru,Desktop Web Browser,1140,1,2265.81,27.94,0
TXN-100004,CUST-1114,2025-03-27 22:50:50,910.59,Online,Utilities & Bills,Jaipur,Trusted Mobile App (iOS),1773,3,1153.69,14.43,0
TXN-100869,CUST-1143,2025-03-28 10:02:22,197.34,POS / In-Store,Utilities & Bills,Pune,Trusted Mobile App (Android),120,1,88.89,4.11,0
TXN-100785,CUST-1076,2025-03-28 14:37:41,286.19,UPI Transfer,Healthcare & Medical,Ahmedabad,Trusted Mobile App (iOS),537,2,728.07,9.46,0
TXN-100382,CUST-1119,2025-03-28 16:31:06,1184.76,UPI Transfer,Dining & Food,Kochi,Trusted Mobile App (iOS),1298,3,996.34,3.58,0
TXN-100606,CUST-1057,2025-03-28 17:03:00,1232.07,UPI Transfer,Dining & Food,Chennai,Desktop Web Browser,1590,1,754.02,3.92,0
TXN-101084,CUST-1062,2025-03-28 20:23:06,1155.78,UPI Transfer,Healthcare & Medical,Jaipur,Trusted Mobile App (iOS),1256,3,742.95,10.31,0
TXN-100172,CUST-1131,2025-03-28 21:08:59,1173.52,UPI Transfer,Utilities & Bills,Kolkata,Trusted Mobile App (Android),353,3,1586.04,8.49,0
TXN-100462,CUST-1116,2025-03-28 21:30:00,573.45,Online,Dining & Food,Delhi,Desktop Web Browser,1795,2,695.96,1.11,0
TXN-100346,CUST-1128,2025-03-28 22:47:18,1377.85,POS / In-Store,Grocery & Supermarkets,Delhi,Desktop Web Browser,466,1,1042.94,2.3,0
TXN-101185,CUST-1075,2025-03-29 04:01:19,221451.52,ATM Withdrawal,Luxury Goods & Jewelry,Bengaluru,Unknown Device,1036,11,1991.31,576.15,1
TXN-101048,CUST-1179,2025-03-29 13:12:00,232.08,Online,Dining & Food,Mumbai,Desktop Web Browser,923,2,693.4,8.16,0
TXN-101085,CUST-1059,2025-03-29 14:36:33,942.84,UPI Transfer,Dining & Food,Chennai,Trusted Mobile App (Android),1069,3,1260.03,17.77,0
TXN-100425,CUST-1025,2025-03-29 15:23:31,940.97,UPI Transfer,Grocery & Supermarkets,Chennai,Trusted Mobile App (Android),1331,2,2479.04,10.26,0
TXN-101017,CUST-1086,2025-03-29 18:34:42,368.9,Online,Utilities & Bills,Kochi,Trusted Mobile App (Android),527,2,558.01,9.01,0
TXN-100175,CUST-1098,2025-03-29 19:24:04,3501.0,Online,Utilities & Bills,Jaipur,Trusted Mobile App (iOS),133,1,1013.99,17.37,0
TXN-100395,CUST-1056,2025-03-29 22:55:21,1889.3,Online,Dining & Food,Bengaluru,Trusted Mobile App (Android),36,3,804.28,4.34,0
TXN-100773,CUST-1027,2025-03-30 08:31:04,397.74,Online,Healthcare & Medical,Kolkata,Trusted Mobile App (iOS),1402,3,662.3,0.56,0
TXN-100860,CUST-1078,2025-03-30 11:28:21,292.82,Online,Dining & Food,Mumbai,Desktop Web Browser,1164,3,722.8,5.59,0
TXN-100261,CUST-1142,2025-03-30 13:18:29,866.2,UPI Transfer,Utilities & Bills,Chennai,Trusted Mobile App (iOS),219,3,1027.7,5.82,0
TXN-100029,CUST-1180,2025-03-30 15:14:22,585.17,POS / In-Store,Dining & Food,Mumbai,Desktop Web Browser,1681,1,567.69,3.87,0
TXN-100950,CUST-1025,2025-03-30 16:10:29,1356.2,Online,Dining & Food,Chennai,Trusted Mobile App (Android),1331,3,3098.64,10.59,0
TXN-100778,CUST-1079,2025-03-30 18:42:47,245.92,POS / In-Store,Healthcare & Medical,Hyderabad,Desktop Web Browser,481,3,282.79,9.72,0
TXN-100092,CUST-1005,2025-03-31 06:36:36,1427.79,POS / In-Store,Healthcare & Medical,Pune,Trusted Mobile App (iOS),91,2,1722.54,10.58,0
TXN-100420,CUST-1133,2025-03-31 07:00:03,666.68,UPI Transfer,Utilities & Bills,Chennai,Desktop Web Browser,1682,1,434.67,7.14,0
TXN-100058,CUST-1066,2025-03-31 07:57:13,1401.24,Online,Grocery & Supermarkets,Hyderabad,Desktop Web Browser,191,2,759.01,16.27,0
TXN-100801,CUST-1126,2025-03-31 08:47:31,2117.22,POS / In-Store,Utilities & Bills,Delhi,Desktop Web Browser,968,2,1464.44,11.81,0
TXN-100517,CUST-1010,2025-03-31 10:00:43,170.02,Online,Utilities & Bills,Ahmedabad,Desktop Web Browser,599,2,213.81,1.27,0
TXN-100044,CUST-1139,2025-03-31 13:33:56,292.83,Online,Dining & Food,Chennai,Desktop Web Browser,461,2,514.18,13.74,0
TXN-100511,CUST-1086,2025-03-31 20:59:00,544.89,POS / In-Store,Utilities & Bills,Kochi,Trusted Mobile App (Android),527,3,478.64,15.11,0
TXN-101032,CUST-1002,2025-03-31 21:53:26,639.44,POS / In-Store,Grocery & Supermarkets,Chennai,Trusted Mobile App (iOS),487,2,739.65,1.46,0
TXN-101168,CUST-1133,2025-04-01 01:22:48,241044.64,Online,Crypto & Digital Assets,Delhi,New Emulated Device,1666,10,335.75,598.78,1
TXN-100164,CUST-1130,2025-04-01 10:21:05,5470.09,Online,Grocery & Supermarkets,Kolkata,Trusted Mobile App (iOS),530,3,1727.6,8.53,0
TXN-101071,CUST-1098,2025-04-01 14:08:37,1840.37,UPI Transfer,Grocery & Supermarkets,Jaipur,Trusted Mobile App (iOS),133,1,961.28,5.41,0
TXN-100548,CUST-1043,2025-04-01 16:30:58,771.69,UPI Transfer,Healthcare & Medical,Kochi,Trusted Mobile App (Android),1225,2,1776.85,13.67,0
TXN-100772,CUST-1178,2025-04-01 17:54:10,768.58,UPI Transfer,Utilities & Bills,Kochi,Trusted Mobile App (iOS),551,1,751.39,17.35,0
TXN-100592,CUST-1094,2025-04-01 18:23:05,1166.05,POS / In-Store,Dining & Food,Hyderabad,Trusted Mobile App (iOS),1128,1,983.91,10.28,0
TXN-101179,CUST-1013,2025-04-02 02:48:34,132945.55,Online,Luxury Goods & Jewelry,Ahmedabad,Mobile Web Browser,1516,5,1204.61,320.59,1
TXN-100019,CUST-1033,2025-04-02 13:29:16,379.97,POS / In-Store,Grocery & Supermarkets,Jaipur,Trusted Mobile App (iOS),1432,1,527.09,13.92,0
TXN-100319,CUST-1025,2025-04-02 15:46:52,2479.04,POS / In-Store,Utilities & Bills,Chennai,Trusted Mobile App (Android),1331,3,552.53,13.85,0
TXN-100489,CUST-1155,2025-04-02 18:11:46,1671.7,Online,Dining & Food,Hyderabad,Desktop Web Browser,240,1,1623.27,9.1,0
TXN-100039,CUST-1032,2025-04-02 19:17:27,697.52,Online,Healthcare & Medical,Pune,Trusted Mobile App (Android),1340,3,632.41,9.14,0
TXN-100783,CUST-1127,2025-04-02 19:40:22,1575.86,Online,Healthcare & Medical,Kochi,Desktop Web Browser,234,1,1588.05,55.74,0
TXN-101141,CUST-1166,2025-04-03 04:02:58,109613.58,ATM Withdrawal,Crypto & Digital Assets,Kolkata,Unknown Device,1,12,1011.85,320.15,1
TXN-100946,CUST-1098,2025-04-03 08:18:44,548.34,POS / In-Store,Grocery & Supermarkets,Jaipur,Trusted Mobile App (iOS),133,3,1065.72,12.44,0
TXN-100703,CUST-1038,2025-04-03 10:10:57,946.93,UPI Transfer,Healthcare & Medical,Hyderabad,Desktop Web Browser,1052,1,605.93,13.43,0
TXN-100161,CUST-1122,2025-04-03 16:20:16,824.16,POS / In-Store,Dining & Food,Kolkata,Trusted Mobile App (Android),448,3,862.04,1.54,0
TXN-100169,CUST-1035,2025-04-03 18:26:21,733.47,POS / In-Store,Dining & Food,Mumbai,Trusted Mobile App (Android),851,1,1344.62,16.47,0
TXN-100791,CUST-1054,2025-04-03 21:46:33,1269.62,Online,Healthcare & Medical,Chennai,Desktop Web Browser,726,3,1108.55,6.46,0
TXN-100587,CUST-1101,2025-04-04 10:28:25,1808.12,POS / In-Store,Healthcare & Medical,Ahmedabad,Trusted Mobile App (Android),467,1,1302.25,1.95,0
TXN-100539,CUST-1149,2025-04-04 12:06:21,382.04,UPI Transfer,Healthcare & Medical,Delhi,Desktop Web Browser,335,3,413.77,13.28,0
TXN-100702,CUST-1054,2025-04-04 14:27:07,1108.55,Online,Utilities & Bills,Chennai,Desktop Web Browser,726,2,1214.01,15.52,0
TXN-100688,CUST-1169,2025-04-04 15:38:12,763.42,POS / In-Store,Healthcare & Medical,Chennai,Trusted Mobile App (Android),1343,2,3152.23,6.26,0
TXN-100315,CUST-1028,2025-04-04 15:40:49,806.24,POS / In-Store,Utilities & Bills,Chennai,Desktop Web Browser,1429,1,1143.14,5.35,0
TXN-100214,CUST-1154,2025-04-04 20:34:44,910.08,POS / In-Store,Grocery & Supermarkets,Mumbai,Trusted Mobile App (Android),460,1,2799.35,17.45,0
TXN-100391,CUST-1089,2025-04-05 07:32:21,1157.45,POS / In-Store,Utilities & Bills,Pune,Trusted Mobile App (Android),897,1,541.83,8.2,0
TXN-101104,CUST-1090,2025-04-05 12:56:22,2174.78,UPI Transfer,Healthcare & Medical,Pune,Trusted Mobile App (Android),1799,3,1276.52,4.56,0
TXN-100379,CUST-1149,2025-04-05 14:28:18,485.32,UPI Transfer,Grocery & Supermarkets,Delhi,Desktop Web Browser,335,1,601.95,12.25,0
TXN-100027,CUST-1105,2025-04-05 14:44:16,754.16,Online,Grocery & Supermarkets,Pune,Desktop Web Browser,1526,2,757.86,12.96,0
TXN-100380,CUST-1082,2025-04-05 16:44:38,2068.5,UPI Transfer,Healthcare & Medical,Mumbai,Trusted Mobile App (Android),175,1,1210.63,10.4,0
TXN-100957,CUST-1155,2025-04-05 22:07:56,1874.88,UPI Transfer,Dining & Food,Hyderabad,Desktop Web Browser,240,3,855.7,1.17,0
TXN-100567,CUST-1037,2025-04-05 22:58:52,441.55,Online,Grocery & Supermarkets,Kochi,Desktop Web Browser,674,1,588.99,1.3,0
TXN-101151,CUST-1113,2025-04-06 03:37:57,107168.11,ATM Withdrawal,Luxury Goods & Jewelry,Kolkata,Mobile Web Browser,142,7,546.55,374.67,1
TXN-100335,CUST-1172,2025-04-06 09:49:30,646.64,UPI Transfer,Dining & Food,Delhi,Trusted Mobile App (Android),395,2,1343.9,13.16,0
TXN-100557,CUST-1018,2025-04-06 11:35:22,725.42,Online,Dining & Food,Jaipur,Trusted Mobile App (iOS),805,3,1193.17,7.37,0
TXN-100450,CUST-1179,2025-04-06 12:34:39,727.29,POS / In-Store,Dining & Food,Mumbai,Desktop Web Browser,923,1,706.94,13.32,0
TXN-100674,CUST-1173,2025-04-06 13:12:05,350.19,Online,Healthcare & Medical,Chennai,Trusted Mobile App (Android),108,1,1189.15,35.84,0
TXN-100441,CUST-1004,2025-04-06 20:19:50,851.21,POS / In-Store,Grocery & Supermarkets,Jaipur,Trusted Mobile App (iOS),1239,2,556.05,9.22,0
TXN-100819,CUST-1096,2025-04-07 11:24:01,664.27,POS / In-Store,Utilities & Bills,Bengaluru,Mobile Web Browser,977,1,893.58,1.16,0
TXN-100453,CUST-1175,2025-04-07 11:39:49,678.93,Online,Grocery & Supermarkets,Kolkata,Desktop Web Browser,1640,1,958.58,7.67,0
TXN-100597,CUST-1038,2025-04-07 13:33:34,767.1,UPI Transfer,Utilities & Bills,Mumbai,Trusted Mobile App (Android),1052,2,538.47,36.12,0
TXN-100333,CUST-1028,2025-04-07 13:49:55,924.5,POS / In-Store,Healthcare & Medical,Chennai,Desktop Web Browser,1429,2,806.24,9.66,0
TXN-100569,CUST-1030,2025-04-07 14:04:23,784.01,POS / In-Store,Healthcare & Medical,Bengaluru,Desktop Web Browser,1523,2,1424.87,7.96,0
TXN-100213,CUST-1173,2025-04-07 16:15:17,1128.22,UPI Transfer,Grocery & Supermarkets,Kochi,Trusted Mobile App (Android),108,2,1813.27,3.2,0
TXN-100237,CUST-1055,2025-04-07 16:21:19,1167.33,UPI Transfer,Grocery & Supermarkets,Delhi,Trusted Mobile App (Android),920,1,1793.57,2.79,0
TXN-100275,CUST-1076,2025-04-07 22:03:12,175.71,POS / In-Store,Dining & Food,Ahmedabad,Trusted Mobile App (iOS),537,3,389.97,7.2,0
TXN-101166,CUST-1166,2025-04-08 02:02:03,99067.27,Wire Transfer,Luxury Goods & Jewelry,Chennai,Unknown Device,24,7,1011.85,340.41,1
TXN-101051,CUST-1122,2025-04-08 11:51:53,684.51,Online,Grocery & Supermarkets,Kolkata,Trusted Mobile App (Android),448,1,1686.45,7.98,0
TXN-100135,CUST-1111,2025-04-08 15:30:54,204.61,Online,Dining & Food,Mumbai,Trusted Mobile App (iOS),1226,2,648.24,2.67,0
TXN-101009,CUST-1102,2025-04-08 17:03:36,1726.16,UPI Transfer,Healthcare & Medical,Pune,Trusted Mobile App (iOS),367,1,1089.08,6.97,0
TXN-100648,CUST-1128,2025-04-08 17:10:16,1200.65,UPI Transfer,Grocery & Supermarkets,Delhi,Desktop Web Browser,466,3,624.95,6.86,0
TXN-100680,CUST-1044,2025-04-08 17:56:47,527.78,UPI Transfer,Dining & Food,Pune,Trusted Mobile App (Android),479,2,1141.65,2.07,0
TXN-101064,CUST-1139,2025-04-08 18:57:32,353.99,Online,Dining & Food,Chennai,Desktop Web Browser,461,1,669.14,17.13,0
TXN-100976,CUST-1033,2025-04-08 19:53:29,465.79,Online,Utilities & Bills,Jaipur,Trusted Mobile App (iOS),1432,1,1407.39,16.54,0
TXN-100352,CUST-1151,2025-04-08 22:00:51,361.24,POS / In-Store,Dining & Food,Kolkata,Mobile Web Browser,1161,3,299.19,1.35,0
TXN-100148,CUST-1155,2025-04-09 08:02:58,2197.39,POS / In-Store,Healthcare & Medical,Hyderabad,Desktop Web Browser,240,1,2290.07,12.99,0
TXN-100309,CUST-1119,2025-04-09 10:43:34,996.34,Online,Healthcare & Medical,Kochi,Trusted Mobile App (iOS),1298,3,1239.25,7.02,0
TXN-100048,CUST-1154,2025-04-09 11:55:27,2427.7,UPI Transfer,Utilities & Bills,Mumbai,Trusted Mobile App (Android),460,1,1345.55,14.02,0
TXN-100544,CUST-1033,2025-04-09 15:16:55,1407.39,Online,Grocery & Supermarkets,Jaipur,Trusted Mobile App (iOS),1432,3,379.97,5.42,0
TXN-100972,CUST-1058,2025-04-09 15:19:17,692.84,Online,Grocery & Supermarkets,Bengaluru,Desktop Web Browser,247,2,980.48,14.41,0
TXN-100265,CUST-1025,2025-04-09 19:04:50,552.53,Online,Dining & Food,Chennai,Trusted Mobile App (Android),1331,2,1167.73,1.59,0
TXN-100247,CUST-1156,2025-04-09 19:18:50,534.94,Online,Healthcare & Medical,Kolkata,Desktop Web Browser,862,2,348.36,14.22,0
TXN-100002,CUST-1077,2025-04-09 20:20:43,448.26,UPI Transfer,Healthcare & Medical,Hyderabad,Trusted Mobile App (iOS),722,3,427.71,5.67,0
TXN-100227,CUST-1144,2025-04-09 20:43:42,1132.94,Online,Grocery & Supermarkets,Mumbai,Trusted Mobile App (Android),1609,3,877.55,12.93,0
TXN-100047,CUST-1075,2025-04-09 20:53:55,1805.19,Online,Healthcare & Medical,Kolkata,Trusted Mobile App (Android),1089,1,1594.09,8.76,0
TXN-101198,CUST-1103,2025-04-10 04:27:27,213406.79,ATM Withdrawal,Crypto & Digital Assets,Delhi,New Emulated Device,783,7,1538.14,195.64,1
TXN-100095,CUST-1020,2025-04-10 13:57:28,389.91,Online,Grocery & Supermarkets,Kochi,Trusted Mobile App (Android),1212,1,408.19,6.64,0
TXN-101117,CUST-1109,2025-04-10 16:17:01,1369.13,UPI Transfer,Utilities & Bills,Kochi,Mobile Web Browser,1140,2,1324.74,2.24,0
TXN-100724,CUST-1024,2025-04-10 17:48:45,925.93,POS / In-Store,Utilities & Bills,Hyderabad,Trusted Mobile App (iOS),808,1,893.09,0.91,0
TXN-100396,CUST-1169,2025-04-10 17:59:24,1604.46,UPI Transfer,Dining & Food,Chennai,Trusted Mobile App (Android),1343,1,1563.87,10.84,0
TXN-100427,CUST-1173,2025-04-10 21:56:38,998.61,Online,Dining & Food,Kochi,Trusted Mobile App (Android),108,3,1128.22,11.24,0
TXN-101196,CUST-1174,2025-04-11 04:55:31,140491.48,Wire Transfer,Electronics & Gadgets,Ahmedabad,New Emulated Device,828,6,1343.51,171.37,1
TXN-100316,CUST-1039,2025-04-11 08:51:46,652.99,UPI Transfer,Dining & Food,Pune,Desktop Web Browser,969,3,597.05,14.68,0
TXN-100154,CUST-1036,2025-04-11 17:42:20,847.62,POS / In-Store,Utilities & Bills,Chennai,Mobile Web Browser,462,3,1282.45,7.09,0
TXN-101034,CUST-1053,2025-04-11 22:08:53,1127.7,UPI Transfer,Utilities & Bills,Delhi,Desktop Web Browser,1129,3,1897.18,12.32,0
TXN-100560,CUST-1001,2025-04-11 22:30:31,2120.46,Online,Dining & Food,Delhi,Trusted Mobile App (iOS),1548,1,854.04,15.27,0
TXN-100841,CUST-1155,2025-04-11 23:43:15,1399.32,UPI Transfer,Healthcare & Medical,Hyderabad,Desktop Web Browser,240,2,2006.24,16.81,0
TXN-100483,CUST-1098,2025-04-12 02:43:15,1426.27,Online,Dining & Food,Jaipur,Trusted Mobile App (iOS),133,2,1100.98,11.45,0
TXN-100444,CUST-1025,2025-04-12 13:30:03,863.22,POS / In-Store,Grocery & Supermarkets,Chennai,Trusted Mobile App (Android),1331,3,940.97,17.32,0
TXN-100540,CUST-1021,2025-04-12 15:01:09,1418.01,POS / In-Store,Grocery & Supermarkets,Hyderabad,Desktop Web Browser,172,3,910.28,8.77,0
TXN-100358,CUST-1004,2025-04-12 19:09:53,556.05,Online,Utilities & Bills,Jaipur,Trusted Mobile App (iOS),1239,3,692.01,1.49,0
TXN-100822,CUST-1098,2025-04-12 21:40:07,645.95,Online,Grocery & Supermarkets,Jaipur,Trusted Mobile App (iOS),133,3,1197.0,15.72,0
TXN-100445,CUST-1141,2025-04-12 22:40:32,635.89,POS / In-Store,Dining & Food,Chennai,Desktop Web Browser,1030,1,388.89,6.81,0
TXN-100457,CUST-1069,2025-04-13 09:53:56,650.37,Online,Dining & Food,Bengaluru,Trusted Mobile App (iOS),1381,3,1596.25,17.03,0
TXN-100686,CUST-1002,2025-04-13 12:26:34,739.65,UPI Transfer,Grocery & Supermarkets,Hyderabad,Trusted Mobile App (iOS),487,2,704.37,62.25,0
TXN-100904,CUST-1151,2025-04-13 14:41:33,270.61,Online,Dining & Food,Kolkata,Desktop Web Browser,1161,3,158.63,10.73,0
TXN-100859,CUST-1019,2025-04-13 16:44:00,450.66,POS / In-Store,Grocery & Supermarkets,Jaipur,Desktop Web Browser,630,3,1432.04,41.66,0
TXN-100706,CUST-1016,2025-04-13 17:35:51,679.76,UPI Transfer,Grocery & Supermarkets,Kolkata,Desktop Web Browser,571,2,490.37,16.13,0
TXN-100576,CUST-1031,2025-04-13 22:54:23,1519.75,UPI Transfer,Dining & Food,Hyderabad,Trusted Mobile App (Android),976,2,705.26,15.6,0
TXN-101197,CUST-1156,2025-04-14 01:28:59,197065.99,Wire Transfer,Luxury Goods & Jewelry,Jaipur,Unknown Device,816,5,565.27,724.26,1
TXN-101171,CUST-1046,2025-04-14 04:55:20,275472.61,ATM Withdrawal,Electronics & Gadgets,Bengaluru,New Emulated Device,1768,9,1519.6,229.78,1
TXN-100760,CUST-1108,2025-04-14 07:25:42,812.95,Online,Dining & Food,Chennai,Trusted Mobile App (iOS),149,3,1241.57,1.93,0
TXN-100373,CUST-1031,2025-04-14 09:48:31,605.9,UPI Transfer,Grocery & Supermarkets,Hyderabad,Trusted Mobile App (iOS),976,2,944.77,1.3,0
TXN-100440,CUST-1013,2025-04-14 10:18:39,1656.29,Online,Grocery & Supermarkets,Bengaluru,Trusted Mobile App (iOS),1593,1,1801.08,13.02,0
TXN-100486,CUST-1143,2025-04-14 11:46:50,97.4,POS / In-Store,Grocery & Supermarkets,Pune,Trusted Mobile App (Android),120,2,223.32,6.06,0
TXN-100926,CUST-1110,2025-04-14 12:43:08,1133.76,POS / In-Store,Utilities & Bills,Mumbai,Desktop Web Browser,672,2,286.59,16.13,0
TXN-100460,CUST-1041,2025-04-14 16:09:23,1165.3,UPI Transfer,Utilities & Bills,Hyderabad,Desktop Web Browser,1179,2,482.22,6.67,0
TXN-100150,CUST-1131,2025-04-14 16:30:00,1586.04,UPI Transfer,Utilities & Bills,Kolkata,Trusted Mobile App (Android),353,3,1296.44,6.95,0
TXN-100325,CUST-1010,2025-04-14 18:00:26,213.81,Online,Grocery & Supermarkets,Ahmedabad,Desktop Web Browser,599,3,191.41,13.74,0
TXN-100979,CUST-1050,2025-04-14 19:49:30,1276.19,Online,Grocery & Supermarkets,Pune,Desktop Web Browser,988,3,1163.52,1.41,0
TXN-100795,CUST-1017,2025-04-14 22:06:23,798.39,UPI Transfer,Grocery & Supermarkets,Mumbai,Desktop Web Browser,970,1,486.58,17.33,0
TXN-100194,CUST-1071,2025-04-15 00:43:13,657.15,Online,Grocery & Supermarkets,Chennai,Desktop Web Browser,1272,1,524.01,14.73,0
TXN-101152,CUST-1150,2025-04-15 02:44:22,135634.96,Wire Transfer,Crypto & Digital Assets,Pune,Mobile Web Browser,1650,10,373.58,373.25,1
TXN-100435,CUST-1124,2025-04-15 09:28:08,748.12,Online,Grocery & Supermarkets,Pune,Trusted Mobile App (iOS),1405,3,384.28,7.71,0
TXN-100607,CUST-1022,2025-04-15 09:32:59,321.2,POS / In-Store,Grocery & Supermarkets,Mumbai,Desktop Web Browser,496,3,415.28,9.08,0
TXN-100176,CUST-1046,2025-04-15 11:46:21,2678.63,POS / In-Store,Healthcare & Medical,Mumbai,Mobile Web Browser,1793,3,2656.44,61.59,0
TXN-100014,CUST-1108,2025-04-15 14:31:22,1440.06,UPI Transfer,Healthcare & Medical,Chennai,Trusted Mobile App (iOS),149,3,1630.35,8.13,0
TXN-100541,CUST-1163,2025-04-15 16:39:28,1733.18,UPI Transfer,Healthcare & Medical,Delhi,Trusted Mobile App (Android),109,3,2567.89,6.51,0
TXN-100651,CUST-1170,2025-04-15 20:25:17,347.2,POS / In-Store,Dining & Food,Jaipur,Trusted Mobile App (Android),1421,1,392.14,9.52,0
TXN-100434,CUST-1179,2025-04-15 21:40:44,706.94,POS / In-Store,Utilities & Bills,Mumbai,Desktop Web Browser,923,2,475.65,15.85,0
TXN-100646,CUST-1006,2025-04-15 21:42:15,1305.6,Online,Healthcare & Medical,Delhi,Desktop Web Browser,506,3,599.47,10.44,0
TXN-100746,CUST-1096,2025-04-15 22:37:54,893.58,POS / In-Store,Healthcare & Medical,Bengaluru,Trusted Mobile App (Android),977,1,915.82,9.91,0
TXN-101031,CUST-1159,2025-04-16 11:49:10,159.19,Online,Healthcare & Medical,Bengaluru,Trusted Mobile App (Android),80,3,101.89,1.44,0
TXN-100921,CUST-1028,2025-04-16 17:54:41,617.62,POS / In-Store,Healthcare & Medical,Chennai,Desktop Web Browser,1429,1,1739.49,4.04,0
TXN-100295,CUST-1165,2025-04-16 18:56:39,360.3,UPI Transfer,Healthcare & Medical,Ahmedabad,Trusted Mobile App (Android),655,2,307.59,3.77,0
TXN-100157,CUST-1174,2025-04-16 19:52:10,1197.46,Online,Utilities & Bills,Delhi,Desktop Web Browser,919,3,295.43,14.03,0
TXN-100734,CUST-1032,2025-04-17 08:26:31,352.06,UPI Transfer,Healthcare & Medical,Pune,Trusted Mobile App (Android),1340,2,463.23,5.92,0
TXN-100696,CUST-1013,2025-04-17 08:32:10,2060.97,POS / In-Store,Utilities & Bills,Bengaluru,Trusted Mobile App (iOS),1593,2,1656.29,7.94,0
TXN-100131,CUST-1017,2025-04-17 16:54:20,1009.29,Online,Utilities & Bills,Mumbai,Desktop Web Browser,970,3,553.39,12.92,0
TXN-100431,CUST-1122,2025-04-17 19:33:11,1301.1,Online,Grocery & Supermarkets,Kolkata,Trusted Mobile App (Android),448,3,824.16,1.96,0
TXN-100931,CUST-1108,2025-04-17 22:34:23,1182.14,POS / In-Store,Healthcare & Medical,Chennai,Trusted Mobile App (iOS),149,3,812.95,4.53,0
TXN-100943,CUST-1049,2025-04-18 08:15:05,707.49,POS / In-Store,Healthcare & Medical,Kochi,Trusted Mobile App (iOS),818,1,692.45,17.59,0
TXN-100202,CUST-1092,2025-04-18 09:20:33,766.4,Online,Utilities & Bills,Delhi,Trusted Mobile App (iOS),854,1,931.27,12.39,0
TXN-100911,CUST-1069,2025-04-18 14:02:35,727.65,UPI Transfer,Dining & Food,Bengaluru,Trusted Mobile App (iOS),1381,2,1021.27,5.61,0
TXN-100270,CUST-1116,2025-04-18 14:06:56,695.96,Online,Grocery & Supermarkets,Delhi,Desktop Web Browser,1795,1,1485.51,14.57,0
TXN-101028,CUST-1107,2025-04-18 16:05:58,1298.48,Online,Healthcare & Medical,Ahmedabad,Trusted Mobile App (iOS),418,2,772.13,16.72,0
TXN-100721,CUST-1180,2025-04-18 17:58:41,1132.96,POS / In-Store,Healthcare & Medical,Mumbai,Trusted Mobile App (Android),1681,2,585.17,14.97,0
TXN-100482,CUST-1008,2025-04-18 18:12:17,1630.8,Online,Grocery & Supermarkets,Jaipur,Trusted Mobile App (iOS),1496,3,544.52,6.48,0
TXN-100297,CUST-1059,2025-04-18 19:52:18,1260.03,UPI Transfer,Dining & Food,Chennai,Desktop Web Browser,1069,2,754.3,17.4,0
TXN-100220,CUST-1045,2025-04-18 20:29:18,974.75,POS / In-Store,Healthcare & Medical,Bengaluru,Desktop Web Browser,1040,2,1862.86,7.59,0
TXN-100403,CUST-1106,2025-04-18 22:11:43,571.23,UPI Transfer,Utilities & Bills,Jaipur,Desktop Web Browser,1501,3,1272.37,10.21,0
TXN-100493,CUST-1011,2025-04-19 08:12:29,414.55,UPI Transfer,Healthcare & Medical,Mumbai,Trusted Mobile App (iOS),1459,1,700.39,7.47,0
TXN-100464,CUST-1131,2025-04-19 11:06:12,2632.52,UPI Transfer,Dining & Food,Kolkata,Trusted Mobile App (Android),353,1,1733.13,6.72,0
TXN-100501,CUST-1161,2025-04-19 13:03:54,1481.4,Online,Grocery & Supermarkets,Pune,Desktop Web Browser,1799,3,2055.28,1.46,0
TXN-100360,CUST-1166,2025-04-19 16:44:37,817.14,POS / In-Store,Utilities & Bills,Hyderabad,Trusted Mobile App (iOS),78,3,797.59,16.71,0
TXN-100641,CUST-1046,2025-04-19 16:56:14,3582.75,POS / In-Store,Healthcare & Medical,Delhi,Trusted Mobile App (iOS),1793,2,1110.77,9.1,0
TXN-100678,CUST-1025,2025-04-19 17:59:28,1384.37,Online,Utilities & Bills,Chennai,Trusted Mobile App (iOS),1331,3,863.22,16.39,0
TXN-100348,CUST-1085,2025-04-19 22:45:31,1901.26,POS / In-Store,Dining & Food,Bengaluru,Desktop Web Browser,1199,1,858.45,13.03,0
TXN-101127,CUST-1096,2025-04-20 11:18:48,581.82,POS / In-Store,Utilities & Bills,Bengaluru,Trusted Mobile App (Android),977,3,346.46,4.08,0
TXN-100875,CUST-1096,2025-04-20 12:26:46,346.46,UPI Transfer,Grocery & Supermarkets,Bengaluru,Trusted Mobile App (Android),977,3,664.27,6.04,0
TXN-100244,CUST-1136,2025-04-20 12:28:38,200.66,UPI Transfer,Healthcare & Medical,Delhi,Trusted Mobile App (iOS),571,1,217.64,4.23,0
TXN-100615,CUST-1124,2025-04-20 15:40:07,321.44,UPI Transfer,Grocery & Supermarkets,Pune,Trusted Mobile App (iOS),1405,2,748.12,17.55,0
TXN-101120,CUST-1123,2025-04-20 16:21:04,584.64,POS / In-Store,Dining & Food,Kolkata,Trusted Mobile App (iOS),573,1,1239.72,11.52,0
TXN-101022,CUST-1117,2025-04-21 00:50:17,213.97,POS / In-Store,Dining & Food,Hyderabad,Mobile Web Browser,275,2,241.91,5.55,0
TXN-100992,CUST-1120,2025-04-21 14:35:54,342.89,Online,Grocery & Supermarkets,Delhi,Trusted Mobile App (Android),1376,3,263.82,5.46,0
TXN-100232,CUST-1016,2025-04-21 15:38:20,858.17,UPI Transfer,Utilities & Bills,Kolkata,Desktop Web Browser,571,3,953.69,6.16,0
TXN-101073,CUST-1079,2025-04-21 15:54:38,216.39,UPI Transfer,Grocery & Supermarkets,Hyderabad,Desktop Web Browser,481,2,268.48,8.6,0
TXN-100109,CUST-1174,2025-04-21 18:20:49,295.43,POS / In-Store,Healthcare & Medical,Delhi,Desktop Web Browser,919,1,545.7,5.43,0
TXN-100146,CUST-1014,2025-04-21 18:35:18,455.24,POS / In-Store,Utilities & Bills,Kolkata,Trusted Mobile App (iOS),219,3,695.41,7.26,0
TXN-100642,CUST-1029,2025-04-21 22:30:26,393.62,UPI Transfer,Healthcare & Medical,Delhi,Desktop Web Browser,1330,3,250.61,3.24,0
TXN-101157,CUST-1158,2025-04-22 04:46:32,152264.73,Wire Transfer,Electronics & Gadgets,Ahmedabad,Unknown Device,1592,10,1800.18,465.71,1
TXN-100372,CUST-1019,2025-04-22 15:26:06,575.61,Online,Healthcare & Medical,Delhi,Desktop Web Browser,630,3,447.44,11.53,0
TXN-100128,CUST-1020,2025-04-22 18:25:09,180.56,POS / In-Store,Dining & Food,Kochi,Trusted Mobile App (iOS),1212,2,389.91,5.38,0
TXN-100835,CUST-1163,2025-04-22 18:52:50,2059.24,POS / In-Store,Utilities & Bills,Delhi,Mobile Web Browser,109,1,2491.36,13.6,0
TXN-100542,CUST-1121,2025-04-22 20:22:19,560.11,POS / In-Store,Utilities & Bills,Chennai,Desktop Web Browser,1100,3,869.95,35.91,0
TXN-100084,CUST-1072,2025-04-22 20:54:59,1977.23,POS / In-Store,Grocery & Supermarkets,Pune,Trusted Mobile App (iOS),1134,3,970.47,13.93,0
TXN-100222,CUST-1017,2025-04-23 12:23:10,268.84,UPI Transfer,Utilities & Bills,Mumbai,Desktop Web Browser,970,3,1009.29,8.51,0
TXN-100616,CUST-1042,2025-04-23 17:29:23,1687.33,UPI Transfer,Utilities & Bills,Jaipur,Trusted Mobile App (Android),1559,2,2011.11,2.87,0
TXN-100962,CUST-1171,2025-04-23 17:42:20,412.45,Online,Healthcare & Medical,Kolkata,Trusted Mobile App (Android),86,2,1103.72,20.78,0
TXN-101140,CUST-1135,2025-04-24 03:21:09,90798.82,ATM Withdrawal,Crypto & Digital Assets,Delhi,New Emulated Device,1384,9,1613.86,785.06,1
TXN-100697,CUST-1066,2025-04-24 07:07:38,1328.44,UPI Transfer,Grocery & Supermarkets,Hyderabad,Desktop Web Browser,191,1,590.65,8.6,0
TXN-100781,CUST-1131,2025-04-24 10:01:13,1510.43,POS / In-Store,Grocery & Supermarkets,Kolkata,Trusted Mobile App (Android),353,1,1271.04,1.92,0
TXN-100551,CUST-1168,2025-04-24 14:46:40,1116.1,POS / In-Store,Dining & Food,Chennai,Trusted Mobile App (iOS),1613,2,235.27,13.98,0
TXN-100704,CUST-1116,2025-04-24 16:36:07,979.46,Online,Healthcare & Medical,Delhi,Desktop Web Browser,1795,2,573.45,7.36,0
TXN-100103,CUST-1021,2025-04-24 18:19:46,793.93,Online,Utilities & Bills,Pune,Desktop Web Browser,172,3,1216.88,27.09,0
TXN-100199,CUST-1054,2025-04-24 19:59:11,541.31,UPI Transfer,Utilities & Bills,Chennai,Desktop Web Browser,726,2,947.11,3.34,0
TXN-101148,CUST-1023,2025-04-25 01:49:06,88629.84,ATM Withdrawal,Luxury Goods & Jewelry,Bengaluru,Unknown Device,1771,12,408.93,695.78,1
TXN-100708,CUST-1057,2025-04-25 02:41:17,561.26,POS / In-Store,Healthcare & Medical,Chennai,Desktop Web Browser,1590,1,1232.07,11.04,0
TXN-100629,CUST-1179,2025-04-25 10:11:45,267.38,POS / In-Store,Dining & Food,Mumbai,Desktop Web Browser,923,2,503.24,17.67,0
TXN-100329,CUST-1006,2025-04-25 10:23:04,1111.96,POS / In-Store,Utilities & Bills,Delhi,Trusted Mobile App (iOS),506,3,1491.75,14.36,0
TXN-101021,CUST-1101,2025-04-25 15:19:40,1336.27,POS / In-Store,Grocery & Supermarkets,Ahmedabad,Trusted Mobile App (Android),467,2,770.56,10.64,0
TXN-100634,CUST-1178,2025-04-25 16:11:46,1243.13,UPI Transfer,Dining & Food,Kochi,Trusted Mobile App (iOS),551,2,748.8,16.12,0
TXN-100393,CUST-1054,2025-04-25 20:01:06,1079.08,Online,Grocery & Supermarkets,Chennai,Desktop Web Browser,726,3,893.97,2.74,0
TXN-100059,CUST-1089,2025-04-25 20:44:57,874.13,UPI Transfer,Healthcare & Medical,Pune,Trusted Mobile App (Android),897,1,913.0,15.29,0
TXN-100500,CUST-1056,2025-04-25 21:26:50,1085.11,POS / In-Store,Utilities & Bills,Bengaluru,Trusted Mobile App (Android),36,3,1889.3,11.02,0
TXN-100573,CUST-1167,2025-04-26 06:59:05,669.19,POS / In-Store,Dining & Food,Hyderabad,Trusted Mobile App (Android),702,1,534.16,14.63,0
TXN-101121,CUST-1126,2025-04-26 11:25:19,894.85,POS / In-Store,Dining & Food,Delhi,Trusted Mobile App (iOS),968,1,894.1,8.79,0
TXN-100635,CUST-1052,2025-04-26 19:07:06,649.08,POS / In-Store,Utilities & Bills,Mumbai,Desktop Web Browser,1506,3,575.51,7.93,0
TXN-101188,CUST-1056,2025-04-27 03:20:02,143272.3,ATM Withdrawal,Electronics & Gadgets,Pune,Mobile Web Browser,1,10,2483.16,580.1,1
TXN-100610,CUST-1151,2025-04-27 13:19:56,663.03,POS / In-Store,Healthcare & Medical,Kolkata,Trusted Mobile App (iOS),1161,1,451.34,15.68,0
TXN-100668,CUST-1108,2025-04-27 17:29:49,1241.57,Online,Healthcare & Medical,Chennai,Trusted Mobile App (iOS),149,3,1230.05,13.83,0
TXN-100816,CUST-1025,2025-04-27 19:43:00,1777.71,POS / In-Store,Utilities & Bills,Bengaluru,Trusted Mobile App (Android),1331,3,1384.37,38.26,0
TXN-100281,CUST-1060,2025-04-27 22:00:06,982.52,UPI Transfer,Dining & Food,Kochi,Trusted Mobile App (iOS),343,2,773.76,11.25,0
TXN-101105,CUST-1101,2025-04-27 22:18:46,1144.56,UPI Transfer,Healthcare & Medical,Ahmedabad,Trusted Mobile App (Android),467,2,1336.27,2.47,0
TXN-100210,CUST-1083,2025-04-28 03:10:05,342.11,UPI Transfer,Healthcare & Medical,Jaipur,Desktop Web Browser,600,3,386.99,6.0,0
TXN-100740,CUST-1137,2025-04-28 08:31:54,590.56,UPI Transfer,Grocery & Supermarkets,Delhi,Trusted Mobile App (iOS),1550,3,923.3,0.91,0
TXN-100185,CUST-1173,2025-04-28 09:12:43,1813.27,Online,Healthcare & Medical,Kochi,Trusted Mobile App (Android),108,1,932.47,10.78,0
TXN-100040,CUST-1083,2025-04-28 09:14:34,401.57,POS / In-Store,Utilities & Bills,Kochi,Trusted Mobile App (iOS),600,3,491.84,52.29,0
TXN-101062,CUST-1034,2025-04-28 10:42:30,1028.81,UPI Transfer,Utilities & Bills,Kolkata,Trusted Mobile App (iOS),499,1,1529.93,4.88,0
TXN-100079,CUST-1130,2025-04-28 10:54:36,1727.6,Online,Healthcare & Medical,Kolkata,Trusted Mobile App (iOS),530,2,4040.19,15.86,0
TXN-100638,CUST-1098,2025-04-28 11:19:55,1448.43,POS / In-Store,Healthcare & Medical,Jaipur,Trusted Mobile App (iOS),133,2,1142.37,2.19,0
TXN-100306,CUST-1107,2025-04-28 13:28:25,1450.79,POS / In-Store,Utilities & Bills,Ahmedabad,Trusted Mobile App (iOS),418,1,1689.46,14.92,0
TXN-100034,CUST-1107,2025-04-28 14:49:42,701.27,POS / In-Store,Healthcare & Medical,Ahmedabad,Trusted Mobile App (iOS),418,2,797.47,8.38,0
TXN-100770,CUST-1080,2025-04-28 18:00:09,492.37,Online,Grocery & Supermarkets,Mumbai,Trusted Mobile App (iOS),1479,2,799.79,12.01,0
TXN-100187,CUST-1179,2025-04-28 19:58:55,475.65,UPI Transfer,Utilities & Bills,Mumbai,Desktop Web Browser,923,2,360.68,6.13,0
TXN-101182,CUST-1074,2025-04-29 04:37:08,216118.53,ATM Withdrawal,Luxury Goods & Jewelry,Ahmedabad,New Emulated Device,1289,12,2948.4,583.38,1
TXN-100223,CUST-1100,2025-04-29 10:22:13,623.73,POS / In-Store,Utilities & Bills,Hyderabad,Trusted Mobile App (iOS),862,3,1571.07,8.51,0
TXN-100147,CUST-1175,2025-04-29 10:25:02,543.55,UPI Transfer,Dining & Food,Kolkata,Desktop Web Browser,1640,1,557.35,17.77,0
TXN-100078,CUST-1083,2025-04-29 11:17:17,386.99,UPI Transfer,Utilities & Bills,Jaipur,Trusted Mobile App (iOS),600,2,461.36,10.74,0
TXN-100488,CUST-1146,2025-04-29 14:14:49,805.96,UPI Transfer,Dining & Food,Bengaluru,Desktop Web Browser,934,3,472.17,6.79,0
TXN-100575,CUST-1128,2025-04-29 20:21:31,1036.11,Online,Dining & Food,Delhi,Desktop Web Browser,466,1,1377.85,14.2,0
TXN-100178,CUST-1108,2025-04-30 07:15:59,1112.47,POS / In-Store,Grocery & Supermarkets,Chennai,Trusted Mobile App (iOS),149,1,1440.06,2.27,0
TXN-100885,CUST-1004,2025-04-30 07:45:13,862.32,POS / In-Store,Grocery & Supermarkets,Jaipur,Trusted Mobile App (iOS),1239,3,459.95,9.85,0
TXN-100405,CUST-1141,2025-04-30 08:10:56,353.14,Online,Healthcare & Medical,Chennai,Desktop Web Browser,1030,3,1098.6,11.63,0
TXN-100818,CUST-1006,2025-04-30 10:19:34,1904.35,Online,Grocery & Supermarkets,Delhi,Trusted Mobile App (iOS),506,1,1030.32,8.0,0
TXN-100643,CUST-1097,2025-04-30 16:20:50,1056.92,UPI Transfer,Utilities & Bills,Hyderabad,Trusted Mobile App (iOS),937,3,2555.7,10.83,0
TXN-100099,CUST-1024,2025-04-30 19:29:48,884.37,Online,Healthcare & Medical,Hyderabad,Trusted Mobile App (iOS),808,3,1004.12,17.2,0
TXN-100003,CUST-1045,2025-04-30 19:35:26,1293.38,POS / In-Store,Utilities & Bills,Bengaluru,Desktop Web Browser,1040,2,775.84,5.82,0
TXN-100035,CUST-1146,2025-05-01 10:48:49,874.92,Online,Dining & Food,Bengaluru,Desktop Web Browser,934,1,741.71,4.19,0
TXN-100591,CUST-1021,2025-05-01 11:31:51,2115.21,Online,Grocery & Supermarkets,Hyderabad,Desktop Web Browser,172,2,1418.01,1.46,0
TXN-100347,CUST-1155,2025-05-01 13:41:26,3141.79,Online,Dining & Food,Hyderabad,Desktop Web Browser,240,2,2197.39,17.13,0
TXN-100765,CUST-1157,2025-05-02 10:43:04,834.34,UPI Transfer,Grocery & Supermarkets,Kochi,Desktop Web Browser,346,3,828.95,1.41,0
TXN-100736,CUST-1171,2025-05-02 14:57:15,1103.72,POS / In-Store,Utilities & Bills,Jaipur,Mobile Web Browser,86,3,648.83,9.97,0
TXN-100119,CUST-1169,2025-05-02 17:08:22,1563.87,Online,Healthcare & Medical,Chennai,Trusted Mobile App (Android),1343,3,2526.72,10.06,0
TXN-100356,CUST-1054,2025-05-02 18:58:54,893.97,Online,Utilities & Bills,Chennai,Desktop Web Browser,726,3,541.31,17.67,0
TXN-100238,CUST-1026,2025-05-02 21:01:29,553.93,Online,Healthcare & Medical,Kolkata,Trusted Mobile App (iOS),788,1,870.38,15.51,0
TXN-100256,CUST-1148,2025-05-02 21:32:53,1050.07,UPI Transfer,Dining & Food,Jaipur,Trusted Mobile App (iOS),259,2,1348.02,9.24,0
TXN-100949,CUST-1146,2025-05-02 21:42:42,334.11,UPI Transfer,Grocery & Supermarkets,Bengaluru,Desktop Web Browser,934,2,671.89,0.76,0
TXN-101154,CUST-1030,2025-05-03 02:30:10,166502.01,Wire Transfer,Electronics & Gadgets,Hyderabad,New Emulated Device,1439,11,2825.8,461.09,1
TXN-100446,CUST-1061,2025-05-03 07:10:10,178.99,Online,Grocery & Supermarkets,Kolkata,Trusted Mobile App (iOS),1134,1,242.08,10.73,0
TXN-100983,CUST-1146,2025-05-03 08:07:03,355.84,POS / In-Store,Grocery & Supermarkets,Kolkata,Desktop Web Browser,934,1,334.11,46.62,0
TXN-100005,CUST-1170,2025-05-03 09:52:05,446.57,Online,Dining & Food,Hyderabad,Trusted Mobile App (Android),1421,1,358.8,57.0,0
TXN-100120,CUST-1123,2025-05-03 11:04:08,1206.29,Online,Grocery & Supermarkets,Kolkata,Trusted Mobile App (iOS),573,1,817.85,17.01,0
TXN-100562,CUST-1015,2025-05-03 18:36:12,490.98,UPI Transfer,Grocery & Supermarkets,Pune,Trusted Mobile App (iOS),765,2,573.34,6.89,0
TXN-100152,CUST-1135,2025-05-03 19:09:12,1698.51,POS / In-Store,Grocery & Supermarkets,Jaipur,Trusted Mobile App (Android),1388,1,2332.4,4.74,0
TXN-100907,CUST-1115,2025-05-03 20:04:55,621.04,Online,Utilities & Bills,Bengaluru,Trusted Mobile App (iOS),1248,3,693.4,9.67,0
TXN-100370,CUST-1172,2025-05-03 20:53:00,933.73,POS / In-Store,Healthcare & Medical,Delhi,Trusted Mobile App (Android),395,3,646.64,9.91,0
TXN-100151,CUST-1177,2025-05-03 22:16:59,1021.71,POS / In-Store,Healthcare & Medical,Kochi,Trusted Mobile App (iOS),818,1,1263.11,51.77,0
TXN-101170,CUST-1109,2025-05-04 01:38:00,105782.53,ATM Withdrawal,Luxury Goods & Jewelry,Ahmedabad,New Emulated Device,1126,10,1369.13,486.5,1
TXN-100683,CUST-1169,2025-05-04 08:12:51,3152.23,UPI Transfer,Dining & Food,Chennai,Trusted Mobile App (Android),1343,3,1868.92,4.52,0
TXN-100831,CUST-1126,2025-05-04 08:41:12,1232.65,UPI Transfer,Grocery & Supermarkets,Delhi,Trusted Mobile App (iOS),968,2,2117.22,7.92,0
TXN-100252,CUST-1151,2025-05-04 09:19:31,299.19,Online,Dining & Food,Kolkata,Desktop Web Browser,1161,1,352.78,13.27,0
TXN-100294,CUST-1044,2025-05-04 09:30:02,363.67,UPI Transfer,Utilities & Bills,Pune,Trusted Mobile App (Android),479,1,989.32,5.9,0
TXN-100023,CUST-1093,2025-05-04 10:02:28,835.99,POS / In-Store,Utilities & Bills,Kolkata,Trusted Mobile App (iOS),539,3,526.04,3.18,0
TXN-100126,CUST-1172,2025-05-04 12:01:25,536.07,Online,Dining & Food,Delhi,Trusted Mobile App (Android),395,1,1083.3,11.13,0
TXN-101074,CUST-1123,2025-05-04 13:26:53,1239.72,POS / In-Store,Utilities & Bills,Kolkata,Trusted Mobile App (iOS),573,1,522.6,16.93,0
TXN-100883,CUST-1024,2025-05-04 14:05:27,595.73,POS / In-Store,Healthcare & Medical,Hyderabad,Trusted Mobile App (iOS),808,1,925.93,1.5,0
TXN-100550,CUST-1137,2025-05-04 20:39:42,964.96,UPI Transfer,Grocery & Supermarkets,Delhi,Trusted Mobile App (iOS),1550,2,591.47,15.52,0
TXN-100750,CUST-1088,2025-05-04 21:17:22,973.03,UPI Transfer,Utilities & Bills,Delhi,Trusted Mobile App (iOS),1379,1,1342.56,17.7,0
TXN-100964,CUST-1116,2025-05-05 01:33:58,529.2,POS / In-Store,Dining & Food,Delhi,Mobile Web Browser,1795,3,979.46,4.33,0
TXN-100072,CUST-1055,2025-05-05 07:03:34,614.78,POS / In-Store,Dining & Food,Delhi,Trusted Mobile App (Android),920,1,835.64,4.76,0
TXN-100104,CUST-1097,2025-05-05 11:42:45,1837.89,POS / In-Store,Healthcare & Medical,Hyderabad,Trusted Mobile App (iOS),937,3,1945.6,17.07,0
TXN-101020,CUST-1097,2025-05-05 15:56:54,2363.56,UPI Transfer,Utilities & Bills,Hyderabad,Trusted Mobile App (Android),937,2,1449.7,10.04,0
TXN-100912,CUST-1014,2025-05-05 17:51:43,1145.5,UPI Transfer,Utilities & Bills,Hyderabad,Trusted Mobile App (iOS),219,2,571.76,49.4,0
TXN-100097,CUST-1145,2025-05-05 17:55:32,258.34,UPI Transfer,Utilities & Bills,Kolkata,Desktop Web Browser,566,2,388.1,28.3,0
TXN-100565,CUST-1139,2025-05-05 21:01:48,669.14,Online,Healthcare & Medical,Chennai,Desktop Web Browser,461,1,444.72,1.48,0
TXN-100574,CUST-1037,2025-05-05 21:26:14,518.31,POS / In-Store,Dining & Food,Kochi,Desktop Web Browser,674,3,441.55,3.55,0
TXN-100312,CUST-1034,2025-05-06 07:14:12,1154.31,POS / In-Store,Utilities & Bills,Kolkata,Trusted Mobile App (iOS),499,2,1527.41,14.59,0
TXN-100563,CUST-1075,2025-05-06 08:24:55,1787.2,Online,Utilities & Bills,Kolkata,Trusted Mobile App (Android),1089,2,1876.87,5.73,0
TXN-100530,CUST-1127,2025-05-06 09:13:01,767.64,Online,Dining & Food,Kochi,Trusted Mobile App (iOS),234,2,886.44,16.03,0
TXN-100672,CUST-1143,2025-05-06 14:58:08,88.89,Online,Grocery & Supermarkets,Pune,Trusted Mobile App (Android),120,2,126.67,8.59,0
TXN-100707,CUST-1160,2025-05-06 20:01:58,707.64,UPI Transfer,Dining & Food,Bengaluru,Desktop Web Browser,710,3,296.38,13.21,0
TXN-100018,CUST-1058,2025-05-07 08:48:27,830.63,POS / In-Store,Dining & Food,Bengaluru,Desktop Web Browser,247,1,654.66,4.83,0
TXN-100941,CUST-1081,2025-05-07 19:10:08,346.33,UPI Transfer,Grocery & Supermarkets,Mumbai,Trusted Mobile App (iOS),168,1,340.99,7.0,0
TXN-100390,CUST-1151,2025-05-07 20:46:08,451.34,POS / In-Store,Healthcare & Medical,Kolkata,Trusted Mobile App (Android),1161,2,361.24,4.9,0
TXN-100478,CUST-1120,2025-05-08 03:23:34,209.11,POS / In-Store,Utilities & Bills,Delhi,Trusted Mobile App (Android),1376,1,472.06,12.06,0
TXN-100086,CUST-1145,2025-05-08 11:47:52,388.1,Online,Healthcare & Medical,Bengaluru,Desktop Web Browser,566,2,488.84,1.04,0
TXN-100215,CUST-1064,2025-05-08 12:41:44,1025.31,POS / In-Store,Healthcare & Medical,Delhi,Trusted Mobile App (Android),1733,2,985.37,10.36,0
TXN-100317,CUST-1007,2025-05-08 16:16:16,437.82,POS / In-Store,Dining & Food,Jaipur,Desktop Web Browser,84,2,612.41,7.58,0
TXN-100700,CUST-1044,2025-05-08 19:55:14,415.3,UPI Transfer,Utilities & Bills,Pune,Trusted Mobile App (Android),479,3,527.78,13.52,0
TXN-101076,CUST-1030,2025-05-08 21:37:39,2825.8,POS / In-Store,Utilities & Bills,Bengaluru,Desktop Web Browser,1523,2,875.5,10.18,0
TXN-100864,CUST-1172,2025-05-08 21:55:13,1357.41,UPI Transfer,Utilities & Bills,Delhi,Trusted Mobile App (Android),395,1,1055.18,7.19,0
TXN-100720,CUST-1010,2025-05-09 04:38:38,492.61,UPI Transfer,Healthcare & Medical,Ahmedabad,Desktop Web Browser,599,3,170.02,10.55,0
TXN-101101,CUST-1143,2025-05-09 08:40:27,281.93,Online,Dining & Food,Pune,Trusted Mobile App (Android),120,2,197.34,4.8,0
TXN-100332,CUST-1026,2025-05-09 11:26:39,448.98,Online,Utilities & Bills,Kolkata,Trusted Mobile App (iOS),788,1,553.93,2.34,0
TXN-100387,CUST-1145,2025-05-09 11:47:19,423.12,UPI Transfer,Dining & Food,Bengaluru,Desktop Web Browser,566,1,347.1,16.94,0
TXN-100547,CUST-1061,2025-05-09 12:13:57,244.87,UPI Transfer,Grocery & Supermarkets,Kolkata,Trusted Mobile App (iOS),1134,1,411.55,15.23,0
TXN-100872,CUST-1026,2025-05-09 14:02:08,777.95,Online,Dining & Food,Kolkata,Trusted Mobile App (iOS),788,3,1784.25,5.74,0
TXN-100314,CUST-1131,2025-05-09 14:48:00,1733.13,UPI Transfer,Utilities & Bills,Kolkata,Trusted Mobile App (Android),353,3,1262.62,10.33,0
TXN-101068,CUST-1014,2025-05-09 18:59:54,1379.1,UPI Transfer,Dining & Food,Kolkata,Trusted Mobile App (iOS),219,1,513.99,11.15,0
TXN-100240,CUST-1096,2025-05-10 00:50:07,915.82,POS / In-Store,Dining & Food,Bengaluru,Trusted Mobile App (Android),977,2,263.86,7.44,0
TXN-101145,CUST-1094,2025-05-10 04:26:21,166340.01,Online,Electronics & Gadgets,Mumbai,Mobile Web Browser,1118,9,1087.65,167.42,1
TXN-101163,CUST-1055,2025-05-10 04:53:29,259515.77,Wire Transfer,Crypto & Digital Assets,Jaipur,Unknown Device,823,10,861.44,635.54,1
TXN-100477,CUST-1179,2025-05-10 08:16:12,512.32,POS / In-Store,Utilities & Bills,Mumbai,Desktop Web Browser,923,1,727.29,5.47,0
TXN-100812,CUST-1175,2025-05-10 10:51:49,644.95,Online,Healthcare & Medical,Kolkata,Desktop Web Browser,1640,3,605.8,12.12,0
TXN-100166,CUST-1103,2025-05-10 11:30:30,546.02,Online,Healthcare & Medical,Pune,Trusted Mobile App (iOS),829,2,687.44,4.84,0
TXN-100009,CUST-1119,2025-05-10 17:48:15,1239.25,POS / In-Store,Healthcare & Medical,Kochi,Trusted Mobile App (iOS),1298,3,890.78,11.22,0
TXN-100117,CUST-1171,2025-05-10 18:04:25,1655.58,UPI Transfer,Healthcare & Medical,Jaipur,Trusted Mobile App (iOS),86,1,726.04,47.9,0
TXN-101045,CUST-1025,2025-05-10 22:20:27,675.91,POS / In-Store,Dining & Food,Chennai,Trusted Mobile App (Android),1331,1,1072.17,17.67,0
TXN-100069,CUST-1095,2025-05-11 04:41:32,1660.6,POS / In-Store,Dining & Food,Ahmedabad,Trusted Mobile App (iOS),894,2,929.34,9.95,0
TXN-100633,CUST-1004,2025-05-11 10:25:29,459.95,Online,Healthcare & Medical,Jaipur,Trusted Mobile App (iOS),1239,2,851.21,12.02,0
TXN-100809,CUST-1020,2025-05-11 15:09:51,578.11,POS / In-Store,Dining & Food,Kochi,Trusted Mobile App (Android),1212,2,314.65,3.61,0
TXN-101180,CUST-1103,2025-05-12 03:17:46,258790.41,Wire Transfer,Electronics & Gadgets,Mumbai,Unknown Device,794,7,1538.14,417.24,1
TXN-100796,CUST-1027,2025-05-12 08:52:40,851.52,Online,Healthcare & Medical,Kolkata,Trusted Mobile App (iOS),1402,2,397.74,9.05,0
TXN-100745,CUST-1151,2025-05-12 11:19:55,636.8,POS / In-Store,Dining & Food,Kolkata,Desktop Web Browser,1161,1,663.03,8.3,0
TXN-100884,CUST-1109,2025-05-12 11:30:09,1009.05,POS / In-Store,Grocery & Supermarkets,Kochi,Desktop Web Browser,1140,2,954.93,12.49,0
TXN-100155,CUST-1091,2025-05-12 15:39:33,839.26,UPI Transfer,Dining & Food,Mumbai,Desktop Web Browser,1368,2,1047.31,17.25,0
TXN-100595,CUST-1137,2025-05-12 16:28:44,971.74,Online,Healthcare & Medical,Delhi,Trusted Mobile App (iOS),1550,1,964.96,14.5,0
TXN-100102,CUST-1087,2025-05-12 17:04:33,346.71,UPI Transfer,Dining & Food,Ahmedabad,Trusted Mobile App (Android),419,2,270.25,10.26,0
TXN-100742,CUST-1105,2025-05-12 17:11:42,1079.19,UPI Transfer,Dining & Food,Pune,Desktop Web Browser,1526,2,619.97,1.52,0
TXN-101077,CUST-1005,2025-05-12 18:34:58,2259.11,Online,Healthcare & Medical,Pune,Trusted Mobile App (iOS),91,1,3198.88,11.01,0
TXN-100806,CUST-1178,2025-05-12 19:21:37,2013.55,Online,Utilities & Bills,Kochi,Trusted Mobile App (iOS),551,1,768.58,15.48,0
TXN-100881,CUST-1064,2025-05-12 21:11:43,663.26,UPI Transfer,Utilities & Bills,Delhi,Trusted Mobile App (Android),1733,2,633.7,6.7,0
TXN-100767,CUST-1167,2025-05-12 21:33:41,807.83,POS / In-Store,Grocery & Supermarkets,Hyderabad,Trusted Mobile App (Android),702,3,546.75,3.87,0
TXN-101149,CUST-1064,2025-05-13 02:47:48,117328.85,ATM Withdrawal,Luxury Goods & Jewelry,Hyderabad,New Emulated Device,1698,7,1590.25,346.66,1
TXN-100842,CUST-1095,2025-05-13 09:41:52,935.15,UPI Transfer,Grocery & Supermarkets,Hyderabad,Trusted Mobile App (iOS),894,2,709.04,71.75,0
TXN-100570,CUST-1031,2025-05-13 11:20:58,705.26,POS / In-Store,Dining & Food,Hyderabad,Trusted Mobile App (iOS),976,2,1140.83,14.38,0
TXN-100855,CUST-1128,2025-05-13 16:09:26,1544.58,Online,Utilities & Bills,Delhi,Desktop Web Browser,466,2,440.73,15.36,0
TXN-100687,CUST-1175,2025-05-13 18:37:34,605.8,Online,Healthcare & Medical,Delhi,Desktop Web Browser,1640,3,678.93,66.03,0
TXN-100953,CUST-1022,2025-05-13 21:16:11,709.25,POS / In-Store,Grocery & Supermarkets,Mumbai,Desktop Web Browser,496,3,277.49,17.85,0
TXN-101173,CUST-1013,2025-05-14 03:16:53,253953.99,Online,Electronics & Gadgets,Ahmedabad,New Emulated Device,1571,9,1204.61,366.35,1
TXN-101169,CUST-1148,2025-05-14 04:00:00,164138.05,Wire Transfer,Luxury Goods & Jewelry,Ahmedabad,Mobile Web Browser,221,5,1124.99,597.29,1
TXN-100081,CUST-1040,2025-05-14 08:49:04,525.47,Online,Utilities & Bills,Bengaluru,Trusted Mobile App (Android),315,1,711.91,15.06,0
TXN-100485,CUST-1080,2025-05-14 11:27:31,799.79,Online,Utilities & Bills,Bengaluru,Trusted Mobile App (iOS),1479,1,988.41,56.09,0
TXN-100001,CUST-1138,2025-05-14 13:23:10,1370.15,POS / In-Store,Grocery & Supermarkets,Jaipur,Desktop Web Browser,587,3,1381.65,17.11,0
TXN-100619,CUST-1179,2025-05-14 18:52:40,503.24,UPI Transfer,Healthcare & Medical,Mumbai,Desktop Web Browser,923,2,512.32,2.9,0
TXN-100140,CUST-1019,2025-05-14 21:26:18,758.17,UPI Transfer,Utilities & Bills,Delhi,Desktop Web Browser,630,3,785.68,4.07,0
TXN-100561,CUST-1099,2025-05-14 22:07:25,338.4,POS / In-Store,Utilities & Bills,Jaipur,Trusted Mobile App (iOS),221,2,454.03,16.86,0
TXN-100856,CUST-1129,2025-05-14 22:40:30,916.46,UPI Transfer,Grocery & Supermarkets,Jaipur,Trusted Mobile App (Android),301,2,1055.51,9.16,0
TXN-100318,CUST-1057,2025-05-14 22:58:27,626.24,POS / In-Store,Dining & Food,Kolkata,Desktop Web Browser,1590,2,362.22,47.9,0
TXN-100503,CUST-1170,2025-05-15 12:29:13,392.14,UPI Transfer,Utilities & Bills,Jaipur,Trusted Mobile App (Android),1421,2,122.0,6.8,0
TXN-100012,CUST-1099,2025-05-15 13:04:25,436.05,Online,Dining & Food,Jaipur,Trusted Mobile App (iOS),221,2,432.4,6.29,0
TXN-100021,CUST-1152,2025-05-15 14:06:47,852.09,Online,Grocery & Supermarkets,Bengaluru,Trusted Mobile App (Android),291,2,1274.23,5.78,0
TXN-100758,CUST-1006,2025-05-15 15:43:52,379.05,UPI Transfer,Healthcare & Medical,Delhi,Trusted Mobile App (iOS),506,2,1075.55,8.44,0
TXN-100701,CUST-1173,2025-05-15 16:05:00,1220.87,Online,Dining & Food,Kochi,Trusted Mobile App (Android),108,1,350.19,0.74,0
TXN-100935,CUST-1007,2025-05-16 04:09:58,754.15,Online,Healthcare & Medical,Jaipur,Desktop Web Browser,84,3,765.98,12.77,0
TXN-100954,CUST-1063,2025-05-16 07:09:57,853.82,UPI Transfer,Grocery & Supermarkets,Kolkata,Trusted Mobile App (Android),69,1,1657.07,5.59,0
TXN-100196,CUST-1063,2025-05-16 09:41:24,415.29,POS / In-Store,Healthcare & Medical,Mumbai,Trusted Mobile App (Android),69,1,926.82,25.14,0
TXN-100242,CUST-1003,2025-05-16 10:55:02,503.12,UPI Transfer,Grocery & Supermarkets,Bengaluru,Desktop Web Browser,239,3,692.0,2.81,0
TXN-100182,CUST-1082,2025-05-16 11:19:56,962.88,Online,Utilities & Bills,Mumbai,Trusted Mobile App (Android),175,3,1700.76,13.7,0
TXN-100804,CUST-1018,2025-05-16 13:58:14,438.87,UPI Transfer,Grocery & Supermarkets,Jaipur,Trusted Mobile App (iOS),805,1,725.42,17.87,0
TXN-101089,CUST-1103,2025-05-16 16:07:23,1538.14,POS / In-Store,Grocery & Supermarkets,Pune,Trusted Mobile App (iOS),829,3,523.31,14.93,0
TXN-100803,CUST-1047,2025-05-16 19:44:55,1061.86,POS / In-Store,Utilities & Bills,Hyderabad,Trusted Mobile App (iOS),1315,3,551.18,68.7,0
TXN-100355,CUST-1155,2025-05-16 22:18:10,1623.27,UPI Transfer,Dining & Food,Hyderabad,Desktop Web Browser,240,1,3141.79,15.25,0
TXN-100455,CUST-1160,2025-05-17 08:23:36,296.38,Online,Healthcare & Medical,Bengaluru,Desktop Web Browser,710,1,352.21,13.06,0
TXN-100466,CUST-1177,2025-05-17 10:38:30,2607.93,UPI Transfer,Grocery & Supermarkets,Jaipur,Trusted Mobile App (iOS),818,1,1138.53,1.15,0
TXN-100898,CUST-1027,2025-05-17 12:12:20,624.32,Online,Dining & Food,Kochi,Trusted Mobile App (iOS),1402,2,851.52,54.59,0
TXN-100652,CUST-1161,2025-05-17 12:36:46,2755.79,UPI Transfer,Utilities & Bills,Pune,Desktop Web Browser,1799,3,1481.4,12.06,0
TXN-100156,CUST-1074,2025-05-17 22:20:35,728.0,UPI Transfer,Grocery & Supermarkets,Pune,Desktop Web Browser,1360,3,1884.04,10.31,0
TXN-100913,CUST-1022,2025-05-17 23:41:23,277.49,UPI Transfer,Utilities & Bills,Mumbai,Desktop Web Browser,496,1,349.27,2.84,0
TXN-100401,CUST-1002,2025-05-18 07:36:23,392.59,Online,Utilities & Bills,Chennai,Trusted Mobile App (iOS),487,2,448.8,9.6,0
TXN-100832,CUST-1162,2025-05-18 11:16:12,456.83,Online,Dining & Food,Hyderabad,Trusted Mobile App (Android),356,1,225.73,17.02,0
TXN-100497,CUST-1135,2025-05-18 12:24:34,3394.69,UPI Transfer,Dining & Food,Jaipur,Trusted Mobile App (Android),1388,1,1360.19,1.27,0
TXN-100429,CUST-1075,2025-05-18 19:17:36,1876.87,UPI Transfer,Dining & Food,Kolkata,Mobile Web Browser,1089,1,2038.0,14.17,0
TXN-100234,CUST-1038,2025-05-19 14:48:25,567.55,POS / In-Store,Utilities & Bills,Hyderabad,Desktop Web Browser,1052,3,661.92,7.37,0
TXN-101063,CUST-1114,2025-05-19 18:49:40,1141.16,UPI Transfer,Utilities & Bills,Jaipur,Trusted Mobile App (iOS),1773,3,822.16,15.71,0
TXN-100534,CUST-1082,2025-05-19 19:27:20,1140.8,Online,Healthcare & Medical,Mumbai,Trusted Mobile App (Android),175,2,2068.5,12.09,0
TXN-100538,CUST-1061,2025-05-19 20:59:58,411.55,POS / In-Store,Utilities & Bills,Kolkata,Mobile Web Browser,1134,1,178.99,6.92,0
TXN-100694,CUST-1176,2025-05-19 22:33:56,1593.24,UPI Transfer,Grocery & Supermarkets,Kolkata,Trusted Mobile App (Android),1271,2,949.69,9.68,0
TXN-100492,CUST-1098,2025-05-20 08:33:46,1557.0,Online,Healthcare & Medical,Jaipur,Trusted Mobile App (iOS),133,3,1426.27,8.5,0
TXN-100993,CUST-1072,2025-05-20 09:36:23,1348.32,UPI Transfer,Utilities & Bills,Pune,Trusted Mobile App (iOS),1134,1,590.98,7.88,0
TXN-100882,CUST-1134,2025-05-20 12:17:52,1006.6,UPI Transfer,Healthcare & Medical,Jaipur,Trusted Mobile App (iOS),1397,2,411.64,5.84,0
TXN-100054,CUST-1161,2025-05-20 13:27:57,1570.39,Online,Utilities & Bills,Pune,Desktop Web Browser,1799,1,1762.59,9.97,0
TXN-100125,CUST-1155,2025-05-20 21:22:05,2290.07,UPI Transfer,Grocery & Supermarkets,Hyderabad,Mobile Web Browser,240,1,1499.62,13.22,0
TXN-100850,CUST-1057,2025-05-20 22:57:54,305.49,Online,Utilities & Bills,Chennai,Mobile Web Browser,1590,1,644.58,12.15,0
TXN-101070,CUST-1100,2025-05-21 01:29:15,627.22,UPI Transfer,Utilities & Bills,Hyderabad,Trusted Mobile App (iOS),862,1,1254.59,17.84,0
TXN-100863,CUST-1161,2025-05-21 08:07:44,3066.37,Online,Healthcare & Medical,Pune,Desktop Web Browser,1799,3,2755.79,9.05,0
TXN-101057,CUST-1070,2025-05-21 08:31:39,2455.82,UPI Transfer,Dining & Food,Ahmedabad,Desktop Web Browser,368,1,3195.28,11.88,0
TXN-100999,CUST-1177,2025-05-21 12:05:55,1177.73,POS / In-Store,Grocery & Supermarkets,Jaipur,Trusted Mobile App (iOS),818,3,904.33,16.29,0
TXN-100206,CUST-1022,2025-05-21 18:01:01,260.55,Online,Healthcare & Medical,Mumbai,Desktop Web Browser,496,1,414.93,17.62,0
TXN-100709,CUST-1076,2025-05-21 20:53:03,728.07,Online,Dining & Food,Kolkata,Trusted Mobile App (iOS),537,2,276.78,63.78,0
TXN-101069,CUST-1088,2025-05-21 20:55:33,506.43,Online,Grocery & Supermarkets,Delhi,Trusted Mobile App (iOS),1379,3,973.03,13.26,0
TXN-100049,CUST-1073,2025-05-21 22:55:34,1996.48,POS / In-Store,Healthcare & Medical,Hyderabad,Desktop Web Browser,668,2,1416.69,9.93,0
TXN-101172,CUST-1132,2025-05-22 04:27:44,236016.25,Online,Luxury Goods & Jewelry,Mumbai,Unknown Device,1424,12,921.72,459.28,1
TXN-101046,CUST-1045,2025-05-22 09:29:10,709.13,POS / In-Store,Utilities & Bills,Bengaluru,Desktop Web Browser,1040,1,906.31,7.85,0
TXN-100725,CUST-1078,2025-05-22 10:46:42,722.8,UPI Transfer,Grocery & Supermarkets,Mumbai,Desktop Web Browser,1164,1,574.17,7.03,0
TXN-100410,CUST-1073,2025-05-22 18:22:05,1661.93,UPI Transfer,Grocery & Supermarkets,Chennai,Mobile Web Browser,668,2,618.14,32.45,0
TXN-100343,CUST-1170,2025-05-22 18:42:37,122.0,POS / In-Store,Grocery & Supermarkets,Jaipur,Trusted Mobile App (Android),1421,1,298.57,7.24,0
TXN-100285,CUST-1046,2025-05-22 19:54:54,2385.98,POS / In-Store,Dining & Food,Kochi,Trusted Mobile App (iOS),1793,3,2678.63,21.78,0
TXN-100715,CUST-1041,2025-05-22 21:48:13,1065.31,POS / In-Store,Utilities & Bills,Hyderabad,Desktop Web Browser,1179,2,1514.86,13.32,0
TXN-100878,CUST-1135,2025-05-22 22:06:06,4070.23,POS / In-Store,Utilities & Bills,Jaipur,Trusted Mobile App (Android),1388,3,3854.34,12.76,0
TXN-100469,CUST-1173,2025-05-23 01:24:11,1189.15,UPI Transfer,Utilities & Bills,Kochi,Trusted Mobile App (Android),108,2,998.61,51.64,0
TXN-100255,CUST-1069,2025-05-23 07:43:42,958.71,UPI Transfer,Grocery & Supermarkets,Bengaluru,Trusted Mobile App (iOS),1381,2,818.77,1.01,0
TXN-101004,CUST-1166,2025-05-23 09:04:54,1011.85,UPI Transfer,Healthcare & Medical,Mumbai,Trusted Mobile App (iOS),78,1,821.26,31.69,0
TXN-100404,CUST-1102,2025-05-23 10:47:40,1997.18,Online,Healthcare & Medical,Pune,Trusted Mobile App (iOS),367,2,601.67,14.2,0
TXN-100826,CUST-1157,2025-05-23 11:52:47,1147.36,Online,Utilities & Bills,Ahmedabad,Desktop Web Browser,346,3,663.65,21.09,0
TXN-100191,CUST-1044,2025-05-23 12:08:58,989.32,POS / In-Store,Grocery & Supermarkets,Pune,Trusted Mobile App (iOS),479,1,537.95,9.05,0
TXN-100063,CUST-1094,2025-05-23 16:20:38,983.91,POS / In-Store,Utilities & Bills,Hyderabad,Trusted Mobile App (iOS),1128,3,899.55,3.57,0
TXN-100362,CUST-1140,2025-05-24 13:18:35,1183.45,Online,Grocery & Supermarkets,Kolkata,Trusted Mobile App (iOS),1437,2,1792.06,17.71,0
TXN-100221,CUST-1008,2025-05-24 13:28:43,779.93,Online,Utilities & Bills,Jaipur,Trusted Mobile App (iOS),1496,3,1058.4,7.3,0
TXN-100476,CUST-1054,2025-05-24 13:34:37,1214.01,POS / In-Store,Dining & Food,Chennai,Desktop Web Browser,726,3,1079.08,5.03,0
TXN-100705,CUST-1127,2025-05-24 16:02:02,1588.05,POS / In-Store,Healthcare & Medical,Kochi,Desktop Web Browser,234,1,767.64,9.01,0
TXN-100030,CUST-1056,2025-05-24 16:06:49,995.74,UPI Transfer,Grocery & Supermarkets,Bengaluru,Trusted Mobile App (Android),36,3,1305.51,5.68,0
TXN-100598,CUST-1114,2025-05-24 16:12:27,985.73,POS / In-Store,Utilities & Bills,Jaipur,Trusted Mobile App (iOS),1773,2,965.38,15.76,0
TXN-100896,CUST-1153,2025-05-24 22:18:48,3728.96,POS / In-Store,Dining & Food,Mumbai,Trusted Mobile App (Android),776,3,3864.48,1.95,0
TXN-101153,CUST-1129,2025-05-25 03:05:42,174628.63,Online,Luxury Goods & Jewelry,Kochi,New Emulated Device,297,9,1711.09,684.59,1
TXN-100984,CUST-1134,2025-05-25 10:12:27,846.59,Online,Dining & Food,Jaipur,Trusted Mobile App (iOS),1397,2,1006.6,9.88,0
TXN-101116,CUST-1004,2025-05-25 11:06:32,847.88,POS / In-Store,Utilities & Bills,Jaipur,Trusted Mobile App (iOS),1239,2,816.58,14.37,0
TXN-100866,CUST-1178,2025-05-25 12:24:33,1317.39,POS / In-Store,Dining & Food,Kochi,Trusted Mobile App (iOS),551,1,2013.55,11.78,0
TXN-100902,CUST-1170,2025-05-25 16:30:30,364.67,UPI Transfer,Healthcare & Medical,Jaipur,Trusted Mobile App (Android),1421,2,347.2,11.11,0
TXN-100937,CUST-1121,2025-05-25 16:30:52,395.25,POS / In-Store,Grocery & Supermarkets,Kochi,Desktop Web Browser,1100,2,501.77,6.4,0
TXN-100371,CUST-1019,2025-05-26 07:29:48,447.44,Online,Utilities & Bills,Delhi,Desktop Web Browser,630,3,619.92,1.16,0
TXN-100025,CUST-1063,2025-05-26 19:21:22,926.82,Online,Utilities & Bills,Kolkata,Trusted Mobile App (Android),69,2,722.06,15.39,0
TXN-100909,CUST-1113,2025-05-26 19:25:42,522.44,POS / In-Store,Dining & Food,Jaipur,Trusted Mobile App (iOS),146,3,473.38,4.12,0
TXN-100710,CUST-1177,2025-05-26 22:08:41,958.78,UPI Transfer,Healthcare & Medical,Jaipur,Trusted Mobile App (iOS),818,2,2607.93,3.24,0
TXN-100017,CUST-1072,2025-05-27 00:37:11,970.47,POS / In-Store,Grocery & Supermarkets,Pune,Trusted Mobile App (iOS),1134,2,933.54,15.11,0
TXN-101200,CUST-1126,2025-05-27 03:21:06,221838.08,Wire Transfer,Electronics & Gadgets,Kolkata,New Emulated Device,896,9,894.85,623.11,1
TXN-100170,CUST-1175,2025-05-27 09:33:28,962.89,POS / In-Store,Grocery & Supermarkets,Kolkata,Desktop Web Browser,1640,1,543.55,12.82,0
TXN-100997,CUST-1082,2025-05-27 09:35:38,1301.92,UPI Transfer,Healthcare & Medical,Mumbai,Trusted Mobile App (Android),175,2,1587.28,9.14,0
TXN-100108,CUST-1073,2025-05-27 21:14:49,903.45,UPI Transfer,Dining & Food,Hyderabad,Desktop Web Browser,668,2,1996.48,5.92,0
TXN-100398,CUST-1129,2025-05-27 22:42:34,1587.72,POS / In-Store,Healthcare & Medical,Jaipur,Trusted Mobile App (Android),301,3,755.31,11.06,0
TXN-100906,CUST-1122,2025-05-28 11:02:40,1735.64,POS / In-Store,Utilities & Bills,Kolkata,Trusted Mobile App (Android),448,2,1301.1,7.82,0
TXN-100624,CUST-1124,2025-05-28 13:06:56,446.86,UPI Transfer,Grocery & Supermarkets,Pune,Trusted Mobile App (iOS),1405,2,321.44,12.05,0
TXN-100471,CUST-1034,2025-05-28 13:31:50,1405.7,POS / In-Store,Dining & Food,Kolkata,Trusted Mobile App (iOS),499,1,1180.28,10.5,0
TXN-100263,CUST-1001,2025-05-28 16:06:58,457.5,Online,Dining & Food,Delhi,Trusted Mobile App (iOS),1548,3,1033.84,17.7,0
TXN-100630,CUST-1029,2025-05-28 20:25:30,250.61,UPI Transfer,Utilities & Bills,Delhi,Desktop Web Browser,1330,3,624.12,2.43,0
TXN-100357,CUST-1030,2025-05-28 22:37:06,1082.12,POS / In-Store,Utilities & Bills,Bengaluru,Desktop Web Browser,1523,2,1190.14,12.18,0
TXN-100622,CUST-1134,2025-05-29 06:35:06,375.68,Online,Dining & Food,Jaipur,Trusted Mobile App (iOS),1397,1,690.92,5.83,0
TXN-100920,CUST-1004,2025-05-29 08:08:54,816.58,POS / In-Store,Grocery & Supermarkets,Jaipur,Trusted Mobile App (iOS),1239,1,862.32,1.96,0
TXN-100324,CUST-1148,2025-05-29 09:08:08,1181.68,UPI Transfer,Healthcare & Medical,Jaipur,Trusted Mobile App (iOS),259,1,1050.07,11.59,0
TXN-100490,CUST-1105,2025-05-29 11:00:33,454.77,Online,Dining & Food,Pune,Desktop Web Browser,1526,1,486.82,32.24,0
TXN-101059,CUST-1100,2025-05-29 11:27:04,1254.59,Online,Utilities & Bills,Hyderabad,Trusted Mobile App (iOS),862,2,1925.59,10.12,0
TXN-100618,CUST-1047,2025-05-29 12:34:38,551.18,UPI Transfer,Utilities & Bills,Delhi,Trusted Mobile App (iOS),1315,3,672.01,6.03,0
TXN-100851,CUST-1148,2025-05-29 19:23:27,2396.62,POS / In-Store,Healthcare & Medical,Jaipur,Mobile Web Browser,259,1,1098.1,6.51,0
TXN-100805,CUST-1130,2025-05-29 20:28:51,3148.05,Online,Grocery & Supermarkets,Kolkata,Trusted Mobile App (iOS),530,3,4979.98,4.13,0
TXN-100111,CUST-1022,2025-05-29 21:57:55,414.93,Online,Healthcare & Medical,Mumbai,Desktop Web Browser,496,2,363.28,15.04,0
TXN-100041,CUST-1011,2025-05-29 22:33:44,348.83,POS / In-Store,Healthcare & Medical,Mumbai,Trusted Mobile App (iOS),1459,3,421.16,16.53,0
TXN-100719,CUST-1038,2025-05-30 09:05:04,655.5,UPI Transfer,Grocery & Supermarkets,Hyderabad,Desktop Web Browser,1052,2,946.93,7.53,0
TXN-101133,CUST-1148,2025-05-30 15:51:53,1124.99,Online,Grocery & Supermarkets,Jaipur,Trusted Mobile App (Android),259,1,2393.85,11.28,0
TXN-100589,CUST-1119,2025-05-30 19:11:42,1364.81,POS / In-Store,Grocery & Supermarkets,Kochi,Trusted Mobile App (iOS),1298,3,1184.76,6.98,0
TXN-100833,CUST-1030,2025-05-30 19:25:26,2190.6,Online,Healthcare & Medical,Bengaluru,Desktop Web Browser,1523,1,1359.27,17.55,0
TXN-101107,CUST-1033,2025-05-31 05:37:06,896.64,POS / In-Store,Dining & Food,Jaipur,Trusted Mobile App (iOS),1432,1,465.79,15.62,0
TXN-101050,CUST-1093,2025-05-31 09:21:55,712.68,Online,Dining & Food,Kolkata,Mobile Web Browser,539,3,574.23,13.27,0
TXN-100262,CUST-1127,2025-05-31 14:09:19,886.44,UPI Transfer,Grocery & Supermarkets,Kochi,Desktop Web Browser,234,2,1043.61,7.68,0
TXN-100932,CUST-1148,2025-05-31 14:44:01,2393.85,Online,Utilities & Bills,Jaipur,Trusted Mobile App (iOS),259,3,1199.54,6.83,0
TXN-100024,CUST-1138,2025-05-31 20:52:26,1896.37,Online,Utilities & Bills,Jaipur,Trusted Mobile App (iOS),587,2,1370.15,5.2,0
TXN-100556,CUST-1042,2025-06-01 08:24:17,2011.11,UPI Transfer,Dining & Food,Jaipur,Trusted Mobile App (Android),1559,2,1607.76,17.93,0
TXN-100061,CUST-1176,2025-06-01 08:58:42,1624.97,Online,Utilities & Bills,Kolkata,Desktop Web Browser,1271,1,1232.98,9.19,0
TXN-100267,CUST-1035,2025-06-01 10:09:11,1354.56,Online,Utilities & Bills,Mumbai,Trusted Mobile App (Android),851,1,733.47,8.37,0
TXN-100714,CUST-1157,2025-06-01 10:52:44,828.95,Online,Dining & Food,Kochi,Desktop Web Browser,346,2,632.94,9.38,0
TXN-100928,CUST-1039,2025-06-01 17:09:10,345.18,UPI Transfer,Grocery & Supermarkets,Pune,Desktop Web Browser,969,1,527.52,13.12,0
TXN-100323,CUST-1047,2025-06-01 17:40:44,559.38,UPI Transfer,Dining & Food,Kolkata,Trusted Mobile App (iOS),1315,1,1104.68,54.9,0
TXN-100053,CUST-1121,2025-06-01 18:10:18,456.58,UPI Transfer,Healthcare & Medical,Kochi,Desktop Web Browser,1100,2,459.97,12.62,0
TXN-100127,CUST-1061,2025-06-01 18:24:40,195.72,UPI Transfer,Utilities & Bills,Mumbai,Trusted Mobile App (iOS),1134,2,368.96,53.28,0
TXN-100409,CUST-1071,2025-06-01 19:25:20,570.26,Online,Grocery & Supermarkets,Chennai,Desktop Web Browser,1272,3,657.15,9.56,0
TXN-100447,CUST-1149,2025-06-02 11:23:33,413.77,POS / In-Store,Utilities & Bills,Delhi,Desktop Web Browser,335,3,485.32,4.85,0
TXN-100528,CUST-1146,2025-06-02 14:11:31,513.63,Online,Healthcare & Medical,Bengaluru,Mobile Web Browser,934,2,1395.19,1.86,0
TXN-100408,CUST-1009,2025-06-02 14:39:56,869.95,Online,Dining & Food,Jaipur,Trusted Mobile App (Android),481,1,904.26,1.13,0
TXN-101181,CUST-1069,2025-06-03 03:06:12,153673.69,Wire Transfer,Crypto & Digital Assets,Chennai,Mobile Web Browser,1303,6,1135.59,284.12,1
TXN-100200,CUST-1036,2025-06-03 11:59:17,1606.34,Online,Healthcare & Medical,Chennai,Trusted Mobile App (iOS),462,1,847.62,9.26,0
TXN-100165,CUST-1087,2025-06-03 13:11:39,218.58,UPI Transfer,Utilities & Bills,Ahmedabad,Trusted Mobile App (Android),419,1,346.71,11.68,0
TXN-100289,CUST-1123,2025-06-03 14:10:53,990.56,Online,Utilities & Bills,Kolkata,Trusted Mobile App (iOS),573,2,1206.29,14.49,0
TXN-100613,CUST-1007,2025-06-03 15:19:01,765.98,UPI Transfer,Healthcare & Medical,Ahmedabad,Desktop Web Browser,84,1,437.82,26.83,0
TXN-101001,CUST-1157,2025-06-03 15:44:11,1246.78,Online,Utilities & Bills,Kochi,Desktop Web Browser,346,1,1147.36,2.91,0
TXN-100307,CUST-1132,2025-06-03 16:45:45,1452.83,POS / In-Store,Grocery & Supermarkets,Ahmedabad,Desktop Web Browser,1470,1,1118.25,2.87,0
TXN-100963,CUST-1030,2025-06-03 19:03:57,1302.0,UPI Transfer,Dining & Food,Bengaluru,Desktop Web Browser,1523,3,2190.6,9.61,0
TXN-100572,CUST-1026,2025-06-03 19:49:15,1784.25,Online,Dining & Food,Kolkata,Trusted Mobile App (iOS),788,1,448.98,15.89,0
TXN-100763,CUST-1134,2025-06-04 09:49:33,411.64,UPI Transfer,Grocery & Supermarkets,Jaipur,Trusted Mobile App (iOS),1397,1,375.68,8.17,0
TXN-100854,CUST-1174,2025-06-04 14:06:48,1343.51,Online,Utilities & Bills,Delhi,Desktop Web Browser,919,1,386.8,9.92,0
TXN-100228,CUST-1008,2025-06-04 16:02:25,544.52,UPI Transfer,Healthcare & Medical,Jaipur,Trusted Mobile App (iOS),1496,3,779.93,9.91,0
TXN-101086,CUST-1067,2025-06-04 17:07:27,153.95,POS / In-Store,Dining & Food,Delhi,Mobile Web Browser,1025,1,221.9,7.87,0
TXN-100276,CUST-1140,2025-06-04 19:50:07,1792.06,UPI Transfer,Utilities & Bills,Kolkata,Trusted Mobile App (iOS),1437,2,1250.25,8.89,0
TXN-100848,CUST-1128,2025-06-04 21:10:14,440.73,POS / In-Store,Dining & Food,Delhi,Desktop Web Browser,466,1,1200.65,17.21,0
TXN-100656,CUST-1063,2025-06-04 21:31:52,863.67,Online,Dining & Food,Kolkata,Trusted Mobile App (Android),69,1,709.01,8.13,0
TXN-100546,CUST-1047,2025-06-05 08:21:36,672.01,UPI Transfer,Healthcare & Medical,Bengaluru,Trusted Mobile App (iOS),1315,2,771.18,52.75,0
TXN-100419,CUST-1135,2025-06-05 08:32:04,1360.19,UPI Transfer,Grocery & Supermarkets,Jaipur,Trusted Mobile App (Android),1388,3,1643.21,15.56,0
TXN-100110,CUST-1052,2025-06-05 15:03:19,981.52,Online,Grocery & Supermarkets,Mumbai,Desktop Web Browser,1506,2,588.77,15.8,0
TXN-101111,CUST-1006,2025-06-05 17:58:54,915.69,Online,Dining & Food,Delhi,Trusted Mobile App (iOS),506,2,1904.35,13.91,0
TXN-100456,CUST-1120,2025-06-05 18:35:24,472.06,POS / In-Store,Grocery & Supermarkets,Delhi,Trusted Mobile App (Android),1376,3,370.94,16.08,0
TXN-100718,CUST-1036,2025-06-05 20:57:46,1019.48,UPI Transfer,Grocery & Supermarkets,Chennai,Trusted Mobile App (iOS),462,2,1519.59,15.42,0
TXN-100008,CUST-1046,2025-06-06 03:25:24,2656.44,Online,Healthcare & Medical,Delhi,Trusted Mobile App (iOS),1793,1,1711.68,1.38,0
TXN-101135,CUST-1014,2025-06-06 04:27:05,77189.11,Online,Crypto & Digital Assets,Jaipur,Mobile Web Browser,171,11,1379.1,358.78,1
TXN-100183,CUST-1037,2025-06-06 08:35:20,365.93,UPI Transfer,Dining & Food,Kochi,Desktop Web Browser,674,2,619.51,7.79,0
TXN-101035,CUST-1002,2025-06-06 13:07:47,626.5,POS / In-Store,Grocery & Supermarkets,Chennai,Trusted Mobile App (iOS),487,1,639.44,3.18,0
TXN-100970,CUST-1149,2025-06-06 16:54:45,527.45,UPI Transfer,Grocery & Supermarkets,Delhi,Desktop Web Browser,335,1,605.53,4.4,0
TXN-100566,CUST-1055,2025-06-06 21:43:33,1867.36,Online,Grocery & Supermarkets,Delhi,Trusted Mobile App (Android),920,1,719.29,9.89,0
TXN-100843,CUST-1085,2025-06-06 21:55:29,781.44,Online,Grocery & Supermarkets,Bengaluru,Desktop Web Browser,1199,3,2328.59,13.19,0
TXN-101061,CUST-1064,2025-06-07 08:08:33,1590.25,POS / In-Store,Dining & Food,Delhi,Trusted Mobile App (Android),1733,2,663.26,5.45,0
TXN-101049,CUST-1136,2025-06-07 09:37:08,270.27,Online,Dining & Food,Delhi,Trusted Mobile App (iOS),571,1,148.87,17.3,0
TXN-100693,CUST-1109,2025-06-07 12:27:27,2265.81,UPI Transfer,Dining & Food,Kochi,Desktop Web Browser,1140,3,1449.85,2.13,0
TXN-100747,CUST-1001,2025-06-07 16:41:39,804.97,POS / In-Store,Utilities & Bills,Mumbai,Desktop Web Browser,1548,3,2120.46,23.31,0
TXN-100465,CUST-1066,2025-06-07 19:36:47,590.65,UPI Transfer,Dining & Food,Hyderabad,Desktop Web Browser,191,2,1245.31,13.35,0
TXN-100653,CUST-1137,2025-06-07 20:59:11,687.85,UPI Transfer,Healthcare & Medical,Delhi,Trusted Mobile App (iOS),1550,1,971.74,11.47,0
TXN-100836,CUST-1044,2025-06-08 10:04:00,712.11,UPI Transfer,Healthcare & Medical,Pune,Trusted Mobile App (Android),479,1,415.3,7.81,0
TXN-100813,CUST-1028,2025-06-08 13:39:05,1739.49,Online,Dining & Food,Chennai,Trusted Mobile App (iOS),1429,1,924.5,9.98,0
TXN-100914,CUST-1161,2025-06-08 18:14:22,1970.69,Online,Grocery & Supermarkets,Pune,Desktop Web Browser,1799,3,3066.37,5.39,0
TXN-100233,CUST-1174,2025-06-08 20:58:06,386.8,POS / In-Store,Dining & Food,Delhi,Desktop Web Browser,919,1,1197.46,5.35,0
TXN-100799,CUST-1111,2025-06-08 22:10:19,932.46,POS / In-Store,Healthcare & Medical,Mumbai,Trusted Mobile App (iOS),1226,2,388.7,16.94,0
TXN-100663,CUST-1095,2025-06-09 08:53:24,709.04,POS / In-Store,Dining & Food,Ahmedabad,Trusted Mobile App (iOS),894,2,1660.6,14.48,0
TXN-100533,CUST-1144,2025-06-09 08:59:15,1631.63,UPI Transfer,Healthcare & Medical,Mumbai,Trusted Mobile App (Android),1609,3,1132.94,5.44,0
TXN-100808,CUST-1121,2025-06-09 12:10:55,501.77,Online,Healthcare & Medical,Kochi,Desktop Web Browser,1100,1,560.11,11.12,0
TXN-100655,CUST-1069,2025-06-09 12:16:12,1028.35,Online,Dining & Food,Bengaluru,Trusted Mobile App (iOS),1381,1,650.37,4.63,0
TXN-100802,CUST-1157,2025-06-09 12:26:36,663.65,UPI Transfer,Healthcare & Medical,Kochi,Desktop Web Browser,346,3,834.34,16.25,0
TXN-101016,CUST-1012,2025-06-09 16:53:25,872.13,Online,Grocery & Supermarkets,Pune,Trusted Mobile App (Android),599,2,1758.01,9.31,0
TXN-100287,CUST-1023,2025-06-09 17:28:17,345.35,UPI Transfer,Utilities & Bills,Chennai,Trusted Mobile App (iOS),1781,1,389.31,4.17,0
TXN-100504,CUST-1098,2025-06-09 20:53:38,843.66,POS / In-Store,Utilities & Bills,Jaipur,Trusted Mobile App (iOS),133,2,1557.0,5.62,0
TXN-100177,CUST-1098,2025-06-09 21:22:15,970.77,Online,Grocery & Supermarkets,Jaipur,Trusted Mobile App (iOS),133,3,3501.0,3.8,0
TXN-101037,CUST-1067,2025-06-09 21:54:11,221.9,Online,Dining & Food,Delhi,Desktop Web Browser,1025,1,164.9,2.66,0
TXN-100966,CUST-1129,2025-06-09 22:41:24,1711.09,POS / In-Store,Healthcare & Medical,Pune,Trusted Mobile App (Android),301,3,916.46,42.57,0
TXN-101176,CUST-1159,2025-06-10 04:02:29,102363.67,Online,Electronics & Gadgets,Delhi,Unknown Device,32,6,175.45,358.41,1
TXN-100138,CUST-1011,2025-06-10 09:02:47,415.69,POS / In-Store,Healthcare & Medical,Kochi,Trusted Mobile App (iOS),1459,3,545.21,34.56,0
TXN-100443,CUST-1098,2025-06-10 14:24:03,1100.98,Online,Dining & Food,Jaipur,Trusted Mobile App (iOS),133,2,681.58,8.25,0
TXN-100857,CUST-1040,2025-06-10 14:44:20,261.96,UPI Transfer,Healthcare & Medical,Bengaluru,Trusted Mobile App (Android),315,2,1299.26,16.66,0
TXN-100753,CUST-1097,2025-06-10 19:11:29,1925.81,UPI Transfer,Utilities & Bills,Hyderabad,Trusted Mobile App (iOS),937,1,1056.92,14.71,0
TXN-100085,CUST-1169,2025-06-11 07:11:02,2526.72,Online,Dining & Food,Chennai,Desktop Web Browser,1343,1,1727.63,13.84,0
TXN-101081,CUST-1097,2025-06-11 11:24:02,2617.99,POS / In-Store,Healthcare & Medical,Hyderabad,Trusted Mobile App (Android),937,3,2363.56,11.86,0
TXN-100107,CUST-1047,2025-06-11 12:46:55,1104.68,Online,Healthcare & Medical,Delhi,Trusted Mobile App (iOS),1315,3,831.03,7.69,0
TXN-100682,CUST-1157,2025-06-11 15:33:56,632.94,UPI Transfer,Dining & Food,Kochi,Desktop Web Browser,346,3,805.64,16.12,0
TXN-101097,CUST-1126,2025-06-11 18:13:07,894.1,UPI Transfer,Dining & Food,Delhi,Trusted Mobile App (iOS),968,2,1374.52,17.09,0
TXN-100296,CUST-1058,2025-06-12 08:09:11,761.31,UPI Transfer,Healthcare & Medical,Bengaluru,Desktop Web Browser,247,3,640.27,12.18,0
TXN-100868,CUST-1133,2025-06-12 10:48:24,554.17,Online,Dining & Food,Chennai,Desktop Web Browser,1682,1,666.68,17.4,0
TXN-100892,CUST-1169,2025-06-12 11:22:21,2060.48,POS / In-Store,Dining & Food,Chennai,Trusted Mobile App (Android),1343,1,913.52,0.6,0
TXN-100793,CUST-1169,2025-06-12 14:26:52,1782.83,POS / In-Store,Utilities & Bills,Chennai,Trusted Mobile App (Android),1343,2,763.42,13.67,0
TXN-100502,CUST-1148,2025-06-12 17:58:49,1098.1,POS / In-Store,Utilities & Bills,Jaipur,Trusted Mobile App (Android),259,3,3460.07,2.41,0
TXN-100934,CUST-1037,2025-06-12 20:15:28,379.79,Online,Dining & Food,Kochi,Desktop Web Browser,674,2,534.92,4.43,0
TXN-101137,CUST-1072,2025-06-13 04:35:22,212166.7,ATM Withdrawal,Crypto & Digital Assets,Jaipur,New Emulated Device,1051,11,1348.32,477.77,1
TXN-100106,CUST-1076,2025-06-13 08:42:17,389.97,UPI Transfer,Dining & Food,Ahmedabad,Trusted Mobile App (iOS),537,1,317.44,13.91,0
TXN-100442,CUST-1021,2025-06-13 11:03:38,910.28,Online,Dining & Food,Hyderabad,Desktop Web Browser,172,2,729.39,7.37,0
TXN-100015,CUST-1043,2025-06-13 11:39:25,1097.12,POS / In-Store,Grocery & Supermarkets,Kochi,Trusted Mobile App (Android),1225,1,963.7,16.37,0
TXN-101082,CUST-1032,2025-06-14 08:38:45,712.84,UPI Transfer,Dining & Food,Pune,Trusted Mobile App (Android),1340,3,355.5,9.68,0
TXN-100981,CUST-1127,2025-06-14 13:25:52,762.08,UPI Transfer,Grocery & Supermarkets,Kochi,Desktop Web Browser,234,1,2928.73,14.42,0
TXN-100386,CUST-1062,2025-06-14 15:52:54,739.25,Online,Dining & Food,Bengaluru,Trusted Mobile App (iOS),1256,3,1018.78,61.65,0
TXN-100506,CUST-1156,2025-06-14 18:59:29,361.29,POS / In-Store,Healthcare & Medical,Kolkata,Desktop Web Browser,862,2,511.77,10.35,0
TXN-100968,CUST-1073,2025-06-14 20:40:44,1807.56,Online,Grocery & Supermarkets,Hyderabad,Trusted Mobile App (iOS),668,1,1015.5,11.36,0
TXN-101047,CUST-1010,2025-06-14 21:48:57,130.94,Online,Utilities & Bills,Ahmedabad,Desktop Web Browser,599,1,237.81,11.55,0
TXN-101193,CUST-1131,2025-06-15 02:29:37,247907.99,Online,Luxury Goods & Jewelry,Pune,Unknown Device,312,8,1066.58,647.83,1
TXN-101144,CUST-1140,2025-06-15 02:41:29,110207.37,Wire Transfer,Electronics & Gadgets,Mumbai,Mobile Web Browser,1362,7,1154.18,362.85,1
TXN-100313,CUST-1097,2025-06-15 15:13:45,2032.63,UPI Transfer,Grocery & Supermarkets,Hyderabad,Trusted Mobile App (iOS),937,1,1837.89,12.35,0
TXN-100266,CUST-1067,2025-06-15 19:44:43,180.8,Online,Grocery & Supermarkets,Delhi,Desktop Web Browser,1025,1,376.15,6.21,0
TXN-100339,CUST-1177,2025-06-15 20:41:00,1138.53,POS / In-Store,Grocery & Supermarkets,Jaipur,Trusted Mobile App (iOS),818,1,1561.27,3.42,0
TXN-100378,CUST-1146,2025-06-15 21:41:41,472.17,Online,Dining & Food,Bengaluru,Desktop Web Browser,934,3,1183.31,5.59,0
TXN-101124,CUST-1143,2025-06-16 09:58:45,121.75,Online,Dining & Food,Pune,Trusted Mobile App (Android),120,3,281.93,12.74,0
TXN-100452,CUST-1159,2025-06-16 14:20:50,429.92,UPI Transfer,Dining & Food,Bengaluru,Trusted Mobile App (Android),80,3,136.33,12.02,0
TXN-100311,CUST-1055,2025-06-16 14:43:39,2222.75,POS / In-Store,Grocery & Supermarkets,Delhi,Trusted Mobile App (Android),920,2,1167.33,11.9,0
TXN-100952,CUST-1094,2025-06-16 20:54:43,554.48,POS / In-Store,Utilities & Bills,Hyderabad,Trusted Mobile App (iOS),1128,2,1166.05,12.41,0
TXN-100658,CUST-1015,2025-06-16 21:57:06,975.69,UPI Transfer,Utilities & Bills,Pune,Trusted Mobile App (iOS),765,3,490.98,5.71,0
TXN-100433,CUST-1092,2025-06-17 01:36:33,1031.7,UPI Transfer,Healthcare & Medical,Delhi,Trusted Mobile App (iOS),854,1,766.4,8.68,0
TXN-100731,CUST-1132,2025-06-17 13:29:15,921.72,Online,Healthcare & Medical,Ahmedabad,Desktop Web Browser,1470,1,1452.83,13.56,0
TXN-101138,CUST-1090,2025-06-18 03:54:51,86832.92,ATM Withdrawal,Luxury Goods & Jewelry,Jaipur,New Emulated Device,1721,8,2174.78,682.64,1
TXN-100737,CUST-1023,2025-06-18 07:36:10,658.19,POS / In-Store,Grocery & Supermarkets,Chennai,Trusted Mobile App (iOS),1781,3,370.8,14.0,0
TXN-100418,CUST-1148,2025-06-18 12:48:22,627.0,POS / In-Store,Dining & Food,Jaipur,Trusted Mobile App (iOS),259,1,1181.68,5.4,0
TXN-100844,CUST-1032,2025-06-18 14:23:29,355.5,POS / In-Store,Healthcare & Medical,Pune,Trusted Mobile App (Android),1340,3,352.06,12.51,0
TXN-100050,CUST-1083,2025-06-18 14:36:15,461.36,UPI Transfer,Healthcare & Medical,Jaipur,Trusted Mobile App (iOS),600,3,401.57,15.48,0
TXN-100877,CUST-1038,2025-06-18 15:00:34,711.31,Online,Grocery & Supermarkets,Hyderabad,Desktop Web Browser,1052,1,655.5,17.64,0
TXN-100980,CUST-1149,2025-06-18 21:59:43,877.69,Online,Grocery & Supermarkets,Delhi,Desktop Web Browser,335,1,527.45,2.37,0
TXN-100308,CUST-1050,2025-06-19 08:15:13,940.26,Online,Utilities & Bills,Pune,Desktop Web Browser,988,2,961.4,1.38,0
TXN-100955,CUST-1100,2025-06-19 09:22:32,902.1,Online,Grocery & Supermarkets,Hyderabad,Mobile Web Browser,862,1,2503.42,11.74,0
TXN-100713,CUST-1177,2025-06-19 10:45:01,973.37,Online,Grocery & Supermarkets,Jaipur,Trusted Mobile App (iOS),818,3,958.78,17.06,0
TXN-100322,CUST-1014,2025-06-19 11:12:04,566.8,UPI Transfer,Dining & Food,Kolkata,Trusted Mobile App (iOS),219,2,624.25,17.78,0
TXN-100677,CUST-1035,2025-06-19 19:43:15,1841.23,POS / In-Store,Utilities & Bills,Mumbai,Trusted Mobile App (Android),851,1,1882.06,7.21,0
TXN-100163,CUST-1075,2025-06-20 16:36:09,2038.0,UPI Transfer,Healthcare & Medical,Kolkata,Trusted Mobile App (Android),1089,1,1805.19,16.75,0
TXN-100698,CUST-1107,2025-06-20 17:37:33,1154.36,UPI Transfer,Utilities & Bills,Ahmedabad,Trusted Mobile App (iOS),418,1,1182.25,13.75,0
TXN-100338,CUST-1069,2025-06-20 18:52:33,1596.25,UPI Transfer,Utilities & Bills,Bengaluru,Trusted Mobile App (iOS),1381,2,958.71,2.49,0
TXN-100666,CUST-1082,2025-06-20 20:50:51,959.6,UPI Transfer,Healthcare & Medical,Mumbai,Trusted Mobile App (Android),175,3,2292.35,15.66,0
TXN-100640,CUST-1111,2025-06-20 21:40:58,388.7,UPI Transfer,Grocery & Supermarkets,Mumbai,Trusted Mobile App (iOS),1226,1,220.56,6.0,0
TXN-101165,CUST-1151,2025-06-21 02:49:23,51320.62,ATM Withdrawal,Crypto & Digital Assets,Hyderabad,New Emulated Device,1152,11,270.61,389.47,1
TXN-101015,CUST-1068,2025-06-21 07:38:27,611.18,Online,Healthcare & Medical,Delhi,Desktop Web Browser,1598,1,604.41,8.79,0
TXN-100659,CUST-1169,2025-06-21 11:15:04,1868.92,UPI Transfer,Grocery & Supermarkets,Chennai,Desktop Web Browser,1343,1,1604.46,13.35,0
TXN-100947,CUST-1060,2025-06-21 11:49:44,1042.86,POS / In-Store,Utilities & Bills,Kochi,Trusted Mobile App (iOS),343,2,982.52,17.88,0
TXN-100564,CUST-1022,2025-06-21 13:08:49,415.28,UPI Transfer,Healthcare & Medical,Mumbai,Trusted Mobile App (Android),496,1,333.48,0.94,0
TXN-100507,CUST-1047,2025-06-21 16:12:16,771.18,Online,Dining & Food,Delhi,Trusted Mobile App (iOS),1315,3,559.38,0.92,0
TXN-100918,CUST-1042,2025-06-21 19:43:41,1767.28,Online,Healthcare & Medical,Jaipur,Trusted Mobile App (Android),1559,3,1179.94,1.72,0
TXN-100304,CUST-1102,2025-06-22 14:03:58,601.67,Online,Utilities & Bills,Pune,Trusted Mobile App (iOS),367,2,726.6,16.61,0
TXN-101002,CUST-1150,2025-06-22 20:40:25,373.58,POS / In-Store,Healthcare & Medical,Jaipur,Trusted Mobile App (iOS),1739,3,405.75,2.64,0
TXN-101194,CUST-1034,2025-06-23 01:13:08,113850.75,ATM Withdrawal,Luxury Goods & Jewelry,Jaipur,Mobile Web Browser,477,8,1028.81,455.21,1
TXN-100291,CUST-1158,2025-06-23 07:27:08,1800.18,Online,Grocery & Supermarkets,Bengaluru,Trusted Mobile App (iOS),1668,2,1245.0,53.4,0
TXN-100996,CUST-1010,2025-06-23 08:21:05,237.81,UPI Transfer,Utilities & Bills,Ahmedabad,Desktop Web Browser,599,2,219.58,1.72,0
TXN-100257,CUST-1027,2025-06-23 10:14:34,832.42,Online,Dining & Food,Kolkata,Trusted Mobile App (iOS),1402,1,933.8,0.54,0
TXN-100385,CUST-1058,2025-06-23 16:08:00,870.01,POS / In-Store,Grocery & Supermarkets,Bengaluru,Desktop Web Browser,247,3,761.31,9.43,0
TXN-100123,CUST-1113,2025-06-23 17:18:46,473.38,UPI Transfer,Utilities & Bills,Jaipur,Trusted Mobile App (iOS),146,1,696.36,3.77,0
TXN-100149,CUST-1156,2025-06-23 17:59:43,348.36,POS / In-Store,Utilities & Bills,Kolkata,Desktop Web Browser,862,3,516.73,3.34,0
TXN-100522,CUST-1153,2025-06-23 21:39:48,3864.48,POS / In-Store,Grocery & Supermarkets,Mumbai,Trusted Mobile App (Android),776,2,2351.09,6.32,0
TXN-100174,CUST-1016,2025-06-23 22:02:36,953.69,POS / In-Store,Healthcare & Medical,Kolkata,Desktop Web Browser,571,2,842.05,3.65,0
TXN-101018,CUST-1086,2025-06-23 22:07:47,445.74,Online,Healthcare & Medical,Kochi,Trusted Mobile App (Android),527,1,368.9,9.59,0
TXN-100581,CUST-1097,2025-06-23 22:37:45,2555.7,POS / In-Store,Healthcare & Medical,Hyderabad,Trusted Mobile App (iOS),937,1,2032.63,16.08,0
TXN-100559,CUST-1005,2025-06-24 07:59:02,3198.88,UPI Transfer,Healthcare & Medical,Pune,Trusted Mobile App (iOS),91,3,2005.47,7.33,0
TXN-100245,CUST-1023,2025-06-24 10:37:33,389.31,Online,Dining & Food,Chennai,Trusted Mobile App (iOS),1781,2,335.6,6.65,0
TXN-100985,CUST-1030,2025-06-24 17:08:02,875.5,UPI Transfer,Healthcare & Medical,Bengaluru,Desktop Web Browser,1523,1,1302.0,13.24,0
TXN-100369,CUST-1076,2025-06-24 17:32:44,276.78,POS / In-Store,Grocery & Supermarkets,Ahmedabad,Trusted Mobile App (iOS),537,1,189.1,2.18,0
TXN-100879,CUST-1026,2025-06-24 17:48:12,1256.72,POS / In-Store,Healthcare & Medical,Kolkata,Trusted Mobile App (iOS),788,2,777.95,6.54,0
TXN-100594,CUST-1091,2025-06-24 20:17:16,1110.61,POS / In-Store,Grocery & Supermarkets,Mumbai,Desktop Web Browser,1368,2,905.54,7.02,0
TXN-100010,CUST-1115,2025-06-24 22:28:34,1414.23,POS / In-Store,Healthcare & Medical,Bengaluru,Trusted Mobile App (iOS),1248,3,1021.41,4.83,0
TXN-100628,CUST-1044,2025-06-25 07:46:29,1141.65,POS / In-Store,Healthcare & Medical,Pune,Trusted Mobile App (Android),479,2,363.67,4.25,0
TXN-100013,CUST-1100,2025-06-25 07:54:10,1571.07,UPI Transfer,Utilities & Bills,Hyderabad,Trusted Mobile App (iOS),862,2,1195.99,10.57,0
TXN-100171,CUST-1141,2025-06-25 11:10:49,1568.1,Online,Healthcare & Medical,Chennai,Desktop Web Browser,1030,1,609.27,9.61,0
TXN-100377,CUST-1106,2025-06-25 11:10:57,1272.37,Online,Dining & Food,Jaipur,Desktop Web Browser,1501,3,1038.53,11.3,0
TXN-100367,CUST-1062,2025-06-25 14:02:32,1018.78,UPI Transfer,Utilities & Bills,Jaipur,Trusted Mobile App (iOS),1256,3,1043.27,6.12,0
TXN-100584,CUST-1157,2025-06-25 14:05:59,871.31,Online,Healthcare & Medical,Kochi,Desktop Web Browser,346,2,911.8,9.63,0
TXN-100768,CUST-1050,2025-06-25 15:22:10,1163.52,Online,Dining & Food,Pune,Desktop Web Browser,988,1,1040.04,13.18,0
TXN-100384,CUST-1055,2025-06-25 15:34:50,719.29,Online,Utilities & Bills,Delhi,Trusted Mobile App (Android),920,2,2222.75,9.94,0
TXN-100871,CUST-1133,2025-06-25 21:08:56,366.29,UPI Transfer,Dining & Food,Chennai,Desktop Web Browser,1682,3,554.17,12.66,0
TXN-100198,CUST-1055,2025-06-25 22:17:11,1793.57,Online,Utilities & Bills,Delhi,Trusted Mobile App (iOS),920,1,614.78,1.8,0
TXN-100328,CUST-1043,2025-06-26 02:26:00,1776.85,Online,Dining & Food,Kochi,Trusted Mobile App (Android),1225,3,1097.12,4.5,0
TXN-100545,CUST-1045,2025-06-26 11:42:12,601.15,POS / In-Store,Dining & Food,Bengaluru,Desktop Web Browser,1040,2,764.25,14.64,0
TXN-100614,CUST-1126,2025-06-26 14:01:45,1464.44,POS / In-Store,Utilities & Bills,Delhi,Trusted Mobile App (iOS),968,3,1810.94,5.35,0
TXN-101083,CUST-1076,2025-06-26 14:51:30,534.31,POS / In-Store,Grocery & Supermarkets,Ahmedabad,Trusted Mobile App (iOS),537,3,396.79,6.83,0
TXN-100239,CUST-1177,2025-06-26 16:10:41,1561.27,UPI Transfer,Utilities & Bills,Jaipur,Trusted Mobile App (iOS),818,1,1021.71,15.84,0
TXN-100998,CUST-1165,2025-06-26 18:39:22,640.0,Online,Grocery & Supermarkets,Ahmedabad,Trusted Mobile App (Android),655,2,512.44,4.42,0
TXN-100484,CUST-1080,2025-06-26 21:34:27,988.41,POS / In-Store,Dining & Food,Mumbai,Trusted Mobile App (iOS),1479,1,403.81,11.92,0
TXN-100617,CUST-1163,2025-06-27 02:42:56,2491.36,Online,Dining & Food,Delhi,Trusted Mobile App (Android),109,3,1733.18,5.6,0
TXN-100858,CUST-1169,2025-06-27 07:35:55,4319.45,UPI Transfer,Healthcare & Medical,Chennai,Trusted Mobile App (Android),1343,2,1782.83,7.89,0
TXN-100162,CUST-1010,2025-06-27 07:57:32,191.41,UPI Transfer,Healthcare & Medical,Ahmedabad,Trusted Mobile App (iOS),599,1,209.1,15.16,0
TXN-100621,CUST-1118,2025-06-27 11:59:52,469.17,Online,Healthcare & Medical,Kochi,Trusted Mobile App (iOS),1215,3,199.74,6.59,0
TXN-100064,CUST-1129,2025-06-27 12:16:28,1048.89,POS / In-Store,Utilities & Bills,Jaipur,Desktop Web Browser,301,1,1043.62,17.02,0
TXN-100354,CUST-1156,2025-06-27 14:17:03,511.77,Online,Dining & Food,Kolkata,Desktop Web Browser,862,2,534.94,6.5,0
TXN-100259,CUST-1107,2025-06-27 15:52:33,1129.91,Online,Dining & Food,Ahmedabad,Trusted Mobile App (iOS),418,1,1192.68,7.02,0
TXN-101030,CUST-1008,2025-06-27 20:05:47,1921.39,Online,Utilities & Bills,Jaipur,Trusted Mobile App (iOS),1496,1,894.66,11.27,0
TXN-101139,CUST-1144,2025-06-28 02:24:08,250929.29,Online,Crypto & Digital Assets,Pune,Mobile Web Browser,1563,12,730.39,250.67,1
TXN-100956,CUST-1028,2025-06-28 03:40:30,650.46,Online,Utilities & Bills,Chennai,Desktop Web Browser,1429,2,617.62,8.08,0
TXN-100665,CUST-1101,2025-06-28 09:59:54,1281.5,Online,Healthcare & Medical,Ahmedabad,Trusted Mobile App (Android),467,3,1808.12,4.62,0
TXN-101098,CUST-1076,2025-06-28 10:28:03,393.45,Online,Utilities & Bills,Ahmedabad,Trusted Mobile App (iOS),537,3,534.31,9.13,0
TXN-100830,CUST-1010,2025-06-28 12:12:56,250.69,POS / In-Store,Utilities & Bills,Ahmedabad,Desktop Web Browser,599,3,492.61,17.25,0
TXN-100780,CUST-1063,2025-06-28 13:54:04,1657.07,Online,Utilities & Bills,Kolkata,Trusted Mobile App (Android),69,1,863.67,14.32,0
TXN-100939,CUST-1067,2025-06-28 16:45:01,164.9,Online,Healthcare & Medical,Delhi,Desktop Web Browser,1025,1,180.8,16.8,0
TXN-100764,CUST-1016,2025-06-28 17:56:55,1339.66,UPI Transfer,Grocery & Supermarkets,Kolkata,Desktop Web Browser,571,2,679.76,1.64,0
TXN-100417,CUST-1031,2025-06-28 22:39:15,1068.55,UPI Transfer,Utilities & Bills,Hyderabad,Mobile Web Browser,976,2,605.9,15.5,0
TXN-100579,CUST-1014,2025-06-29 12:50:58,571.76,Online,Healthcare & Medical,Kolkata,Trusted Mobile App (iOS),219,3,1910.79,9.51,0
TXN-100474,CUST-1012,2025-06-29 13:43:44,851.26,Online,Grocery & Supermarkets,Pune,Trusted Mobile App (Android),599,1,494.3,13.76,0
TXN-100475,CUST-1159,2025-06-29 16:00:24,145.6,UPI Transfer,Grocery & Supermarkets,Bengaluru,Trusted Mobile App (Android),80,2,429.92,14.57,0
TXN-100516,CUST-1088,2025-06-29 16:49:33,1342.56,POS / In-Store,Dining & Food,Delhi,Trusted Mobile App (iOS),1379,1,787.28,13.97,0
TXN-100829,CUST-1104,2025-06-29 19:47:59,956.24,POS / In-Store,Grocery & Supermarkets,Chennai,Trusted Mobile App (Android),614,2,511.99,9.07,0
TXN-100667,CUST-1106,2025-06-29 20:56:23,1003.46,UPI Transfer,Grocery & Supermarkets,Jaipur,Desktop Web Browser,1501,2,556.79,2.26,0
TXN-101043,CUST-1078,2025-06-29 22:24:52,203.6,POS / In-Store,Utilities & Bills,Kochi,Desktop Web Browser,1164,1,292.82,56.24,0
