transaction_id,customer_id,timestamp,amount,transaction_type,merchant_category,location,device_type,account_age_days,transaction_frequency,previous_transaction_amount,distance_from_usual_location,is_fraud
TXN-100195,CUST-1298,2025-01-01 09:46:31,366.55,UPI Transfer,Dining & Food,Kolkata,Trusted Mobile App (Android),999,2,594.13,66.76,0
TXN-101121,CUST-1236,2025-01-01 13:56:46,1062.88,Online,Healthcare & Medical,Pune,Trusted Mobile App (Android),1132,1,871.13,5.88,0
TXN-100805,CUST-1097,2025-01-01 14:34:57,2803.22,Online,Utilities & Bills,Kolkata,Trusted Mobile App (iOS),937,3,1945.6,20.91,0
TXN-100629,CUST-1070,2025-01-01 16:20:03,3178.32,POS / In-Store,Dining & Food,Ahmedabad,Desktop Web Browser,368,3,1666.75,2.44,0
TXN-100694,CUST-1251,2025-01-01 18:04:13,1948.59,POS / In-Store,Healthcare & Medical,Pune,Trusted Mobile App (Android),1739,2,1569.98,7.81,0
TXN-100335,CUST-1022,2025-01-01 19:34:26,320.13,POS / In-Store,Utilities & Bills,Mumbai,Desktop Web Browser,496,1,453.01,1.99,0
TXN-100073,CUST-1316,2025-01-02 00:28:20,386.11,POS / In-Store,Healthcare & Medical,Ahmedabad,Trusted Mobile App (iOS),55,1,561.75,4.27,0
TXN-100714,CUST-1228,2025-01-02 07:48:10,1856.12,Online,Utilities & Bills,Pune,Desktop Web Browser,342,3,2083.57,16.62,0
TXN-100156,CUST-1327,2025-01-02 09:31:27,1360.21,Online,Grocery & Supermarkets,Kochi,Trusted Mobile App (iOS),1618,1,980.44,11.79,0
TXN-100760,CUST-1104,2025-01-02 10:41:17,457.57,Online,Utilities & Bills,Chennai,Trusted Mobile App (Android),614,3,368.19,14.93,0
TXN-100821,CUST-1334,2025-01-02 10:43:38,2263.33,UPI Transfer,Dining & Food,Chennai,Desktop Web Browser,196,1,1306.17,15.52,0
TXN-101100,CUST-1100,2025-01-02 17:06:56,1094.43,Online,Utilities & Bills,Hyderabad,Trusted Mobile App (iOS),862,1,961.15,16.53,0
TXN-100849,CUST-1183,2025-01-02 17:19:16,1898.37,Online,Healthcare & Medical,Delhi,Desktop Web Browser,706,2,775.99,0.59,0
TXN-100104,CUST-1275,2025-01-02 20:08:34,466.76,UPI Transfer,Grocery & Supermarkets,Pune,Trusted Mobile App (Android),1331,2,1412.61,13.23,0
TXN-100870,CUST-1357,2025-01-02 21:32:48,1771.39,Online,Utilities & Bills,Kochi,Desktop Web Browser,72,3,702.35,9.69,0
TXN-101000,CUST-1200,2025-01-03 08:41:18,858.09,UPI Transfer,Dining & Food,Chennai,Desktop Web Browser,1389,2,889.88,12.0,0
TXN-100512,CUST-1281,2025-01-03 09:00:49,658.58,UPI Transfer,Dining & Food,Kochi,Trusted Mobile App (Android),690,3,597.65,9.69,0
TXN-100025,CUST-1203,2025-01-03 10:29:56,286.88,UPI Transfer,Utilities & Bills,Hyderabad,Trusted Mobile App (iOS),331,1,600.06,13.61,0
TXN-101321,CUST-1188,2025-01-03 12:09:44,304.3,UPI Transfer,Healthcare & Medical,Chennai,Desktop Web Browser,290,1,618.75,3.72,0
TXN-100320,CUST-1028,2025-01-03 13:39:20,740.89,Online,Utilities & Bills,Chennai,Desktop Web Browser,1429,3,783.2,15.56,0
TXN-101208,CUST-1052,2025-01-03 14:05:05,942.47,UPI Transfer,Healthcare & Medical,Mumbai,Mobile Web Browser,1506,1,1494.4,1.66,0
TXN-100545,CUST-1143,2025-01-03 14:15:34,147.86,POS / In-Store,Dining & Food,Pune,Trusted Mobile App (Android),120,3,173.17,10.64,0
TXN-100301,CUST-1161,2025-01-03 14:42:09,2616.16,POS / In-Store,Grocery & Supermarkets,Pune,Desktop Web Browser,1799,2,2443.58,9.58,0
TXN-101164,CUST-1300,2025-01-03 19:30:05,571.0,Online,Utilities & Bills,Pune,Desktop Web Browser,1157,3,494.39,3.48,0
TXN-101368,CUST-1013,2025-01-04 10:13:26,2933.36,UPI Transfer,Healthcare & Medical,Bengaluru,Trusted Mobile App (iOS),1593,1,3585.75,14.08,0
TXN-100064,CUST-1186,2025-01-04 12:13:37,1052.97,Online,Dining & Food,Jaipur,Trusted Mobile App (Android),1395,1,1211.53,13.91,0
TXN-100075,CUST-1275,2025-01-04 14:45:39,1412.61,Online,Healthcare & Medical,Pune,Trusted Mobile App (Android),1331,1,697.37,8.01,0
TXN-100471,CUST-1275,2025-01-04 17:51:03,819.48,Online,Utilities & Bills,Pune,Trusted Mobile App (Android),1331,1,466.76,14.43,0
TXN-100440,CUST-1081,2025-01-04 18:22:14,404.81,Online,Utilities & Bills,Mumbai,Desktop Web Browser,168,2,341.34,4.63,0
TXN-100933,CUST-1017,2025-01-04 18:53:31,382.58,UPI Transfer,Dining & Food,Mumbai,Desktop Web Browser,970,3,716.06,14.85,0
TXN-100929,CUST-1333,2025-01-04 20:06:10,559.75,POS / In-Store,Healthcare & Medical,Hyderabad,Trusted Mobile App (iOS),462,3,1204.58,13.66,0
TXN-101047,CUST-1233,2025-01-04 20:16:32,1657.87,Online,Dining & Food,Kochi,Desktop Web Browser,70,1,1073.47,12.95,0
TXN-101434,CUST-1126,2025-01-05 04:30:36,98156.74,Wire Transfer,Luxury Goods & Jewelry,Kolkata,Mobile Web Browser,962,11,1949.98,359.55,1
TXN-100754,CUST-1301,2025-01-05 08:59:19,534.09,UPI Transfer,Dining & Food,Kolkata,Mobile Web Browser,1469,2,536.78,17.6,0
TXN-101048,CUST-1221,2025-01-05 09:08:43,1937.62,UPI Transfer,Utilities & Bills,Hyderabad,Desktop Web Browser,597,1,1937.49,9.76,0
TXN-100938,CUST-1196,2025-01-05 11:29:33,474.74,POS / In-Store,Dining & Food,Kolkata,Trusted Mobile App (Android),934,2,213.52,14.11,0
TXN-100241,CUST-1031,2025-01-05 11:49:17,1083.76,Online,Utilities & Bills,Hyderabad,Trusted Mobile App (iOS),976,3,684.73,9.71,0
TXN-101039,CUST-1074,2025-01-05 18:21:06,1056.47,Online,Utilities & Bills,Kolkata,Trusted Mobile App (iOS),1360,1,1022.1,45.89,0
TXN-100408,CUST-1099,2025-01-05 18:46:41,414.55,UPI Transfer,Utilities & Bills,Jaipur,Trusted Mobile App (iOS),221,3,238.32,16.23,0
TXN-100327,CUST-1145,2025-01-05 19:08:13,556.31,UPI Transfer,Healthcare & Medical,Bengaluru,Desktop Web Browser,566,1,750.27,7.06,0
TXN-101182,CUST-1192,2025-01-05 19:20:07,2119.24,POS / In-Store,Healthcare & Medical,Chennai,Trusted Mobile App (Android),1152,2,1300.12,13.43,0
TXN-101438,CUST-1213,2025-01-06 03:23:07,156195.92,Wire Transfer,Luxury Goods & Jewelry,Delhi,New Emulated Device,1716,8,963.0,344.85,1
TXN-100171,CUST-1282,2025-01-06 05:26:17,340.19,UPI Transfer,Grocery & Supermarkets,Hyderabad,Trusted Mobile App (iOS),601,2,2032.16,12.9,0
TXN-100896,CUST-1081,2025-01-06 11:05:32,710.58,UPI Transfer,Dining & Food,Mumbai,Trusted Mobile App (iOS),168,1,480.73,0.72,0
TXN-100300,CUST-1314,2025-01-06 11:30:36,1053.75,Online,Utilities & Bills,Delhi,Desktop Web Browser,628,3,812.94,68.82,0
TXN-101018,CUST-1029,2025-01-06 13:34:03,543.05,Online,Healthcare & Medical,Delhi,Desktop Web Browser,1330,1,726.67,7.14,0
TXN-100098,CUST-1328,2025-01-06 16:41:33,1380.15,UPI Transfer,Utilities & Bills,Ahmedabad,Trusted Mobile App (Android),952,2,618.76,33.47,0
TXN-100604,CUST-1299,2025-01-06 17:24:44,918.15,UPI Transfer,Grocery & Supermarkets,Jaipur,Desktop Web Browser,734,3,813.45,6.54,0
TXN-101334,CUST-1013,2025-01-06 20:05:00,3585.75,POS / In-Store,Healthcare & Medical,Bengaluru,Mobile Web Browser,1593,3,1639.09,14.08,0
TXN-100968,CUST-1137,2025-01-06 21:22:17,580.23,UPI Transfer,Dining & Food,Delhi,Trusted Mobile App (iOS),1550,1,432.51,16.72,0
TXN-101441,CUST-1002,2025-01-07 02:18:17,155733.91,Wire Transfer,Electronics & Gadgets,Pune,Mobile Web Browser,482,6,660.36,615.48,1
TXN-101305,CUST-1283,2025-01-07 07:47:45,889.04,UPI Transfer,Healthcare & Medical,Ahmedabad,Trusted Mobile App (iOS),1566,2,394.77,5.8,0
TXN-101168,CUST-1341,2025-01-07 10:21:52,556.82,Online,Healthcare & Medical,Ahmedabad,Trusted Mobile App (iOS),1437,3,625.84,5.25,0
TXN-101207,CUST-1241,2025-01-07 11:58:22,1751.15,POS / In-Store,Dining & Food,Pune,Desktop Web Browser,368,1,1352.84,9.94,0
TXN-100986,CUST-1113,2025-01-07 18:15:04,1108.36,Online,Utilities & Bills,Jaipur,Trusted Mobile App (iOS),146,2,680.39,11.65,0
TXN-100036,CUST-1330,2025-01-07 22:54:21,625.88,UPI Transfer,Grocery & Supermarkets,Kochi,Trusted Mobile App (Android),655,1,655.3,12.51,0
TXN-101390,CUST-1075,2025-01-08 03:17:25,226635.75,Wire Transfer,Luxury Goods & Jewelry,Ahmedabad,Mobile Web Browser,1050,10,1581.63,325.01,1
TXN-100984,CUST-1233,2025-01-08 10:03:18,1085.03,Online,Grocery & Supermarkets,Kochi,Desktop Web Browser,70,2,1120.56,0.59,0
TXN-101372,CUST-1195,2025-01-08 12:13:21,737.09,Online,Grocery & Supermarkets,Kochi,Desktop Web Browser,1370,1,504.29,2.02,0
TXN-100293,CUST-1083,2025-01-08 13:44:38,217.9,Online,Grocery & Supermarkets,Kolkata,Trusted Mobile App (iOS),600,3,491.84,32.9,0
TXN-101430,CUST-1202,2025-01-09 03:00:02,96755.82,Online,Luxury Goods & Jewelry,Bengaluru,Mobile Web Browser,611,7,649.37,261.98,1
TXN-101364,CUST-1279,2025-01-09 07:16:01,1587.8,UPI Transfer,Healthcare & Medical,Bengaluru,Desktop Web Browser,1616,1,2161.16,60.68,0
TXN-101280,CUST-1163,2025-01-09 11:21:35,1485.44,UPI Transfer,Dining & Food,Delhi,Trusted Mobile App (Android),109,3,2103.35,4.89,0
TXN-101107,CUST-1228,2025-01-09 13:44:27,1582.79,Online,Utilities & Bills,Pune,Desktop Web Browser,342,2,2649.19,3.53,0
TXN-101342,CUST-1022,2025-01-09 14:09:13,254.03,POS / In-Store,Healthcare & Medical,Bengaluru,Desktop Web Browser,496,1,309.31,47.53,0
TXN-100219,CUST-1265,2025-01-09 22:02:33,978.95,UPI Transfer,Utilities & Bills,Pune,Trusted Mobile App (Android),1494,1,1297.15,8.64,0
TXN-100310,CUST-1213,2025-01-10 00:42:26,1352.05,UPI Transfer,Healthcare & Medical,Jaipur,Trusted Mobile App (iOS),1767,3,1150.79,10.8,0
TXN-101449,CUST-1099,2025-01-10 01:53:50,126095.13,Wire Transfer,Electronics & Gadgets,Chennai,New Emulated Device,121,11,414.55,404.38,1
TXN-100289,CUST-1320,2025-01-10 08:42:53,741.69,Online,Healthcare & Medical,Ahmedabad,Trusted Mobile App (iOS),1713,2,704.73,15.13,0
TXN-100770,CUST-1357,2025-01-10 10:24:33,702.35,Online,Healthcare & Medical,Kochi,Desktop Web Browser,72,1,1715.27,8.27,0
TXN-100047,CUST-1317,2025-01-10 15:28:36,949.63,UPI Transfer,Dining & Food,Kochi,Trusted Mobile App (Android),991,3,1051.53,9.0,0
TXN-100528,CUST-1324,2025-01-10 16:49:16,456.08,POS / In-Store,Grocery & Supermarkets,Kochi,Trusted Mobile App (Android),204,1,795.87,2.2,0
TXN-100304,CUST-1143,2025-01-10 19:25:04,173.17,POS / In-Store,Healthcare & Medical,Pune,Trusted Mobile App (Android),120,1,115.23,1.88,0
TXN-100151,CUST-1343,2025-01-10 20:08:36,1260.13,Online,Dining & Food,Kochi,Desktop Web Browser,1676,3,823.93,4.55,0
TXN-100247,CUST-1001,2025-01-10 20:10:00,1168.24,POS / In-Store,Healthcare & Medical,Delhi,Trusted Mobile App (iOS),1548,1,738.77,9.13,0
TXN-100954,CUST-1101,2025-01-10 22:02:52,1344.59,POS / In-Store,Utilities & Bills,Pune,Trusted Mobile App (Android),467,3,1203.11,26.56,0
TXN-100480,CUST-1228,2025-01-10 22:57:04,1930.04,UPI Transfer,Healthcare & Medical,Pune,Desktop Web Browser,342,1,1954.03,2.35,0
TXN-101104,CUST-1062,2025-01-11 08:20:09,669.36,POS / In-Store,Grocery & Supermarkets,Jaipur,Trusted Mobile App (Android),1256,2,826.64,10.02,0
TXN-100057,CUST-1303,2025-01-11 09:19:51,568.58,UPI Transfer,Grocery & Supermarkets,Chennai,Trusted Mobile App (iOS),277,3,222.04,1.16,0
TXN-100280,CUST-1241,2025-01-11 09:30:09,1182.53,UPI Transfer,Utilities & Bills,Pune,Desktop Web Browser,368,2,1005.5,9.26,0
TXN-101014,CUST-1317,2025-01-11 10:37:59,1557.8,Online,Grocery & Supermarkets,Kochi,Trusted Mobile App (Android),991,2,930.1,16.55,0
TXN-100353,CUST-1076,2025-01-11 12:33:07,252.62,POS / In-Store,Utilities & Bills,Kochi,Trusted Mobile App (iOS),537,1,317.44,73.31,0
TXN-100049,CUST-1307,2025-01-11 16:13:08,656.99,Online,Grocery & Supermarkets,Ahmedabad,Trusted Mobile App (Android),1513,2,504.32,13.87,0
TXN-101254,CUST-1313,2025-01-11 18:37:44,279.2,POS / In-Store,Healthcare & Medical,Bengaluru,Trusted Mobile App (Android),123,3,718.05,17.6,0
TXN-100366,CUST-1306,2025-01-12 03:47:49,1270.74,Online,Utilities & Bills,Hyderabad,Trusted Mobile App (iOS),1542,1,1697.86,11.71,0
TXN-101284,CUST-1289,2025-01-12 10:54:43,756.04,Online,Grocery & Supermarkets,Kochi,Desktop Web Browser,595,3,1572.88,11.5,0
TXN-100407,CUST-1031,2025-01-12 11:44:20,2104.09,UPI Transfer,Utilities & Bills,Hyderabad,Trusted Mobile App (iOS),976,2,1083.76,2.38,0
TXN-100140,CUST-1141,2025-01-12 12:40:59,525.59,UPI Transfer,Healthcare & Medical,Chennai,Desktop Web Browser,1030,3,812.11,10.23,0
TXN-100798,CUST-1103,2025-01-12 13:16:34,866.75,POS / In-Store,Dining & Food,Pune,Trusted Mobile App (iOS),829,1,663.57,44.24,0
TXN-100041,CUST-1285,2025-01-12 17:42:53,107.87,UPI Transfer,Grocery & Supermarkets,Pune,Trusted Mobile App (Android),88,2,312.53,6.69,0
TXN-100704,CUST-1138,2025-01-12 20:04:55,1559.33,Online,Utilities & Bills,Jaipur,Trusted Mobile App (iOS),587,3,1174.31,7.63,0
TXN-100585,CUST-1023,2025-01-13 07:48:06,204.55,POS / In-Store,Dining & Food,Chennai,Trusted Mobile App (iOS),1781,1,203.9,2.67,0
TXN-100827,CUST-1167,2025-01-13 12:25:24,1265.58,POS / In-Store,Healthcare & Medical,Hyderabad,Trusted Mobile App (Android),702,1,559.2,0.85,0
TXN-101330,CUST-1137,2025-01-13 13:50:42,568.15,Online,Healthcare & Medical,Delhi,Trusted Mobile App (iOS),1550,1,925.44,12.96,0
TXN-101415,CUST-1309,2025-01-14 01:17:24,212444.33,ATM Withdrawal,Luxury Goods & Jewelry,Bengaluru,New Emulated Device,1716,7,132.9,509.79,1
TXN-101063,CUST-1223,2025-01-14 13:45:36,3670.68,UPI Transfer,Dining & Food,Hyderabad,Trusted Mobile App (Android),930,3,1656.66,7.82,0
TXN-101282,CUST-1226,2025-01-14 16:35:51,379.08,Online,Grocery & Supermarkets,Kolkata,Desktop Web Browser,195,2,402.96,10.07,0
TXN-100777,CUST-1247,2025-01-14 21:24:08,1426.4,POS / In-Store,Grocery & Supermarkets,Bengaluru,Trusted Mobile App (iOS),562,1,1140.25,13.48,0
TXN-101377,CUST-1080,2025-01-15 02:30:36,272612.72,ATM Withdrawal,Electronics & Gadgets,Jaipur,New Emulated Device,1381,7,822.56,301.8,1
TXN-101016,CUST-1253,2025-01-15 08:22:38,333.2,Online,Healthcare & Medical,Pune,Trusted Mobile App (iOS),746,1,347.35,52.9,0
TXN-100721,CUST-1217,2025-01-15 10:55:02,1214.85,POS / In-Store,Grocery & Supermarkets,Ahmedabad,Desktop Web Browser,1699,1,282.08,6.26,0
TXN-100024,CUST-1240,2025-01-15 14:55:13,936.46,POS / In-Store,Utilities & Bills,Pune,Trusted Mobile App (Android),1399,1,607.85,12.3,0
TXN-101193,CUST-1170,2025-01-15 17:29:29,288.82,UPI Transfer,Grocery & Supermarkets,Jaipur,Trusted Mobile App (Android),1421,2,229.11,12.62,0
TXN-100093,CUST-1295,2025-01-15 17:41:11,269.23,Online,Dining & Food,Mumbai,Trusted Mobile App (iOS),632,1,318.24,8.65,0
TXN-101183,CUST-1055,2025-01-15 17:46:16,1285.18,Online,Healthcare & Medical,Delhi,Trusted Mobile App (Android),920,3,1097.74,13.12,0
TXN-101050,CUST-1024,2025-01-15 18:28:42,826.02,UPI Transfer,Utilities & Bills,Hyderabad,Trusted Mobile App (iOS),808,2,664.13,11.54,0
TXN-100249,CUST-1054,2025-01-15 19:10:56,1121.13,Online,Utilities & Bills,Chennai,Desktop Web Browser,726,3,947.11,10.07,0
TXN-101271,CUST-1164,2025-01-15 22:13:04,444.01,UPI Transfer,Dining & Food,Ahmedabad,Trusted Mobile App (iOS),438,3,373.55,11.23,0
TXN-101160,CUST-1356,2025-01-15 22:48:20,326.36,UPI Transfer,Utilities & Bills,Mumbai,Trusted Mobile App (iOS),498,2,976.53,5.05,0
TXN-101248,CUST-1183,2025-01-15 23:02:04,602.9,POS / In-Store,Dining & Food,Delhi,Trusted Mobile App (Android),706,1,1444.33,15.55,0
TXN-101351,CUST-1128,2025-01-16 07:54:15,1673.68,UPI Transfer,Grocery & Supermarkets,Delhi,Desktop Web Browser,466,2,848.54,1.38,0
TXN-100257,CUST-1154,2025-01-16 08:32:25,1630.73,POS / In-Store,Dining & Food,Mumbai,Trusted Mobile App (Android),460,1,1345.55,9.54,0
TXN-100712,CUST-1276,2025-01-16 09:34:50,380.91,POS / In-Store,Grocery & Supermarkets,Ahmedabad,Desktop Web Browser,343,2,578.33,15.06,0
TXN-100591,CUST-1021,2025-01-16 10:24:11,2329.49,UPI Transfer,Dining & Food,Hyderabad,Desktop Web Browser,172,3,1077.85,11.01,0
TXN-100836,CUST-1127,2025-01-16 10:43:26,944.12,UPI Transfer,Utilities & Bills,Kochi,Desktop Web Browser,234,2,1043.61,1.65,0
TXN-100083,CUST-1218,2025-01-16 12:34:35,334.71,UPI Transfer,Utilities & Bills,Jaipur,Trusted Mobile App (Android),1731,2,797.28,2.3,0
TXN-101038,CUST-1262,2025-01-16 17:36:39,978.94,POS / In-Store,Healthcare & Medical,Delhi,Trusted Mobile App (iOS),667,2,1106.4,14.9,0
TXN-100689,CUST-1229,2025-01-16 19:37:42,351.68,POS / In-Store,Healthcare & Medical,Hyderabad,Trusted Mobile App (iOS),879,3,455.47,14.13,0
TXN-100016,CUST-1090,2025-01-16 19:39:09,653.96,Online,Healthcare & Medical,Pune,Trusted Mobile App (Android),1799,3,1192.91,9.21,0
TXN-100162,CUST-1038,2025-01-16 19:45:29,549.48,UPI Transfer,Grocery & Supermarkets,Hyderabad,Desktop Web Browser,1052,1,881.99,3.2,0
TXN-101317,CUST-1221,2025-01-16 21:00:05,1561.78,UPI Transfer,Grocery & Supermarkets,Delhi,Desktop Web Browser,597,3,6522.59,37.51,0
TXN-100698,CUST-1287,2025-01-17 08:36:14,304.76,Online,Grocery & Supermarkets,Ahmedabad,Trusted Mobile App (iOS),756,3,401.41,13.63,0
TXN-100210,CUST-1206,2025-01-17 11:17:29,259.21,POS / In-Store,Utilities & Bills,Delhi,Trusted Mobile App (Android),878,2,172.15,1.88,0
TXN-100514,CUST-1062,2025-01-17 11:24:22,332.57,Online,Grocery & Supermarkets,Jaipur,Trusted Mobile App (iOS),1256,3,724.32,16.25,0
TXN-100631,CUST-1102,2025-01-17 12:25:39,1022.58,Online,Grocery & Supermarkets,Pune,Trusted Mobile App (iOS),367,1,1455.0,17.03,0
TXN-100799,CUST-1151,2025-01-17 15:04:25,374.25,POS / In-Store,Grocery & Supermarkets,Kolkata,Desktop Web Browser,1161,1,320.96,10.75,0
TXN-100205,CUST-1331,2025-01-17 16:49:38,192.68,UPI Transfer,Dining & Food,Mumbai,Desktop Web Browser,153,3,194.6,66.63,0
TXN-100183,CUST-1303,2025-01-17 17:07:22,207.95,Online,Healthcare & Medical,Chennai,Trusted Mobile App (iOS),277,2,568.58,2.55,0
TXN-100683,CUST-1155,2025-01-17 17:24:39,1538.48,POS / In-Store,Utilities & Bills,Hyderabad,Desktop Web Browser,240,1,1499.62,13.45,0
TXN-101229,CUST-1053,2025-01-18 04:46:47,821.46,POS / In-Store,Healthcare & Medical,Delhi,Desktop Web Browser,1129,3,2657.14,10.98,0
TXN-100200,CUST-1336,2025-01-18 07:13:08,400.93,POS / In-Store,Healthcare & Medical,Jaipur,Trusted Mobile App (iOS),350,1,149.02,2.82,0
TXN-100164,CUST-1014,2025-01-18 09:38:14,396.41,UPI Transfer,Healthcare & Medical,Kolkata,Trusted Mobile App (iOS),219,2,464.83,6.18,0
TXN-100365,CUST-1223,2025-01-18 14:23:55,1656.66,UPI Transfer,Utilities & Bills,Hyderabad,Trusted Mobile App (Android),930,3,1912.08,1.16,0
TXN-101094,CUST-1111,2025-01-18 17:40:01,427.87,Online,Utilities & Bills,Mumbai,Trusted Mobile App (iOS),1226,1,364.0,3.01,0
TXN-100492,CUST-1177,2025-01-18 19:54:34,927.67,POS / In-Store,Grocery & Supermarkets,Jaipur,Trusted Mobile App (iOS),818,1,1465.84,5.65,0
TXN-100001,CUST-1252,2025-01-18 20:21:13,1110.17,UPI Transfer,Healthcare & Medical,Delhi,Trusted Mobile App (Android),69,2,1362.06,2.33,0
TXN-100696,CUST-1167,2025-01-18 20:24:16,559.2,POS / In-Store,Healthcare & Medical,Hyderabad,Trusted Mobile App (Android),702,3,823.13,7.42,0
TXN-100439,CUST-1273,2025-01-18 21:35:21,986.05,UPI Transfer,Healthcare & Medical,Mumbai,Desktop Web Browser,1769,2,890.73,22.19,0
TXN-101259,CUST-1192,2025-01-19 07:00:01,1349.61,POS / In-Store,Utilities & Bills,Chennai,Trusted Mobile App (Android),1152,1,2754.18,5.86,0
TXN-100937,CUST-1048,2025-01-19 07:40:53,662.24,POS / In-Store,Grocery & Supermarkets,Bengaluru,Desktop Web Browser,894,3,573.95,3.18,0
TXN-100296,CUST-1060,2025-01-19 08:00:29,462.65,UPI Transfer,Healthcare & Medical,Kochi,Trusted Mobile App (iOS),343,3,913.58,12.11,0
TXN-100489,CUST-1285,2025-01-19 12:19:00,408.33,POS / In-Store,Healthcare & Medical,Delhi,Trusted Mobile App (Android),88,2,237.2,52.9,0
TXN-101127,CUST-1223,2025-01-19 12:27:50,1841.74,UPI Transfer,Grocery & Supermarkets,Hyderabad,Trusted Mobile App (Android),930,2,2059.66,5.94,0
TXN-100652,CUST-1341,2025-01-19 13:31:43,625.84,POS / In-Store,Healthcare & Medical,Ahmedabad,Trusted Mobile App (iOS),1437,1,367.83,7.29,0
TXN-100223,CUST-1144,2025-01-19 14:57:08,937.31,UPI Transfer,Grocery & Supermarkets,Mumbai,Trusted Mobile App (Android),1609,3,877.55,7.73,0
TXN-100101,CUST-1073,2025-01-19 19:55:30,1749.09,Online,Utilities & Bills,Hyderabad,Desktop Web Browser,668,3,1416.69,4.84,0
TXN-100993,CUST-1305,2025-01-19 22:44:45,826.07,POS / In-Store,Grocery & Supermarkets,Jaipur,Desktop Web Browser,409,3,836.68,1.57,0
TXN-100973,CUST-1002,2025-01-19 22:47:07,1635.05,UPI Transfer,Grocery & Supermarkets,Chennai,Trusted Mobile App (iOS),487,1,1131.49,16.37,0
TXN-101196,CUST-1093,2025-01-20 08:49:42,396.26,UPI Transfer,Dining & Food,Kolkata,Trusted Mobile App (iOS),539,3,881.2,6.6,0
TXN-100879,CUST-1207,2025-01-20 11:46:24,395.77,UPI Transfer,Grocery & Supermarkets,Kochi,Trusted Mobile App (iOS),1501,1,902.13,0.71,0
TXN-100850,CUST-1005,2025-01-20 13:05:05,964.5,UPI Transfer,Grocery & Supermarkets,Pune,Trusted Mobile App (iOS),91,1,1320.8,16.22,0
TXN-100580,CUST-1084,2025-01-20 14:53:06,1360.08,POS / In-Store,Grocery & Supermarkets,Ahmedabad,Trusted Mobile App (iOS),1134,2,885.66,16.2,0
TXN-100972,CUST-1202,2025-01-20 15:31:43,490.52,UPI Transfer,Utilities & Bills,Hyderabad,Desktop Web Browser,665,3,1170.93,14.25,0
TXN-100029,CUST-1336,2025-01-20 20:17:27,149.02,Online,Utilities & Bills,Jaipur,Trusted Mobile App (iOS),350,1,159.16,6.98,0
TXN-100688,CUST-1233,2025-01-20 20:53:23,700.65,Online,Healthcare & Medical,Kochi,Desktop Web Browser,70,1,1617.94,2.11,0
TXN-100245,CUST-1290,2025-01-21 05:11:19,994.59,UPI Transfer,Dining & Food,Jaipur,Trusted Mobile App (iOS),1088,3,797.61,13.54,0
TXN-101116,CUST-1360,2025-01-21 07:10:54,536.72,Online,Dining & Food,Ahmedabad,Trusted Mobile App (Android),401,2,1020.48,6.36,0
TXN-100855,CUST-1057,2025-01-21 11:09:19,224.42,Online,Utilities & Bills,Chennai,Desktop Web Browser,1590,2,537.33,0.74,0
TXN-100309,CUST-1210,2025-01-21 13:12:36,1403.8,Online,Utilities & Bills,Mumbai,Trusted Mobile App (iOS),1624,1,888.51,15.41,0
TXN-100175,CUST-1221,2025-01-21 15:14:14,2450.12,POS / In-Store,Dining & Food,Hyderabad,Desktop Web Browser,597,2,3053.27,9.58,0
TXN-100361,CUST-1186,2025-01-21 15:16:49,1229.92,UPI Transfer,Healthcare & Medical,Jaipur,Trusted Mobile App (Android),1395,1,1052.97,7.91,0
TXN-101119,CUST-1260,2025-01-21 15:36:31,128.91,UPI Transfer,Dining & Food,Chennai,Trusted Mobile App (Android),373,3,139.71,1.0,0
TXN-100477,CUST-1024,2025-01-21 16:01:38,826.5,UPI Transfer,Dining & Food,Hyderabad,Trusted Mobile App (iOS),808,1,636.12,5.96,0
TXN-100202,CUST-1053,2025-01-21 16:08:14,2029.94,POS / In-Store,Dining & Food,Delhi,Desktop Web Browser,1129,1,1272.73,14.73,0
TXN-100965,CUST-1250,2025-01-21 17:48:01,1184.93,Online,Dining & Food,Ahmedabad,Trusted Mobile App (Android),1570,1,1588.2,56.04,0
TXN-100996,CUST-1105,2025-01-21 21:25:37,783.55,Online,Dining & Food,Pune,Desktop Web Browser,1526,3,739.58,2.63,0
TXN-101347,CUST-1095,2025-01-22 10:47:23,1237.36,POS / In-Store,Utilities & Bills,Hyderabad,Trusted Mobile App (iOS),894,3,823.09,31.01,0
TXN-100454,CUST-1257,2025-01-22 11:25:04,283.18,POS / In-Store,Dining & Food,Bengaluru,Trusted Mobile App (iOS),288,2,303.07,8.39,0
TXN-100188,CUST-1262,2025-01-22 15:49:05,681.52,Online,Healthcare & Medical,Delhi,Trusted Mobile App (iOS),667,3,1064.64,17.84,0
TXN-101131,CUST-1187,2025-01-22 20:34:47,2430.47,Online,Utilities & Bills,Pune,Trusted Mobile App (Android),854,3,1776.2,15.73,0
TXN-100543,CUST-1070,2025-01-22 21:26:24,1666.75,POS / In-Store,Dining & Food,Ahmedabad,Desktop Web Browser,368,3,2021.19,6.51,0
TXN-100716,CUST-1203,2025-01-22 22:10:53,489.89,POS / In-Store,Dining & Food,Hyderabad,Trusted Mobile App (iOS),331,1,704.29,12.05,0
TXN-100927,CUST-1172,2025-01-23 00:23:20,1137.25,Online,Healthcare & Medical,Delhi,Trusted Mobile App (Android),395,2,861.41,7.03,0
TXN-101026,CUST-1233,2025-01-23 08:17:26,1073.47,Online,Grocery & Supermarkets,Kochi,Desktop Web Browser,70,2,1085.03,7.22,0
TXN-100212,CUST-1223,2025-01-23 08:19:11,1912.08,Online,Dining & Food,Hyderabad,Trusted Mobile App (Android),930,3,2220.1,12.02,0
TXN-100027,CUST-1210,2025-01-23 08:19:57,888.51,Online,Healthcare & Medical,Delhi,Trusted Mobile App (iOS),1624,2,722.62,25.35,0
TXN-100971,CUST-1113,2025-01-23 08:36:52,680.39,Online,Healthcare & Medical,Jaipur,Trusted Mobile App (iOS),146,2,1131.57,1.65,0
TXN-101059,CUST-1343,2025-01-23 14:45:18,699.11,Online,Utilities & Bills,Kochi,Desktop Web Browser,1676,1,1104.26,13.52,0
TXN-101341,CUST-1082,2025-01-23 15:14:59,1375.0,Online,Dining & Food,Mumbai,Trusted Mobile App (Android),175,2,2053.34,11.78,0
TXN-101234,CUST-1049,2025-01-23 19:27:55,337.1,POS / In-Store,Healthcare & Medical,Kochi,Trusted Mobile App (iOS),818,2,602.18,10.65,0
TXN-101276,CUST-1059,2025-01-23 22:04:10,1001.66,POS / In-Store,Healthcare & Medical,Chennai,Desktop Web Browser,1069,2,578.53,6.23,0
TXN-101172,CUST-1245,2025-01-23 22:12:35,1826.06,UPI Transfer,Grocery & Supermarkets,Mumbai,Trusted Mobile App (iOS),1346,3,694.65,10.81,0
TXN-100825,CUST-1062,2025-01-23 22:41:27,826.64,POS / In-Store,Healthcare & Medical,Jaipur,Trusted Mobile App (iOS),1256,2,1103.32,9.42,0
TXN-101200,CUST-1108,2025-01-24 08:54:37,1142.86,Online,Dining & Food,Chennai,Mobile Web Browser,149,1,1143.74,6.77,0
TXN-100739,CUST-1034,2025-01-24 11:50:08,917.44,UPI Transfer,Healthcare & Medical,Kolkata,Trusted Mobile App (iOS),499,3,662.91,9.82,0
TXN-100865,CUST-1309,2025-01-24 13:12:30,190.35,POS / In-Store,Utilities & Bills,Chennai,Trusted Mobile App (iOS),1735,2,232.9,16.7,0
TXN-100091,CUST-1115,2025-01-24 13:35:24,1336.54,UPI Transfer,Utilities & Bills,Bengaluru,Trusted Mobile App (iOS),1248,2,1021.41,4.64,0
TXN-100620,CUST-1308,2025-01-24 17:21:04,671.65,POS / In-Store,Dining & Food,Kochi,Desktop Web Browser,1252,2,467.51,13.4,0
TXN-100531,CUST-1033,2025-01-24 20:10:53,254.1,POS / In-Store,Grocery & Supermarkets,Jaipur,Trusted Mobile App (iOS),1432,1,401.01,10.18,0
TXN-100676,CUST-1071,2025-01-24 21:26:40,648.07,UPI Transfer,Utilities & Bills,Chennai,Desktop Web Browser,1272,2,894.68,0.62,0
TXN-100719,CUST-1141,2025-01-24 21:31:44,715.5,Online,Grocery & Supermarkets,Chennai,Desktop Web Browser,1030,2,1046.09,13.78,0
TXN-100290,CUST-1195,2025-01-24 22:44:41,910.59,UPI Transfer,Healthcare & Medical,Kochi,Desktop Web Browser,1370,3,421.6,12.67,0
TXN-100854,CUST-1137,2025-01-24 22:51:44,432.51,UPI Transfer,Healthcare & Medical,Delhi,Trusted Mobile App (iOS),1550,1,793.96,2.73,0
TXN-101336,CUST-1301,2025-01-25 07:07:10,1009.84,Online,Utilities & Bills,Kolkata,Trusted Mobile App (Android),1469,3,534.09,6.21,0
TXN-100686,CUST-1334,2025-01-25 07:29:34,2200.7,POS / In-Store,Dining & Food,Chennai,Desktop Web Browser,196,2,2400.64,4.63,0
TXN-100717,CUST-1302,2025-01-25 11:16:17,283.36,UPI Transfer,Dining & Food,Hyderabad,Trusted Mobile App (Android),657,3,416.76,68.46,0
TXN-100840,CUST-1304,2025-01-25 11:42:46,1971.12,Online,Utilities & Bills,Hyderabad,Trusted Mobile App (Android),274,3,1177.52,7.13,0
TXN-100645,CUST-1076,2025-01-25 13:55:13,366.85,UPI Transfer,Dining & Food,Ahmedabad,Trusted Mobile App (iOS),537,3,325.63,15.11,0
TXN-100389,CUST-1012,2025-01-25 15:47:41,760.53,Online,Grocery & Supermarkets,Pune,Trusted Mobile App (Android),599,1,775.63,1.9,0
TXN-101163,CUST-1356,2025-01-25 16:54:02,170.15,Online,Utilities & Bills,Mumbai,Trusted Mobile App (iOS),498,1,326.36,11.64,0
TXN-100830,CUST-1044,2025-01-25 18:34:26,1110.22,Online,Utilities & Bills,Pune,Trusted Mobile App (Android),479,1,550.83,17.6,0
TXN-100729,CUST-1031,2025-01-25 20:32:07,603.95,Online,Dining & Food,Kolkata,Trusted Mobile App (iOS),976,2,2104.09,37.12,0
TXN-100931,CUST-1241,2025-01-25 21:26:06,1009.03,UPI Transfer,Grocery & Supermarkets,Pune,Desktop Web Browser,368,2,976.04,11.79,0
TXN-100711,CUST-1355,2025-01-26 07:38:25,2305.26,UPI Transfer,Healthcare & Medical,Kolkata,Desktop Web Browser,542,2,922.86,16.28,0
TXN-101120,CUST-1072,2025-01-26 08:05:06,1108.0,UPI Transfer,Healthcare & Medical,Pune,Trusted Mobile App (iOS),1134,1,615.23,13.9,0
TXN-100649,CUST-1292,2025-01-26 08:51:32,290.07,Online,Healthcare & Medical,Pune,Trusted Mobile App (Android),1167,1,517.07,6.16,0
TXN-100092,CUST-1283,2025-01-26 09:04:39,341.5,POS / In-Store,Healthcare & Medical,Ahmedabad,Trusted Mobile App (iOS),1566,2,438.12,17.99,0
TXN-100905,CUST-1183,2025-01-26 10:21:32,1444.33,Online,Grocery & Supermarkets,Delhi,Desktop Web Browser,706,3,1898.37,13.48,0
TXN-100004,CUST-1282,2025-01-26 10:33:57,2032.16,POS / In-Store,Dining & Food,Hyderabad,Trusted Mobile App (iOS),601,3,736.11,12.72,0
TXN-100560,CUST-1291,2025-01-26 14:57:04,816.7,UPI Transfer,Utilities & Bills,Hyderabad,Trusted Mobile App (iOS),524,1,761.51,14.31,0
TXN-100893,CUST-1243,2025-01-26 22:35:13,678.21,Online,Utilities & Bills,Jaipur,Trusted Mobile App (iOS),836,2,2529.65,6.61,0
TXN-100429,CUST-1076,2025-01-26 22:36:44,360.68,UPI Transfer,Healthcare & Medical,Ahmedabad,Trusted Mobile App (iOS),537,3,252.62,10.09,0
TXN-100758,CUST-1057,2025-01-26 22:47:30,537.33,Online,Dining & Food,Chennai,Desktop Web Browser,1590,2,766.4,17.21,0
TXN-101299,CUST-1021,2025-01-27 07:56:09,730.49,POS / In-Store,Utilities & Bills,Hyderabad,Desktop Web Browser,172,2,922.21,8.85,0
TXN-101051,CUST-1359,2025-01-27 09:09:26,825.32,POS / In-Store,Healthcare & Medical,Bengaluru,Trusted Mobile App (Android),1092,2,605.02,10.89,0
TXN-100788,CUST-1171,2025-01-27 13:09:53,978.41,POS / In-Store,Utilities & Bills,Jaipur,Trusted Mobile App (Android),86,2,663.22,0.57,0
TXN-100617,CUST-1140,2025-01-27 15:42:46,1184.46,POS / In-Store,Healthcare & Medical,Kolkata,Trusted Mobile App (iOS),1437,1,1134.13,11.78,0
TXN-100334,CUST-1113,2025-01-27 16:40:01,404.46,Online,Dining & Food,Jaipur,Desktop Web Browser,146,1,837.01,12.35,0
TXN-100989,CUST-1050,2025-01-27 17:32:07,998.63,UPI Transfer,Healthcare & Medical,Kolkata,Desktop Web Browser,988,2,973.19,45.76,0
TXN-100749,CUST-1310,2025-01-27 18:29:52,1175.65,UPI Transfer,Utilities & Bills,Hyderabad,Trusted Mobile App (iOS),495,2,1321.92,13.45,0
TXN-101301,CUST-1091,2025-01-27 19:58:54,834.55,POS / In-Store,Dining & Food,Mumbai,Desktop Web Browser,1368,3,480.5,17.88,0
TXN-100184,CUST-1306,2025-01-27 20:11:29,1697.86,POS / In-Store,Dining & Food,Hyderabad,Trusted Mobile App (Android),1542,2,1175.2,9.9,0
TXN-100496,CUST-1044,2025-01-27 20:55:34,616.47,UPI Transfer,Dining & Food,Pune,Trusted Mobile App (Android),479,2,657.33,14.31,0
TXN-101095,CUST-1027,2025-01-27 21:27:57,1151.33,Online,Dining & Food,Kolkata,Trusted Mobile App (iOS),1402,3,800.34,6.22,0
TXN-101423,CUST-1155,2025-01-28 01:57:15,138144.78,Wire Transfer,Luxury Goods & Jewelry,Chennai,New Emulated Device,149,12,1538.48,779.67,1
TXN-100979,CUST-1338,2025-01-28 07:15:29,1449.99,Online,Grocery & Supermarkets,Kochi,Trusted Mobile App (Android),626,1,1364.8,12.68,0
TXN-101187,CUST-1012,2025-01-28 09:55:34,446.99,UPI Transfer,Healthcare & Medical,Pune,Trusted Mobile App (Android),599,3,626.38,12.95,0
TXN-100239,CUST-1289,2025-01-28 13:53:40,884.12,Online,Grocery & Supermarkets,Ahmedabad,Desktop Web Browser,595,1,1252.23,49.82,0
TXN-100583,CUST-1356,2025-01-28 16:08:33,284.58,Online,Grocery & Supermarkets,Mumbai,Trusted Mobile App (iOS),498,1,252.95,17.67,0
TXN-101111,CUST-1143,2025-01-28 20:14:58,146.19,UPI Transfer,Utilities & Bills,Pune,Trusted Mobile App (Android),120,3,497.28,5.27,0
TXN-100185,CUST-1148,2025-01-28 21:39:45,1408.89,Online,Dining & Food,Jaipur,Trusted Mobile App (iOS),259,2,902.92,6.78,0
TXN-101407,CUST-1311,2025-01-29 01:38:31,93285.35,Online,Crypto & Digital Assets,Ahmedabad,New Emulated Device,604,10,1519.68,242.92,1
TXN-101396,CUST-1236,2025-01-29 03:38:36,171291.02,ATM Withdrawal,Luxury Goods & Jewelry,Delhi,New Emulated Device,1124,5,357.52,304.35,1
TXN-100382,CUST-1101,2025-01-29 11:30:51,1203.11,POS / In-Store,Utilities & Bills,Ahmedabad,Trusted Mobile App (Android),467,2,1165.71,3.59,0
TXN-100621,CUST-1112,2025-01-29 13:17:01,626.61,UPI Transfer,Utilities & Bills,Ahmedabad,Desktop Web Browser,1776,3,678.39,4.95,0
TXN-100228,CUST-1168,2025-01-29 14:22:20,449.97,Online,Grocery & Supermarkets,Chennai,Trusted Mobile App (iOS),1613,2,632.32,1.36,0
TXN-100154,CUST-1269,2025-01-29 15:52:45,225.16,UPI Transfer,Healthcare & Medical,Delhi,Desktop Web Browser,1632,3,448.93,14.41,0
TXN-100318,CUST-1129,2025-01-29 16:13:20,1277.49,Online,Dining & Food,Jaipur,Trusted Mobile App (Android),301,3,1739.97,1.07,0
TXN-100509,CUST-1135,2025-01-29 20:00:50,1545.62,UPI Transfer,Grocery & Supermarkets,Jaipur,Trusted Mobile App (Android),1388,1,1694.66,14.45,0
TXN-100655,CUST-1154,2025-01-29 20:33:23,709.21,UPI Transfer,Utilities & Bills,Mumbai,Trusted Mobile App (Android),460,3,2278.95,5.76,0
TXN-101040,CUST-1149,2025-01-30 03:20:43,1226.33,POS / In-Store,Utilities & Bills,Delhi,Desktop Web Browser,335,1,483.5,11.16,0
TXN-100261,CUST-1213,2025-01-30 10:59:01,1150.79,POS / In-Store,Utilities & Bills,Jaipur,Trusted Mobile App (iOS),1767,2,435.61,14.14,0
TXN-100495,CUST-1214,2025-01-30 11:08:15,431.86,UPI Transfer,Healthcare & Medical,Delhi,Trusted Mobile App (Android),303,1,478.38,11.85,0
TXN-100787,CUST-1276,2025-01-30 12:16:36,1187.79,POS / In-Store,Healthcare & Medical,Ahmedabad,Desktop Web Browser,343,1,380.91,5.85,0
TXN-101062,CUST-1241,2025-01-30 12:46:45,1496.11,Online,Dining & Food,Pune,Desktop Web Browser,368,1,1009.03,2.81,0
TXN-101092,CUST-1304,2025-01-30 13:17:13,595.39,POS / In-Store,Healthcare & Medical,Hyderabad,Trusted Mobile App (Android),274,2,1971.12,10.36,0
TXN-101309,CUST-1034,2025-01-30 14:49:14,1554.39,POS / In-Store,Utilities & Bills,Kolkata,Trusted Mobile App (iOS),499,3,766.5,1.82,0
TXN-100983,CUST-1349,2025-01-30 16:39:43,1499.58,Online,Utilities & Bills,Kochi,Trusted Mobile App (Android),929,1,1319.44,3.35,0
TXN-100614,CUST-1124,2025-01-30 16:54:12,299.66,Online,Dining & Food,Pune,Trusted Mobile App (iOS),1405,2,263.39,6.08,0
TXN-101122,CUST-1126,2025-01-30 18:00:05,1949.98,POS / In-Store,Healthcare & Medical,Delhi,Trusted Mobile App (iOS),968,3,871.33,6.53,0
TXN-101320,CUST-1232,2025-01-30 19:26:46,2111.58,POS / In-Store,Dining & Food,Bengaluru,Trusted Mobile App (Android),827,2,1706.85,63.35,0
TXN-100651,CUST-1335,2025-01-30 22:51:10,1109.69,POS / In-Store,Dining & Food,Bengaluru,Trusted Mobile App (iOS),385,2,1220.95,14.61,0
TXN-101444,CUST-1311,2025-01-31 01:31:33,245312.93,Wire Transfer,Luxury Goods & Jewelry,Hyderabad,Unknown Device,561,7,1519.68,622.99,1
TXN-101074,CUST-1022,2025-01-31 07:14:08,309.31,POS / In-Store,Grocery & Supermarkets,Mumbai,Desktop Web Browser,496,2,288.18,12.54,0
TXN-100898,CUST-1057,2025-01-31 08:38:15,837.66,UPI Transfer,Healthcare & Medical,Chennai,Desktop Web Browser,1590,3,384.06,9.31,0
TXN-100237,CUST-1120,2025-01-31 14:17:19,233.38,Online,Healthcare & Medical,Delhi,Trusted Mobile App (Android),1376,2,356.73,14.35,0
TXN-101273,CUST-1023,2025-01-31 14:39:54,185.19,POS / In-Store,Utilities & Bills,Chennai,Trusted Mobile App (iOS),1781,1,204.55,15.93,0
TXN-100410,CUST-1272,2025-01-31 15:34:15,270.28,UPI Transfer,Dining & Food,Delhi,Desktop Web Browser,1356,1,993.37,0.51,0
TXN-100564,CUST-1164,2025-01-31 17:41:39,373.55,POS / In-Store,Dining & Food,Ahmedabad,Trusted Mobile App (iOS),438,3,448.57,8.79,0
TXN-101310,CUST-1037,2025-01-31 21:40:55,450.89,Online,Grocery & Supermarkets,Kochi,Desktop Web Browser,674,3,351.73,14.26,0
TXN-100303,CUST-1330,2025-01-31 22:54:04,1106.89,UPI Transfer,Dining & Food,Kochi,Trusted Mobile App (Android),655,2,625.88,3.39,0
TXN-100967,CUST-1217,2025-02-01 10:09:37,1848.44,Online,Healthcare & Medical,Ahmedabad,Desktop Web Browser,1699,1,1214.85,2.38,0
TXN-101117,CUST-1157,2025-02-01 12:48:58,1373.9,POS / In-Store,Healthcare & Medical,Kochi,Desktop Web Browser,346,3,400.47,14.66,0
TXN-100213,CUST-1006,2025-02-01 18:33:55,740.74,UPI Transfer,Dining & Food,Delhi,Trusted Mobile App (iOS),506,3,1184.51,14.89,0
TXN-101085,CUST-1063,2025-02-02 10:02:02,943.02,POS / In-Store,Healthcare & Medical,Kolkata,Trusted Mobile App (Android),69,1,523.2,9.17,0
TXN-101220,CUST-1272,2025-02-02 10:43:38,237.2,POS / In-Store,Dining & Food,Delhi,Desktop Web Browser,1356,3,270.28,11.6,0
TXN-100846,CUST-1230,2025-02-02 14:11:03,839.43,Online,Healthcare & Medical,Pune,Trusted Mobile App (Android),1141,2,889.31,15.19,0
TXN-100232,CUST-1026,2025-02-02 14:53:11,1239.63,UPI Transfer,Healthcare & Medical,Kolkata,Trusted Mobile App (iOS),788,1,870.38,13.18,0
TXN-101404,CUST-1313,2025-02-03 02:17:10,83926.0,Wire Transfer,Luxury Goods & Jewelry,Delhi,Mobile Web Browser,66,11,279.2,122.31,1
TXN-100809,CUST-1109,2025-02-03 09:06:31,797.24,UPI Transfer,Healthcare & Medical,Kochi,Desktop Web Browser,1140,2,1117.8,13.03,0
TXN-100847,CUST-1195,2025-02-03 10:21:46,504.29,Online,Utilities & Bills,Kochi,Desktop Web Browser,1370,2,425.61,4.87,0
TXN-100312,CUST-1297,2025-02-03 11:06:08,403.38,POS / In-Store,Healthcare & Medical,Hyderabad,Trusted Mobile App (Android),1389,2,536.05,11.01,0
TXN-100258,CUST-1230,2025-02-03 13:40:27,889.31,Online,Healthcare & Medical,Pune,Trusted Mobile App (Android),1141,1,1031.3,4.21,0
TXN-100243,CUST-1163,2025-02-03 18:14:35,1031.12,POS / In-Store,Utilities & Bills,Delhi,Trusted Mobile App (Android),109,1,1621.54,14.75,0
TXN-101002,CUST-1033,2025-02-03 18:41:51,889.95,Online,Utilities & Bills,Jaipur,Trusted Mobile App (iOS),1432,3,563.82,6.44,0
TXN-100677,CUST-1259,2025-02-03 18:45:16,830.3,Online,Healthcare & Medical,Kochi,Trusted Mobile App (iOS),982,1,824.17,6.81,0
TXN-100060,CUST-1331,2025-02-03 21:28:58,194.6,UPI Transfer,Healthcare & Medical,Kochi,Desktop Web Browser,153,2,187.06,11.17,0
TXN-100457,CUST-1075,2025-02-04 08:26:46,1210.81,POS / In-Store,Dining & Food,Kolkata,Desktop Web Browser,1089,1,1047.01,13.28,0
TXN-100737,CUST-1012,2025-02-04 10:01:48,665.52,Online,Utilities & Bills,Pune,Trusted Mobile App (Android),599,1,1523.64,2.9,0
TXN-101128,CUST-1216,2025-02-04 10:29:51,733.83,POS / In-Store,Healthcare & Medical,Jaipur,Desktop Web Browser,679,1,1279.64,6.56,0
TXN-100413,CUST-1067,2025-02-04 13:06:01,223.57,UPI Transfer,Healthcare & Medical,Delhi,Desktop Web Browser,1025,3,103.4,2.23,0
TXN-100236,CUST-1139,2025-02-04 14:01:09,678.9,UPI Transfer,Utilities & Bills,Chennai,Desktop Web Browser,461,3,514.18,14.12,0
TXN-100050,CUST-1221,2025-02-04 14:32:49,3053.27,UPI Transfer,Grocery & Supermarkets,Hyderabad,Desktop Web Browser,597,2,2187.86,12.19,0
TXN-101035,CUST-1226,2025-02-04 15:16:49,1028.7,Online,Grocery & Supermarkets,Kolkata,Desktop Web Browser,195,1,955.08,2.73,0
TXN-100238,CUST-1089,2025-02-04 17:51:13,226.88,POS / In-Store,Utilities & Bills,Pune,Trusted Mobile App (Android),897,3,913.0,6.78,0
TXN-100699,CUST-1273,2025-02-04 21:39:53,868.68,POS / In-Store,Healthcare & Medical,Kolkata,Trusted Mobile App (iOS),1769,1,902.73,4.1,0
TXN-101378,CUST-1193,2025-02-05 02:21:24,55310.55,ATM Withdrawal,Crypto & Digital Assets,Jaipur,New Emulated Device,596,6,2216.33,286.97,1
TXN-100877,CUST-1254,2025-02-05 12:12:51,1145.68,UPI Transfer,Grocery & Supermarkets,Hyderabad,Desktop Web Browser,170,2,736.29,17.01,0
TXN-100324,CUST-1113,2025-02-05 12:26:31,837.01,Online,Utilities & Bills,Jaipur,Trusted Mobile App (iOS),146,2,696.36,7.56,0
TXN-101188,CUST-1110,2025-02-05 14:29:17,653.03,UPI Transfer,Grocery & Supermarkets,Mumbai,Desktop Web Browser,672,1,148.5,3.98,0
TXN-100659,CUST-1109,2025-02-05 15:55:11,1117.8,UPI Transfer,Grocery & Supermarkets,Kochi,Desktop Web Browser,1140,1,920.5,8.09,0
TXN-100484,CUST-1201,2025-02-05 17:50:14,756.85,Online,Healthcare & Medical,Kochi,Trusted Mobile App (Android),221,1,905.72,6.18,0
TXN-101109,CUST-1045,2025-02-06 07:49:59,664.71,UPI Transfer,Grocery & Supermarkets,Bengaluru,Desktop Web Browser,1040,3,910.89,0.68,0
TXN-100351,CUST-1077,2025-02-06 10:42:36,518.01,UPI Transfer,Healthcare & Medical,Hyderabad,Trusted Mobile App (iOS),722,2,364.27,14.7,0
TXN-100857,CUST-1262,2025-02-06 10:55:54,1106.4,UPI Transfer,Dining & Food,Delhi,Trusted Mobile App (iOS),667,2,946.92,12.77,0
TXN-100021,CUST-1326,2025-02-06 11:40:45,367.09,UPI Transfer,Grocery & Supermarkets,Pune,Desktop Web Browser,1250,3,622.2,11.48,0
TXN-101151,CUST-1211,2025-02-06 14:08:15,299.65,POS / In-Store,Healthcare & Medical,Pune,Trusted Mobile App (iOS),390,1,1106.5,9.31,0
TXN-100417,CUST-1198,2025-02-06 14:36:58,993.42,UPI Transfer,Grocery & Supermarkets,Jaipur,Trusted Mobile App (Android),1655,3,728.03,3.63,0
TXN-100970,CUST-1151,2025-02-06 15:33:57,212.58,Online,Dining & Food,Kolkata,Desktop Web Browser,1161,1,374.25,9.58,0
TXN-100251,CUST-1106,2025-02-06 15:42:26,1268.99,POS / In-Store,Healthcare & Medical,Jaipur,Desktop Web Browser,1501,1,953.34,4.66,0
TXN-101260,CUST-1089,2025-02-06 22:11:24,915.01,POS / In-Store,Dining & Food,Pune,Trusted Mobile App (Android),897,3,717.04,17.58,0
TXN-100102,CUST-1161,2025-02-06 22:32:27,3370.29,Online,Healthcare & Medical,Pune,Desktop Web Browser,1799,3,1762.59,15.88,0
TXN-100059,CUST-1334,2025-02-06 22:32:34,1342.25,UPI Transfer,Grocery & Supermarkets,Chennai,Desktop Web Browser,196,3,1796.2,1.58,0
TXN-100537,CUST-1028,2025-02-07 11:43:45,778.07,Online,Grocery & Supermarkets,Chennai,Desktop Web Browser,1429,1,740.89,16.45,0
TXN-101091,CUST-1008,2025-02-07 20:37:14,1123.91,UPI Transfer,Dining & Food,Jaipur,Trusted Mobile App (iOS),1496,1,863.36,6.93,0
TXN-101192,CUST-1333,2025-02-07 20:52:00,1156.29,POS / In-Store,Dining & Food,Hyderabad,Desktop Web Browser,462,3,559.75,8.4,0
TXN-100731,CUST-1177,2025-02-07 22:39:47,1247.57,Online,Healthcare & Medical,Jaipur,Trusted Mobile App (iOS),818,3,927.67,4.02,0
TXN-101422,CUST-1013,2025-02-08 01:13:20,118918.12,Wire Transfer,Electronics & Gadgets,Ahmedabad,Unknown Device,1510,7,2933.36,685.8,1
TXN-101278,CUST-1255,2025-02-08 08:30:26,2168.08,UPI Transfer,Dining & Food,Mumbai,Trusted Mobile App (iOS),536,1,1113.31,2.45,0
TXN-100089,CUST-1252,2025-02-08 09:28:55,2333.61,POS / In-Store,Utilities & Bills,Delhi,Desktop Web Browser,69,3,1110.17,12.98,0
TXN-100231,CUST-1034,2025-02-08 09:35:00,662.91,Online,Grocery & Supermarkets,Kolkata,Desktop Web Browser,499,2,2595.84,2.75,0
TXN-100055,CUST-1132,2025-02-08 11:48:11,820.94,UPI Transfer,Healthcare & Medical,Ahmedabad,Mobile Web Browser,1470,3,1118.25,1.82,0
TXN-101072,CUST-1275,2025-02-08 12:47:47,1124.6,UPI Transfer,Dining & Food,Pune,Trusted Mobile App (Android),1331,2,819.48,7.42,0
TXN-100736,CUST-1102,2025-02-08 14:56:52,1579.5,Online,Dining & Food,Pune,Trusted Mobile App (iOS),367,1,1022.58,3.55,0
TXN-100947,CUST-1089,2025-02-08 15:25:15,717.04,Online,Dining & Food,Pune,Trusted Mobile App (Android),897,3,226.88,14.38,0
TXN-101311,CUST-1072,2025-02-08 17:50:12,584.03,UPI Transfer,Dining & Food,Bengaluru,Trusted Mobile App (iOS),1134,1,1108.0,25.04,0
TXN-100230,CUST-1067,2025-02-08 18:43:00,103.4,UPI Transfer,Grocery & Supermarkets,Delhi,Desktop Web Browser,1025,1,208.1,11.78,0
TXN-101383,CUST-1287,2025-02-09 02:19:21,54342.6,Online,Luxury Goods & Jewelry,Bengaluru,New Emulated Device,691,5,304.76,665.05,1
TXN-101395,CUST-1150,2025-02-09 03:11:20,195069.91,Wire Transfer,Electronics & Gadgets,Ahmedabad,New Emulated Device,1667,9,490.01,393.75,1
TXN-101424,CUST-1239,2025-02-09 04:08:08,132318.27,Online,Electronics & Gadgets,Ahmedabad,Unknown Device,52,6,476.83,820.52,1
TXN-101406,CUST-1278,2025-02-09 04:27:09,224788.12,Wire Transfer,Electronics & Gadgets,Kochi,Unknown Device,527,11,233.53,369.87,1
TXN-100783,CUST-1073,2025-02-09 12:37:03,2312.14,POS / In-Store,Grocery & Supermarkets,Hyderabad,Desktop Web Browser,668,2,1405.44,14.42,0
TXN-100458,CUST-1068,2025-02-09 15:00:26,740.14,Online,Healthcare & Medical,Delhi,Desktop Web Browser,1598,1,454.46,15.47,0
TXN-101206,CUST-1255,2025-02-09 18:58:02,1887.54,Online,Utilities & Bills,Mumbai,Trusted Mobile App (iOS),536,1,1615.65,11.38,0
TXN-100682,CUST-1330,2025-02-09 19:59:30,238.6,UPI Transfer,Healthcare & Medical,Kochi,Trusted Mobile App (Android),655,1,1106.89,11.32,0
TXN-101197,CUST-1107,2025-02-09 20:17:48,914.68,Online,Dining & Food,Ahmedabad,Trusted Mobile App (iOS),418,2,953.46,16.6,0
TXN-100356,CUST-1009,2025-02-09 20:52:45,2363.57,POS / In-Store,Grocery & Supermarkets,Jaipur,Trusted Mobile App (Android),481,3,904.26,2.19,0
TXN-100671,CUST-1121,2025-02-10 07:22:41,399.4,POS / In-Store,Grocery & Supermarkets,Kochi,Desktop Web Browser,1100,1,320.7,6.75,0
TXN-100752,CUST-1214,2025-02-10 07:23:08,533.61,POS / In-Store,Grocery & Supermarkets,Delhi,Trusted Mobile App (Android),303,2,667.52,15.79,0
TXN-101056,CUST-1050,2025-02-10 12:01:31,1195.98,POS / In-Store,Dining & Food,Pune,Desktop Web Browser,988,1,1041.74,1.2,0
TXN-100032,CUST-1284,2025-02-10 14:21:23,381.76,UPI Transfer,Dining & Food,Ahmedabad,Desktop Web Browser,1279,1,500.6,14.3,0
TXN-100190,CUST-1122,2025-02-10 18:55:11,764.45,Online,Dining & Food,Kolkata,Trusted Mobile App (Android),448,1,812.15,11.57,0
TXN-101083,CUST-1354,2025-02-10 22:34:19,981.0,UPI Transfer,Healthcare & Medical,Kochi,Trusted Mobile App (iOS),914,3,2808.76,17.29,0
TXN-101236,CUST-1014,2025-02-11 07:40:01,333.7,Online,Healthcare & Medical,Delhi,Trusted Mobile App (iOS),219,2,772.14,36.08,0
TXN-100209,CUST-1135,2025-02-11 08:50:05,1818.02,UPI Transfer,Healthcare & Medical,Jaipur,Trusted Mobile App (Android),1388,3,2332.4,5.51,0
TXN-101296,CUST-1078,2025-02-11 09:23:25,1238.93,UPI Transfer,Utilities & Bills,Mumbai,Mobile Web Browser,1164,3,565.51,6.02,0
TXN-100925,CUST-1194,2025-02-11 13:43:21,952.98,Online,Utilities & Bills,Hyderabad,Trusted Mobile App (Android),1639,2,717.64,0.75,0
TXN-101348,CUST-1346,2025-02-11 14:54:29,693.3,POS / In-Store,Dining & Food,Bengaluru,Trusted Mobile App (Android),1722,3,389.96,6.82,0
TXN-100920,CUST-1269,2025-02-11 15:11:04,594.37,UPI Transfer,Dining & Food,Delhi,Desktop Web Browser,1632,1,812.3,2.12,0
TXN-100233,CUST-1182,2025-02-11 16:38:58,577.72,POS / In-Store,Dining & Food,Hyderabad,Trusted Mobile App (Android),913,3,459.32,8.31,0
TXN-100951,CUST-1038,2025-02-11 18:09:51,830.45,Online,Utilities & Bills,Hyderabad,Desktop Web Browser,1052,1,651.39,2.64,0
TXN-100635,CUST-1308,2025-02-11 20:36:47,660.48,UPI Transfer,Dining & Food,Kochi,Desktop Web Browser,1252,1,671.65,12.35,0
TXN-100569,CUST-1045,2025-02-11 21:47:44,910.89,UPI Transfer,Healthcare & Medical,Ahmedabad,Desktop Web Browser,1040,1,414.04,35.87,0
TXN-101374,CUST-1361,2025-02-12 04:06:15,245840.92,ATM Withdrawal,Crypto & Digital Assets,Mumbai,Mobile Web Browser,1322,12,1816.56,619.19,1
TXN-100374,CUST-1182,2025-02-12 10:35:31,1744.38,Online,Healthcare & Medical,Hyderabad,Trusted Mobile App (Android),913,3,577.72,17.07,0
TXN-100518,CUST-1221,2025-02-12 10:58:17,2341.52,Online,Utilities & Bills,Hyderabad,Desktop Web Browser,597,2,2450.12,5.03,0
TXN-101070,CUST-1210,2025-02-12 12:34:46,838.7,Online,Grocery & Supermarkets,Mumbai,Desktop Web Browser,1624,3,463.46,11.44,0
TXN-101292,CUST-1103,2025-02-12 12:42:24,633.25,UPI Transfer,Grocery & Supermarkets,Pune,Trusted Mobile App (iOS),829,3,396.19,9.56,0
TXN-101349,CUST-1130,2025-02-12 16:00:22,3185.97,UPI Transfer,Healthcare & Medical,Kolkata,Trusted Mobile App (iOS),530,3,6299.14,3.67,0
TXN-100744,CUST-1203,2025-02-12 19:36:14,947.63,Online,Dining & Food,Hyderabad,Trusted Mobile App (iOS),331,1,489.89,15.24,0
TXN-100035,CUST-1258,2025-02-13 00:29:48,327.33,POS / In-Store,Utilities & Bills,Ahmedabad,Desktop Web Browser,264,2,249.95,14.21,0
TXN-101078,CUST-1048,2025-02-13 03:46:25,1154.68,UPI Transfer,Grocery & Supermarkets,Bengaluru,Trusted Mobile App (Android),894,2,637.41,8.96,0
TXN-100279,CUST-1046,2025-02-13 16:26:35,961.63,UPI Transfer,Healthcare & Medical,Delhi,Trusted Mobile App (iOS),1793,1,1884.16,6.3,0
TXN-100285,CUST-1128,2025-02-13 18:19:28,1118.4,Online,Grocery & Supermarkets,Delhi,Desktop Web Browser,466,1,1475.73,7.21,0
TXN-101319,CUST-1098,2025-02-14 08:44:38,764.44,UPI Transfer,Healthcare & Medical,Jaipur,Trusted Mobile App (iOS),133,2,735.92,8.64,0
TXN-100597,CUST-1255,2025-02-14 11:01:27,1154.75,POS / In-Store,Grocery & Supermarkets,Mumbai,Trusted Mobile App (iOS),536,1,1155.71,1.42,0
TXN-101025,CUST-1267,2025-02-14 13:07:31,306.9,Online,Healthcare & Medical,Hyderabad,Trusted Mobile App (iOS),1457,3,542.44,14.79,0
TXN-100149,CUST-1169,2025-02-14 14:31:52,2212.7,UPI Transfer,Healthcare & Medical,Chennai,Trusted Mobile App (Android),1343,2,1723.95,17.01,0
TXN-100726,CUST-1211,2025-02-15 07:29:50,1106.5,POS / In-Store,Grocery & Supermarkets,Pune,Trusted Mobile App (iOS),390,2,783.46,14.42,0
TXN-100757,CUST-1106,2025-02-15 09:29:32,977.55,UPI Transfer,Healthcare & Medical,Jaipur,Desktop Web Browser,1501,1,1268.99,9.57,0
TXN-100488,CUST-1356,2025-02-15 09:47:32,252.95,POS / In-Store,Healthcare & Medical,Kochi,Trusted Mobile App (iOS),498,2,389.1,66.02,0
TXN-100715,CUST-1114,2025-02-15 11:43:16,1713.8,Online,Dining & Food,Mumbai,Trusted Mobile App (Android),1773,3,1176.03,35.44,0
TXN-100375,CUST-1103,2025-02-15 15:13:59,793.26,UPI Transfer,Dining & Food,Pune,Trusted Mobile App (iOS),829,1,760.58,15.11,0
TXN-100955,CUST-1197,2025-02-15 16:01:21,1505.07,UPI Transfer,Dining & Food,Ahmedabad,Mobile Web Browser,467,2,906.65,15.48,0
TXN-100026,CUST-1346,2025-02-15 17:58:20,389.96,UPI Transfer,Utilities & Bills,Bengaluru,Trusted Mobile App (Android),1722,3,585.76,11.83,0
TXN-100806,CUST-1228,2025-02-15 19:47:43,2206.8,UPI Transfer,Grocery & Supermarkets,Pune,Desktop Web Browser,342,3,1856.12,1.92,0
TXN-100074,CUST-1148,2025-02-16 08:15:01,637.21,Online,Healthcare & Medical,Jaipur,Trusted Mobile App (iOS),259,3,1242.66,14.39,0
TXN-100587,CUST-1314,2025-02-16 09:06:28,605.89,POS / In-Store,Dining & Food,Mumbai,Desktop Web Browser,628,2,1198.73,13.86,0
TXN-100207,CUST-1058,2025-02-16 09:33:20,515.2,UPI Transfer,Dining & Food,Bengaluru,Desktop Web Browser,247,2,654.66,0.71,0
TXN-100998,CUST-1337,2025-02-16 13:30:32,202.73,POS / In-Store,Healthcare & Medical,Mumbai,Trusted Mobile App (Android),952,2,249.53,5.57,0
TXN-100734,CUST-1110,2025-02-16 17:51:34,290.58,Online,Utilities & Bills,Mumbai,Desktop Web Browser,672,1,352.33,4.09,0
TXN-100103,CUST-1235,2025-02-16 18:03:36,2923.12,POS / In-Store,Healthcare & Medical,Mumbai,Trusted Mobile App (Android),641,2,1559.64,9.16,0
TXN-100934,CUST-1221,2025-02-16 19:12:52,1937.49,POS / In-Store,Healthcare & Medical,Hyderabad,Desktop Web Browser,597,1,1232.05,7.38,0
TXN-100553,CUST-1172,2025-02-16 22:47:32,1016.46,POS / In-Store,Dining & Food,Kochi,Trusted Mobile App (Android),395,2,764.57,67.91,0
TXN-101416,CUST-1274,2025-02-17 01:20:45,264055.27,Online,Electronics & Gadgets,Bengaluru,Mobile Web Browser,196,5,592.82,679.44,1
TXN-100053,CUST-1055,2025-02-17 19:33:13,812.7,Online,Utilities & Bills,Delhi,Trusted Mobile App (Android),920,1,835.64,15.73,0
TXN-100167,CUST-1129,2025-02-17 22:38:34,1739.97,Online,Healthcare & Medical,Jaipur,Trusted Mobile App (Android),301,2,1043.62,8.51,0
TXN-100513,CUST-1146,2025-02-18 07:39:15,1380.2,Online,Grocery & Supermarkets,Bengaluru,Desktop Web Browser,934,3,951.73,16.92,0
TXN-100383,CUST-1154,2025-02-18 08:25:25,2278.95,UPI Transfer,Healthcare & Medical,Mumbai,Trusted Mobile App (Android),460,3,1630.73,3.36,0
TXN-101135,CUST-1203,2025-02-18 10:08:04,1758.2,UPI Transfer,Utilities & Bills,Hyderabad,Trusted Mobile App (iOS),331,2,947.63,11.58,0
TXN-101066,CUST-1167,2025-02-18 10:11:00,789.9,POS / In-Store,Healthcare & Medical,Hyderabad,Trusted Mobile App (Android),702,3,820.81,6.08,0
TXN-100033,CUST-1277,2025-02-18 10:42:59,596.72,Online,Utilities & Bills,Pune,Trusted Mobile App (iOS),1532,1,562.13,2.81,0
TXN-101169,CUST-1268,2025-02-18 12:44:58,747.05,Online,Grocery & Supermarkets,Hyderabad,Desktop Web Browser,1259,3,986.68,32.56,0
TXN-100455,CUST-1047,2025-02-18 12:45:04,666.66,POS / In-Store,Utilities & Bills,Delhi,Trusted Mobile App (iOS),1315,1,626.96,2.1,0
TXN-101088,CUST-1310,2025-02-18 13:59:37,906.98,Online,Healthcare & Medical,Hyderabad,Trusted Mobile App (Android),495,1,699.0,13.57,0
TXN-100605,CUST-1126,2025-02-18 16:37:52,1097.65,Online,Utilities & Bills,Delhi,Trusted Mobile App (iOS),968,1,1359.11,12.54,0
TXN-101175,CUST-1273,2025-02-18 16:40:35,828.69,Online,Utilities & Bills,Kolkata,Mobile Web Browser,1769,3,868.68,17.6,0
TXN-101082,CUST-1253,2025-02-18 17:53:58,360.21,UPI Transfer,Grocery & Supermarkets,Jaipur,Trusted Mobile App (iOS),746,2,333.2,6.13,0
TXN-101184,CUST-1250,2025-02-18 19:03:02,950.38,UPI Transfer,Healthcare & Medical,Pune,Trusted Mobile App (Android),1570,2,1184.93,11.69,0
TXN-100851,CUST-1337,2025-02-18 19:23:44,192.24,UPI Transfer,Grocery & Supermarkets,Mumbai,Trusted Mobile App (Android),952,2,327.47,8.0,0
TXN-100373,CUST-1135,2025-02-18 19:43:51,1694.66,Online,Healthcare & Medical,Jaipur,Trusted Mobile App (Android),1388,2,1818.02,6.48,0
TXN-101397,CUST-1097,2025-02-19 04:29:16,235817.93,ATM Withdrawal,Electronics & Gadgets,Kochi,New Emulated Device,912,11,1683.45,546.02,1
TXN-100515,CUST-1095,2025-02-19 09:40:48,823.09,POS / In-Store,Utilities & Bills,Ahmedabad,Trusted Mobile App (iOS),894,2,929.34,17.92,0
TXN-101144,CUST-1200,2025-02-19 09:40:49,923.41,POS / In-Store,Utilities & Bills,Chennai,Desktop Web Browser,1389,2,858.09,17.74,0
TXN-100834,CUST-1043,2025-02-19 11:34:42,751.32,POS / In-Store,Dining & Food,Kochi,Trusted Mobile App (Android),1225,3,819.01,11.52,0
TXN-100359,CUST-1069,2025-02-19 14:58:23,1669.79,UPI Transfer,Utilities & Bills,Bengaluru,Trusted Mobile App (iOS),1381,1,416.54,5.46,0
TXN-101275,CUST-1250,2025-02-19 19:02:54,493.21,Online,Grocery & Supermarkets,Pune,Trusted Mobile App (Android),1570,3,950.38,8.36,0
TXN-100650,CUST-1205,2025-02-19 19:05:59,231.17,UPI Transfer,Utilities & Bills,Ahmedabad,Desktop Web Browser,1770,3,347.45,4.14,0
TXN-100794,CUST-1219,2025-02-19 19:37:55,632.68,POS / In-Store,Grocery & Supermarkets,Jaipur,Trusted Mobile App (Android),355,1,802.62,7.7,0
TXN-101216,CUST-1096,2025-02-19 22:49:41,260.96,UPI Transfer,Utilities & Bills,Bengaluru,Trusted Mobile App (Android),977,1,1044.34,12.11,0
TXN-100911,CUST-1236,2025-02-20 02:06:23,871.13,Online,Healthcare & Medical,Ahmedabad,Trusted Mobile App (Android),1132,1,532.62,55.77,0
TXN-101015,CUST-1216,2025-02-20 08:08:38,1279.64,POS / In-Store,Grocery & Supermarkets,Jaipur,Desktop Web Browser,679,1,1398.63,14.79,0
TXN-101161,CUST-1359,2025-02-20 08:48:09,202.41,UPI Transfer,Utilities & Bills,Bengaluru,Trusted Mobile App (Android),1092,3,230.28,9.63,0
TXN-100812,CUST-1115,2025-02-20 09:07:55,1457.36,POS / In-Store,Utilities & Bills,Bengaluru,Trusted Mobile App (iOS),1248,1,953.11,13.46,0
TXN-100703,CUST-1166,2025-02-20 10:03:39,765.46,UPI Transfer,Healthcare & Medical,Hyderabad,Trusted Mobile App (iOS),78,1,1015.55,13.66,0
TXN-100960,CUST-1027,2025-02-20 10:13:56,954.91,UPI Transfer,Utilities & Bills,Kolkata,Trusted Mobile App (iOS),1402,3,1423.4,1.34,0
TXN-101130,CUST-1218,2025-02-20 10:38:30,916.18,UPI Transfer,Utilities & Bills,Jaipur,Trusted Mobile App (Android),1731,3,1088.13,16.39,0
TXN-100372,CUST-1060,2025-02-20 14:43:37,1020.02,UPI Transfer,Grocery & Supermarkets,Kochi,Trusted Mobile App (iOS),343,3,1336.18,14.5,0
TXN-101132,CUST-1303,2025-02-20 21:27:19,624.66,UPI Transfer,Healthcare & Medical,Chennai,Trusted Mobile App (iOS),277,2,207.95,5.43,0
TXN-100636,CUST-1149,2025-02-20 21:58:26,483.5,Online,Grocery & Supermarkets,Delhi,Desktop Web Browser,335,2,455.51,10.7,0
TXN-100503,CUST-1289,2025-02-20 22:37:10,1572.88,UPI Transfer,Healthcare & Medical,Kochi,Trusted Mobile App (iOS),595,1,884.12,1.4,0
TXN-100800,CUST-1032,2025-02-21 07:42:34,521.14,POS / In-Store,Grocery & Supermarkets,Pune,Trusted Mobile App (Android),1340,2,540.73,17.78,0
TXN-100342,CUST-1101,2025-02-21 09:46:44,1165.71,Online,Healthcare & Medical,Ahmedabad,Trusted Mobile App (Android),467,3,1302.25,0.83,0
TXN-100295,CUST-1152,2025-02-21 10:52:42,1962.8,POS / In-Store,Utilities & Bills,Bengaluru,Trusted Mobile App (Android),291,2,910.26,1.19,0
TXN-100431,CUST-1037,2025-02-21 17:43:52,457.75,UPI Transfer,Utilities & Bills,Delhi,Desktop Web Browser,674,1,464.59,26.19,0
TXN-101112,CUST-1226,2025-02-21 18:37:11,402.96,POS / In-Store,Dining & Food,Kolkata,Desktop Web Browser,195,1,1028.7,14.02,0
TXN-100034,CUST-1090,2025-02-21 20:33:08,872.3,UPI Transfer,Grocery & Supermarkets,Pune,Trusted Mobile App (Android),1799,2,653.96,1.61,0
TXN-100380,CUST-1281,2025-02-21 22:39:55,982.36,UPI Transfer,Utilities & Bills,Kochi,Trusted Mobile App (Android),690,2,815.07,3.72,0
TXN-101392,CUST-1323,2025-02-22 03:38:19,108029.73,Online,Electronics & Gadgets,Kochi,New Emulated Device,291,8,830.82,286.32,1
TXN-100118,CUST-1357,2025-02-22 14:15:52,1058.47,Online,Grocery & Supermarkets,Kochi,Desktop Web Browser,72,1,841.34,16.34,0
TXN-100887,CUST-1054,2025-02-22 15:23:10,897.24,POS / In-Store,Grocery & Supermarkets,Chennai,Desktop Web Browser,726,1,588.1,16.83,0
TXN-100861,CUST-1057,2025-02-22 18:45:39,384.06,Online,Grocery & Supermarkets,Chennai,Desktop Web Browser,1590,1,224.42,6.1,0
TXN-100876,CUST-1167,2025-02-22 19:09:06,820.81,Online,Healthcare & Medical,Hyderabad,Trusted Mobile App (Android),702,1,1265.58,13.27,0
TXN-101068,CUST-1149,2025-02-22 20:03:56,607.77,UPI Transfer,Healthcare & Medical,Delhi,Desktop Web Browser,335,2,1226.33,6.16,0
TXN-100785,CUST-1104,2025-02-22 22:05:47,509.26,UPI Transfer,Healthcare & Medical,Kolkata,Trusted Mobile App (Android),614,3,457.57,41.9,0
TXN-100166,CUST-1072,2025-02-22 22:09:11,615.23,UPI Transfer,Grocery & Supermarkets,Pune,Trusted Mobile App (iOS),1134,2,857.2,8.11,0
TXN-100473,CUST-1017,2025-02-22 22:56:10,716.06,POS / In-Store,Utilities & Bills,Mumbai,Trusted Mobile App (Android),970,1,553.39,8.41,0
TXN-100859,CUST-1020,2025-02-23 04:17:15,731.14,Online,Healthcare & Medical,Pune,Trusted Mobile App (Android),1212,2,290.1,20.97,0
TXN-101375,CUST-1258,2025-02-23 04:51:11,87589.82,Wire Transfer,Electronics & Gadgets,Kochi,Unknown Device,175,6,287.91,597.2,1
TXN-100999,CUST-1342,2025-02-23 10:29:16,469.57,UPI Transfer,Grocery & Supermarkets,Hyderabad,Trusted Mobile App (Android),1643,3,542.33,7.93,0
TXN-101001,CUST-1235,2025-02-23 12:22:58,1909.09,POS / In-Store,Healthcare & Medical,Mumbai,Trusted Mobile App (Android),641,3,2923.12,15.57,0
TXN-101101,CUST-1332,2025-02-23 19:02:59,500.19,POS / In-Store,Grocery & Supermarkets,Chennai,Desktop Web Browser,233,3,375.44,35.08,0
TXN-100833,CUST-1184,2025-02-23 20:04:27,1010.7,Online,Healthcare & Medical,Kochi,Trusted Mobile App (Android),1388,2,705.08,5.06,0
TXN-100478,CUST-1147,2025-02-23 21:42:49,1292.3,Online,Grocery & Supermarkets,Jaipur,Desktop Web Browser,905,1,1038.25,3.11,0
TXN-100610,CUST-1173,2025-02-23 22:27:22,730.26,UPI Transfer,Utilities & Bills,Kochi,Trusted Mobile App (Android),108,2,1002.1,14.42,0
TXN-101447,CUST-1077,2025-02-24 03:44:48,214850.89,Wire Transfer,Luxury Goods & Jewelry,Pune,Mobile Web Browser,707,11,518.26,542.87,1
TXN-100264,CUST-1160,2025-02-24 10:55:36,381.72,UPI Transfer,Utilities & Bills,Bengaluru,Desktop Web Browser,710,3,417.79,5.76,0
TXN-100381,CUST-1206,2025-02-24 11:36:05,462.24,Online,Healthcare & Medical,Delhi,Trusted Mobile App (Android),878,2,259.21,14.75,0
TXN-101054,CUST-1266,2025-02-24 17:06:04,473.88,UPI Transfer,Healthcare & Medical,Hyderabad,Trusted Mobile App (iOS),1242,1,742.27,3.4,0
TXN-100885,CUST-1053,2025-02-24 17:07:58,892.92,Online,Dining & Food,Delhi,Desktop Web Browser,1129,1,645.08,16.68,0
TXN-101333,CUST-1259,2025-02-24 19:27:29,828.55,Online,Dining & Food,Kochi,Trusted Mobile App (iOS),982,2,1289.85,15.42,0
TXN-100963,CUST-1251,2025-02-24 22:14:07,4555.5,UPI Transfer,Dining & Food,Pune,Trusted Mobile App (Android),1739,3,1812.57,13.91,0
TXN-101439,CUST-1221,2025-02-25 02:39:08,244620.76,Wire Transfer,Electronics & Gadgets,Bengaluru,Mobile Web Browser,587,11,1561.78,365.36,1
TXN-101401,CUST-1320,2025-02-25 04:15:45,214099.41,ATM Withdrawal,Luxury Goods & Jewelry,Hyderabad,Mobile Web Browser,1683,10,1001.9,280.92,1
TXN-100081,CUST-1098,2025-02-25 08:55:24,580.59,UPI Transfer,Healthcare & Medical,Jaipur,Trusted Mobile App (iOS),133,3,1021.73,5.28,0
TXN-100687,CUST-1154,2025-02-25 11:45:53,1374.92,POS / In-Store,Dining & Food,Mumbai,Trusted Mobile App (Android),460,2,709.21,13.41,0
TXN-101287,CUST-1074,2025-02-25 12:24:51,1432.3,UPI Transfer,Dining & Food,Bengaluru,Desktop Web Browser,1360,1,1203.27,40.24,0
TXN-101277,CUST-1275,2025-02-25 15:06:08,434.94,Online,Grocery & Supermarkets,Pune,Trusted Mobile App (Android),1331,3,705.83,7.41,0
TXN-100609,CUST-1110,2025-02-25 16:36:26,352.33,Online,Grocery & Supermarkets,Mumbai,Desktop Web Browser,672,3,632.96,4.45,0
TXN-101359,CUST-1025,2025-02-25 18:29:59,607.77,UPI Transfer,Dining & Food,Chennai,Trusted Mobile App (Android),1331,2,945.49,10.03,0
TXN-100853,CUST-1098,2025-02-25 19:26:44,735.92,Online,Healthcare & Medical,Jaipur,Trusted Mobile App (iOS),133,3,580.59,16.27,0
TXN-100884,CUST-1336,2025-02-25 19:43:00,133.91,Online,Grocery & Supermarkets,Jaipur,Trusted Mobile App (iOS),350,1,82.47,14.9,0
TXN-101055,CUST-1087,2025-02-26 00:24:31,401.99,Online,Utilities & Bills,Ahmedabad,Trusted Mobile App (Android),419,1,134.86,11.11,0
TXN-101154,CUST-1068,2025-02-26 07:13:40,1409.28,UPI Transfer,Dining & Food,Delhi,Desktop Web Browser,1598,1,1178.96,8.54,0
TXN-100868,CUST-1067,2025-02-26 08:50:47,218.9,POS / In-Store,Grocery & Supermarkets,Hyderabad,Desktop Web Browser,1025,1,241.71,60.74,0
TXN-100572,CUST-1196,2025-02-26 08:52:46,721.9,POS / In-Store,Healthcare & Medical,Kolkata,Trusted Mobile App (Android),934,1,590.93,15.11,0
TXN-101302,CUST-1165,2025-02-26 09:22:50,233.89,POS / In-Store,Healthcare & Medical,Ahmedabad,Trusted Mobile App (Android),655,1,414.96,14.49,0
TXN-100592,CUST-1209,2025-02-26 10:14:39,669.35,UPI Transfer,Utilities & Bills,Hyderabad,Trusted Mobile App (iOS),1373,1,1237.8,15.49,0
TXN-101297,CUST-1090,2025-02-26 12:57:28,1872.62,POS / In-Store,Healthcare & Medical,Pune,Trusted Mobile App (Android),1799,1,1115.24,3.36,0
TXN-100286,CUST-1153,2025-02-26 17:27:20,1047.59,UPI Transfer,Utilities & Bills,Mumbai,Trusted Mobile App (Android),776,1,2160.79,17.92,0
TXN-100950,CUST-1210,2025-02-26 18:25:09,463.46,Online,Utilities & Bills,Mumbai,Trusted Mobile App (iOS),1624,1,381.16,3.65,0
TXN-100438,CUST-1010,2025-02-26 19:14:41,90.45,UPI Transfer,Healthcare & Medical,Jaipur,Desktop Web Browser,599,3,117.81,73.71,0
TXN-100491,CUST-1273,2025-02-26 21:12:13,1710.42,POS / In-Store,Utilities & Bills,Kolkata,Trusted Mobile App (iOS),1769,2,986.05,15.85,0
TXN-100398,CUST-1070,2025-02-26 21:39:42,2021.19,UPI Transfer,Grocery & Supermarkets,Ahmedabad,Desktop Web Browser,368,1,3339.82,12.76,0
TXN-100848,CUST-1248,2025-02-27 07:47:08,2355.78,UPI Transfer,Healthcare & Medical,Pune,Trusted Mobile App (iOS),463,1,5128.21,7.39,0
TXN-100453,CUST-1217,2025-02-27 08:44:43,1042.51,UPI Transfer,Grocery & Supermarkets,Ahmedabad,Desktop Web Browser,1699,3,895.6,2.99,0
TXN-100747,CUST-1043,2025-02-27 09:50:09,819.01,UPI Transfer,Grocery & Supermarkets,Kochi,Trusted Mobile App (Android),1225,3,1123.68,4.49,0
TXN-100693,CUST-1156,2025-02-27 11:09:07,376.23,UPI Transfer,Dining & Food,Kolkata,Desktop Web Browser,862,1,347.44,7.88,0
TXN-100807,CUST-1198,2025-02-27 11:55:02,809.73,POS / In-Store,Grocery & Supermarkets,Jaipur,Trusted Mobile App (Android),1655,1,993.42,10.51,0
TXN-101194,CUST-1295,2025-02-27 19:01:17,337.23,Online,Utilities & Bills,Mumbai,Trusted Mobile App (iOS),632,3,128.0,6.14,0
TXN-101032,CUST-1278,2025-02-27 19:02:38,323.34,POS / In-Store,Grocery & Supermarkets,Jaipur,Desktop Web Browser,583,1,268.5,6.83,0
TXN-100883,CUST-1279,2025-02-27 20:09:05,2161.16,UPI Transfer,Dining & Food,Kochi,Desktop Web Browser,1616,2,1563.55,4.43,0
TXN-101012,CUST-1265,2025-02-27 22:14:18,796.54,UPI Transfer,Utilities & Bills,Pune,Trusted Mobile App (Android),1494,2,978.95,9.96,0
TXN-100599,CUST-1104,2025-02-27 22:32:08,368.19,POS / In-Store,Grocery & Supermarkets,Chennai,Trusted Mobile App (Android),614,1,501.46,6.51,0
TXN-100325,CUST-1185,2025-02-27 22:35:20,1553.78,POS / In-Store,Utilities & Bills,Delhi,Desktop Web Browser,645,2,1218.58,17.67,0
TXN-100126,CUST-1169,2025-02-28 07:16:10,1723.95,Online,Healthcare & Medical,Chennai,Trusted Mobile App (Android),1343,2,1727.63,12.62,0
TXN-100422,CUST-1004,2025-02-28 07:39:27,357.6,POS / In-Store,Utilities & Bills,Jaipur,Trusted Mobile App (iOS),1239,3,692.01,6.01,0
TXN-100096,CUST-1321,2025-02-28 09:32:53,504.69,Online,Utilities & Bills,Delhi,Trusted Mobile App (Android),1037,3,1245.18,10.86,0
TXN-100178,CUST-1035,2025-02-28 10:01:55,1788.67,Online,Dining & Food,Mumbai,Trusted Mobile App (Android),851,3,1344.62,11.84,0
TXN-100333,CUST-1352,2025-02-28 16:48:45,1443.68,UPI Transfer,Dining & Food,Pune,Desktop Web Browser,1135,3,1955.09,41.73,0
TXN-100145,CUST-1171,2025-02-28 20:57:30,663.22,POS / In-Store,Healthcare & Medical,Jaipur,Trusted Mobile App (iOS),86,1,726.04,16.9,0
TXN-101212,CUST-1338,2025-02-28 21:42:56,1650.98,Online,Utilities & Bills,Kochi,Desktop Web Browser,626,2,1449.99,9.55,0
TXN-100863,CUST-1172,2025-03-01 07:43:18,861.41,POS / In-Store,Utilities & Bills,Delhi,Trusted Mobile App (Android),395,3,1016.46,15.58,0
TXN-101218,CUST-1178,2025-03-01 09:55:55,2733.36,Online,Dining & Food,Bengaluru,Trusted Mobile App (Android),551,1,936.4,41.87,0
TXN-100227,CUST-1232,2025-03-01 10:05:05,2958.52,POS / In-Store,Grocery & Supermarkets,Hyderabad,Trusted Mobile App (Android),827,1,1917.93,12.51,0
TXN-101291,CUST-1330,2025-03-01 11:30:10,420.66,POS / In-Store,Healthcare & Medical,Kochi,Trusted Mobile App (Android),655,1,238.6,11.91,0
TXN-101162,CUST-1150,2025-03-01 13:09:06,490.01,UPI Transfer,Utilities & Bills,Jaipur,Trusted Mobile App (iOS),1739,1,1077.44,11.59,0
TXN-101110,CUST-1127,2025-03-01 13:47:10,1195.41,POS / In-Store,Utilities & Bills,Kochi,Desktop Web Browser,234,1,944.12,2.82,0
TXN-100860,CUST-1269,2025-03-01 14:14:29,812.3,POS / In-Store,Grocery & Supermarkets,Delhi,Desktop Web Browser,1632,2,422.75,8.89,0
TXN-100163,CUST-1003,2025-03-01 15:06:49,986.53,POS / In-Store,Healthcare & Medical,Bengaluru,Desktop Web Browser,239,1,692.0,3.78,0
TXN-100468,CUST-1035,2025-03-01 17:49:26,580.27,POS / In-Store,Grocery & Supermarkets,Mumbai,Trusted Mobile App (Android),851,1,1788.67,12.5,0
TXN-100641,CUST-1060,2025-03-02 11:31:31,1492.47,UPI Transfer,Utilities & Bills,Kochi,Trusted Mobile App (iOS),343,2,1020.02,15.11,0
TXN-100042,CUST-1308,2025-03-02 13:09:02,467.51,POS / In-Store,Utilities & Bills,Kochi,Desktop Web Browser,1252,1,1073.61,4.42,0
TXN-100784,CUST-1240,2025-03-02 13:15:21,481.35,POS / In-Store,Healthcare & Medical,Pune,Trusted Mobile App (Android),1399,3,492.23,11.1,0
TXN-100340,CUST-1003,2025-03-02 14:45:12,536.86,Online,Utilities & Bills,Bengaluru,Desktop Web Browser,239,2,986.53,8.13,0
TXN-100391,CUST-1200,2025-03-02 16:28:18,889.88,Online,Grocery & Supermarkets,Chennai,Desktop Web Browser,1389,3,566.43,2.8,0
TXN-100005,CUST-1082,2025-03-02 20:05:02,2097.31,Online,Dining & Food,Mumbai,Trusted Mobile App (Android),175,2,1700.76,15.22,0
TXN-100987,CUST-1306,2025-03-02 20:43:01,864.24,Online,Utilities & Bills,Hyderabad,Trusted Mobile App (iOS),1542,1,1487.45,14.58,0
TXN-100483,CUST-1234,2025-03-02 21:30:48,679.41,POS / In-Store,Utilities & Bills,Kochi,Trusted Mobile App (Android),1006,2,501.04,4.42,0
TXN-100080,CUST-1022,2025-03-03 06:46:59,491.62,UPI Transfer,Grocery & Supermarkets,Mumbai,Desktop Web Browser,496,3,363.28,17.81,0
TXN-100780,CUST-1143,2025-03-03 08:33:14,211.81,Online,Dining & Food,Pune,Trusted Mobile App (Android),120,3,223.65,7.76,0
TXN-101294,CUST-1211,2025-03-03 11:48:12,880.48,POS / In-Store,Grocery & Supermarkets,Kolkata,Trusted Mobile App (iOS),390,3,299.65,53.57,0
TXN-100904,CUST-1025,2025-03-03 16:00:01,945.49,UPI Transfer,Healthcare & Medical,Chennai,Trusted Mobile App (Android),1331,3,2765.88,72.73,0
TXN-100139,CUST-1295,2025-03-03 17:15:56,393.8,Online,Healthcare & Medical,Mumbai,Trusted Mobile App (iOS),632,2,269.23,3.01,0
TXN-100607,CUST-1012,2025-03-03 19:20:49,1177.41,POS / In-Store,Dining & Food,Pune,Trusted Mobile App (Android),599,2,760.53,14.65,0
TXN-101129,CUST-1083,2025-03-03 19:43:04,498.99,UPI Transfer,Grocery & Supermarkets,Jaipur,Mobile Web Browser,600,2,293.21,9.01,0
TXN-100562,CUST-1022,2025-03-03 21:16:00,288.18,POS / In-Store,Utilities & Bills,Mumbai,Desktop Web Browser,496,2,320.13,4.09,0
TXN-100622,CUST-1058,2025-03-03 22:43:00,864.47,Online,Utilities & Bills,Bengaluru,Desktop Web Browser,247,2,1068.43,5.36,0
TXN-101241,CUST-1087,2025-03-04 13:37:10,488.9,UPI Transfer,Dining & Food,Ahmedabad,Trusted Mobile App (Android),419,2,251.04,9.36,0
TXN-100348,CUST-1333,2025-03-04 15:53:51,1204.58,UPI Transfer,Healthcare & Medical,Hyderabad,Desktop Web Browser,462,2,614.97,10.63,0
TXN-100015,CUST-1024,2025-03-04 16:22:43,636.12,POS / In-Store,Dining & Food,Hyderabad,Trusted Mobile App (iOS),808,1,882.52,3.05,0
TXN-100323,CUST-1079,2025-03-04 16:31:53,377.56,POS / In-Store,Utilities & Bills,Hyderabad,Desktop Web Browser,481,3,492.82,10.13,0
TXN-101004,CUST-1358,2025-03-04 18:37:23,557.93,POS / In-Store,Dining & Food,Chennai,Desktop Web Browser,112,1,1391.25,7.57,0
TXN-100918,CUST-1110,2025-03-04 19:03:40,148.5,Online,Dining & Food,Kolkata,Trusted Mobile App (Android),672,1,290.58,63.43,0
TXN-100774,CUST-1183,2025-03-04 19:41:11,775.99,Online,Utilities & Bills,Delhi,Desktop Web Browser,706,3,3473.19,7.31,0
TXN-101143,CUST-1175,2025-03-04 21:09:36,357.08,POS / In-Store,Dining & Food,Kolkata,Desktop Web Browser,1640,3,613.81,13.49,0
TXN-100486,CUST-1055,2025-03-05 09:50:46,904.36,Online,Dining & Food,Delhi,Trusted Mobile App (Android),920,3,792.97,8.57,0
TXN-101346,CUST-1101,2025-03-05 12:12:04,1600.17,UPI Transfer,Healthcare & Medical,Ahmedabad,Trusted Mobile App (Android),467,1,1344.59,11.88,0
TXN-100540,CUST-1297,2025-03-05 17:14:27,528.88,POS / In-Store,Healthcare & Medical,Hyderabad,Trusted Mobile App (Android),1389,1,403.38,6.21,0
TXN-101327,CUST-1108,2025-03-05 17:40:18,2961.11,POS / In-Store,Utilities & Bills,Chennai,Trusted Mobile App (iOS),149,3,3074.23,17.52,0
TXN-100170,CUST-1125,2025-03-05 19:23:23,1625.07,POS / In-Store,Dining & Food,Chennai,Trusted Mobile App (Android),677,3,1346.3,10.37,0
TXN-100767,CUST-1070,2025-03-05 21:31:41,1452.69,POS / In-Store,Healthcare & Medical,Ahmedabad,Desktop Web Browser,368,1,3178.32,1.94,0
TXN-101442,CUST-1085,2025-03-06 01:02:19,254826.74,Online,Crypto & Digital Assets,Delhi,Mobile Web Browser,1149,7,1782.29,841.37,1
TXN-101426,CUST-1246,2025-03-06 02:19:48,60922.58,Online,Electronics & Gadgets,Kochi,Unknown Device,968,9,2694.21,241.14,1
TXN-100119,CUST-1212,2025-03-06 10:43:47,332.27,Online,Healthcare & Medical,Jaipur,Trusted Mobile App (Android),132,3,670.07,0.59,0
TXN-100974,CUST-1096,2025-03-06 11:57:21,1044.34,UPI Transfer,Grocery & Supermarkets,Bengaluru,Trusted Mobile App (Android),977,1,514.5,0.72,0
TXN-100882,CUST-1158,2025-03-06 14:03:47,391.98,Online,Grocery & Supermarkets,Hyderabad,Trusted Mobile App (iOS),1668,1,1188.71,5.18,0
TXN-100748,CUST-1103,2025-03-06 17:16:27,663.57,UPI Transfer,Dining & Food,Pune,Trusted Mobile App (iOS),829,3,350.32,14.77,0
TXN-101180,CUST-1157,2025-03-06 17:28:28,1048.52,Online,Healthcare & Medical,Kochi,Desktop Web Browser,346,1,1373.9,10.36,0
TXN-100011,CUST-1303,2025-03-06 21:06:26,222.04,UPI Transfer,Dining & Food,Chennai,Trusted Mobile App (iOS),277,1,561.8,8.5,0
TXN-101090,CUST-1235,2025-03-06 21:38:07,1059.64,Online,Utilities & Bills,Mumbai,Trusted Mobile App (Android),641,3,1909.09,6.63,0
TXN-100143,CUST-1105,2025-03-06 21:54:13,1197.69,Online,Utilities & Bills,Pune,Desktop Web Browser,1526,2,757.86,9.87,0
TXN-100469,CUST-1100,2025-03-06 22:58:38,3873.18,Online,Healthcare & Medical,Hyderabad,Trusted Mobile App (iOS),862,3,1195.99,1.12,0
TXN-101393,CUST-1157,2025-03-07 04:17:21,90083.94,ATM Withdrawal,Crypto & Digital Assets,Chennai,Mobile Web Browser,248,7,1048.52,556.37,1
TXN-101060,CUST-1260,2025-03-07 09:45:04,139.71,Online,Utilities & Bills,Chennai,Trusted Mobile App (Android),373,1,182.12,16.11,0
TXN-100072,CUST-1333,2025-03-07 11:02:58,614.97,Online,Healthcare & Medical,Hyderabad,Desktop Web Browser,462,2,799.89,15.02,0
TXN-100908,CUST-1068,2025-03-07 20:02:03,1178.96,Online,Grocery & Supermarkets,Delhi,Desktop Web Browser,1598,1,1429.4,14.05,0
TXN-101322,CUST-1139,2025-03-07 22:25:10,1523.78,UPI Transfer,Dining & Food,Chennai,Desktop Web Browser,461,1,433.32,15.02,0
TXN-100565,CUST-1227,2025-03-07 22:57:01,1008.26,Online,Healthcare & Medical,Bengaluru,Trusted Mobile App (iOS),503,3,798.16,12.37,0
TXN-100395,CUST-1070,2025-03-08 07:44:11,3339.82,UPI Transfer,Dining & Food,Ahmedabad,Desktop Web Browser,368,1,3070.95,36.48,0
TXN-100432,CUST-1165,2025-03-08 07:49:08,594.41,UPI Transfer,Dining & Food,Ahmedabad,Trusted Mobile App (Android),655,2,454.25,17.78,0
TXN-101020,CUST-1100,2025-03-08 08:15:52,961.15,POS / In-Store,Grocery & Supermarkets,Hyderabad,Trusted Mobile App (iOS),862,1,760.76,10.8,0
TXN-100781,CUST-1170,2025-03-08 08:58:48,247.77,POS / In-Store,Dining & Food,Jaipur,Trusted Mobile App (Android),1421,3,462.23,17.8,0
TXN-101166,CUST-1034,2025-03-08 13:14:45,766.5,Online,Dining & Food,Kolkata,Trusted Mobile App (iOS),499,2,917.44,11.15,0
TXN-100046,CUST-1233,2025-03-08 16:46:25,1617.94,Online,Dining & Food,Kochi,Desktop Web Browser,70,1,1440.83,16.97,0
TXN-100559,CUST-1297,2025-03-08 17:31:43,368.46,UPI Transfer,Healthcare & Medical,Hyderabad,Trusted Mobile App (Android),1389,2,528.88,12.7,0
TXN-100160,CUST-1039,2025-03-08 19:49:38,937.89,UPI Transfer,Healthcare & Medical,Pune,Desktop Web Browser,969,1,597.05,11.6,0
TXN-101286,CUST-1129,2025-03-09 00:29:53,1069.45,UPI Transfer,Utilities & Bills,Jaipur,Trusted Mobile App (Android),301,1,1213.65,8.88,0
TXN-101410,CUST-1046,2025-03-09 02:17:10,147780.15,Wire Transfer,Crypto & Digital Assets,Pune,New Emulated Device,1765,7,2465.64,785.47,1
TXN-100095,CUST-1116,2025-03-09 04:35:03,790.97,Online,Utilities & Bills,Delhi,Desktop Web Browser,1795,1,759.71,5.47,0
TXN-100117,CUST-1041,2025-03-09 06:10:15,850.35,POS / In-Store,Utilities & Bills,Hyderabad,Desktop Web Browser,1179,3,1210.95,13.58,0
TXN-100269,CUST-1283,2025-03-09 15:47:57,454.17,Online,Dining & Food,Ahmedabad,Trusted Mobile App (iOS),1566,3,341.5,2.08,0
TXN-100946,CUST-1048,2025-03-09 16:29:35,637.41,UPI Transfer,Dining & Food,Bengaluru,Desktop Web Browser,894,2,662.24,9.18,0
TXN-100048,CUST-1059,2025-03-09 16:43:19,876.68,Online,Dining & Food,Chennai,Desktop Web Browser,1069,2,930.85,9.02,0
TXN-101360,CUST-1328,2025-03-09 19:23:52,573.24,POS / In-Store,Healthcare & Medical,Jaipur,Trusted Mobile App (Android),952,3,1380.15,6.58,0
TXN-100426,CUST-1172,2025-03-09 20:26:20,443.19,POS / In-Store,Grocery & Supermarkets,Delhi,Trusted Mobile App (Android),395,3,1083.3,67.84,0
TXN-100177,CUST-1073,2025-03-09 21:50:45,1790.55,UPI Transfer,Healthcare & Medical,Hyderabad,Desktop Web Browser,668,2,1749.09,8.95,0
TXN-101235,CUST-1021,2025-03-09 21:54:21,922.21,UPI Transfer,Healthcare & Medical,Hyderabad,Desktop Web Browser,172,3,2329.49,15.61,0
TXN-100985,CUST-1071,2025-03-10 11:05:06,578.18,UPI Transfer,Grocery & Supermarkets,Chennai,Desktop Web Browser,1272,2,1900.75,3.0,0
TXN-101181,CUST-1210,2025-03-10 11:29:04,304.29,Online,Utilities & Bills,Mumbai,Trusted Mobile App (iOS),1624,2,491.12,0.84,0
TXN-100586,CUST-1344,2025-03-10 11:54:56,737.07,UPI Transfer,Dining & Food,Hyderabad,Trusted Mobile App (Android),265,3,727.42,5.35,0
TXN-100561,CUST-1076,2025-03-10 12:39:45,308.04,Online,Dining & Food,Jaipur,Trusted Mobile App (Android),537,1,346.96,35.69,0
TXN-100385,CUST-1063,2025-03-10 13:36:00,1728.68,UPI Transfer,Utilities & Bills,Kolkata,Trusted Mobile App (Android),69,2,722.06,11.86,0
TXN-100708,CUST-1195,2025-03-10 13:37:34,425.61,POS / In-Store,Grocery & Supermarkets,Kochi,Desktop Web Browser,1370,2,789.16,5.42,0
TXN-100479,CUST-1278,2025-03-10 15:09:03,201.5,UPI Transfer,Utilities & Bills,Chennai,Desktop Web Browser,583,3,397.46,51.57,0
TXN-100308,CUST-1175,2025-03-10 16:35:03,341.14,Online,Healthcare & Medical,Kolkata,Desktop Web Browser,1640,1,557.35,12.79,0
TXN-101257,CUST-1160,2025-03-10 20:56:04,347.28,Online,Dining & Food,Bengaluru,Desktop Web Browser,710,2,239.41,2.09,0
TXN-101148,CUST-1210,2025-03-10 20:57:13,491.12,Online,Utilities & Bills,Mumbai,Trusted Mobile App (iOS),1624,3,838.7,6.09,0
TXN-101108,CUST-1288,2025-03-10 21:36:34,2349.02,Online,Grocery & Supermarkets,Chennai,Trusted Mobile App (iOS),602,1,920.83,2.01,0
TXN-100822,CUST-1050,2025-03-11 01:08:27,973.19,POS / In-Store,Healthcare & Medical,Pune,Desktop Web Browser,988,1,1128.82,1.42,0
TXN-101445,CUST-1243,2025-03-11 03:18:18,235413.64,Wire Transfer,Electronics & Gadgets,Pune,Unknown Device,810,10,1078.3,425.12,1
TXN-101369,CUST-1217,2025-03-11 07:44:14,896.71,UPI Transfer,Healthcare & Medical,Ahmedabad,Desktop Web Browser,1699,3,1848.44,6.51,0
TXN-100548,CUST-1068,2025-03-11 09:01:29,1429.4,POS / In-Store,Grocery & Supermarkets,Delhi,Desktop Web Browser,1598,2,740.14,5.83,0
TXN-100735,CUST-1038,2025-03-11 10:09:21,651.39,UPI Transfer,Grocery & Supermarkets,Hyderabad,Desktop Web Browser,1052,1,549.48,3.9,0
TXN-101201,CUST-1260,2025-03-11 10:29:43,161.08,Online,Utilities & Bills,Chennai,Trusted Mobile App (Android),373,2,128.91,7.15,0
TXN-101013,CUST-1361,2025-03-11 12:18:32,1816.56,POS / In-Store,Utilities & Bills,Kochi,Trusted Mobile App (Android),1330,2,1948.7,10.57,0
TXN-100596,CUST-1205,2025-03-11 19:31:01,347.45,Online,Utilities & Bills,Ahmedabad,Desktop Web Browser,1770,2,306.39,3.08,0
TXN-100418,CUST-1296,2025-03-11 20:56:48,1255.84,POS / In-Store,Utilities & Bills,Hyderabad,Trusted Mobile App (Android),1446,3,909.63,14.37,0
TXN-101134,CUST-1151,2025-03-11 21:20:22,458.13,POS / In-Store,Grocery & Supermarkets,Kolkata,Desktop Web Browser,1161,3,447.83,1.12,0
TXN-100147,CUST-1134,2025-03-11 22:29:55,724.78,UPI Transfer,Dining & Food,Jaipur,Trusted Mobile App (iOS),1397,2,690.92,17.67,0
TXN-101387,CUST-1212,2025-03-12 02:52:56,242346.17,Online,Luxury Goods & Jewelry,Chennai,New Emulated Device,129,11,510.31,416.67,1
TXN-101436,CUST-1358,2025-03-12 04:47:10,172419.18,Wire Transfer,Crypto & Digital Assets,Ahmedabad,New Emulated Device,92,8,1866.47,426.08,1
TXN-100252,CUST-1028,2025-03-12 09:18:04,813.18,Online,Grocery & Supermarkets,Chennai,Desktop Web Browser,1429,1,665.13,11.44,0
TXN-100217,CUST-1242,2025-03-12 11:11:12,728.05,Online,Utilities & Bills,Mumbai,Mobile Web Browser,1304,1,846.4,50.41,0
TXN-100902,CUST-1040,2025-03-12 17:01:43,404.89,Online,Grocery & Supermarkets,Bengaluru,Trusted Mobile App (Android),315,2,1131.25,3.35,0
TXN-100538,CUST-1331,2025-03-12 20:16:45,173.45,Online,Grocery & Supermarkets,Kochi,Desktop Web Browser,153,3,192.68,14.59,0
TXN-100775,CUST-1320,2025-03-13 13:26:16,1001.9,POS / In-Store,Dining & Food,Ahmedabad,Trusted Mobile App (iOS),1713,2,872.15,10.98,0
TXN-100347,CUST-1136,2025-03-13 13:33:33,178.48,UPI Transfer,Grocery & Supermarkets,Delhi,Trusted Mobile App (iOS),571,1,257.27,6.82,0
TXN-101159,CUST-1087,2025-03-13 17:09:54,251.04,Online,Utilities & Bills,Ahmedabad,Trusted Mobile App (Android),419,3,401.99,14.42,0
TXN-100746,CUST-1210,2025-03-13 17:17:47,381.16,POS / In-Store,Grocery & Supermarkets,Mumbai,Trusted Mobile App (iOS),1624,2,697.2,3.64,0
TXN-100030,CUST-1352,2025-03-13 18:03:17,1955.09,UPI Transfer,Grocery & Supermarkets,Chennai,Desktop Web Browser,1135,3,1949.35,3.82,0
TXN-100358,CUST-1216,2025-03-13 20:14:02,1214.08,POS / In-Store,Grocery & Supermarkets,Ahmedabad,Desktop Web Browser,679,2,984.16,63.43,0
TXN-101388,CUST-1099,2025-03-14 04:28:07,202839.16,Wire Transfer,Electronics & Gadgets,Hyderabad,Unknown Device,139,11,414.55,666.48,1
TXN-100194,CUST-1213,2025-03-14 09:25:47,435.61,UPI Transfer,Healthcare & Medical,Jaipur,Desktop Web Browser,1767,2,944.09,5.37,0
TXN-101079,CUST-1202,2025-03-14 10:28:00,879.93,Online,Healthcare & Medical,Hyderabad,Desktop Web Browser,665,2,490.52,17.57,0
TXN-100797,CUST-1091,2025-03-14 11:12:07,480.5,POS / In-Store,Dining & Food,Mumbai,Desktop Web Browser,1368,1,487.23,9.3,0
TXN-100563,CUST-1076,2025-03-14 12:34:34,325.63,UPI Transfer,Dining & Food,Ahmedabad,Trusted Mobile App (iOS),537,2,308.04,16.61,0
TXN-100472,CUST-1174,2025-03-14 12:36:55,374.91,UPI Transfer,Utilities & Bills,Delhi,Desktop Web Browser,919,3,517.98,3.78,0
TXN-100542,CUST-1199,2025-03-14 13:40:59,698.84,Online,Grocery & Supermarkets,Bengaluru,Desktop Web Browser,203,2,807.31,5.22,0
TXN-100474,CUST-1058,2025-03-14 13:58:17,731.24,POS / In-Store,Dining & Food,Bengaluru,Desktop Web Browser,247,1,515.2,9.35,0
TXN-100771,CUST-1128,2025-03-14 17:58:15,876.01,Online,Utilities & Bills,Delhi,Desktop Web Browser,466,1,1118.4,0.78,0
TXN-100396,CUST-1281,2025-03-14 20:25:24,597.65,UPI Transfer,Dining & Food,Kochi,Trusted Mobile App (Android),690,2,982.36,13.01,0
TXN-100152,CUST-1234,2025-03-14 22:42:28,501.04,Online,Grocery & Supermarkets,Kochi,Trusted Mobile App (Android),1006,3,600.75,0.62,0
TXN-100813,CUST-1161,2025-03-15 07:19:15,2364.49,UPI Transfer,Utilities & Bills,Pune,Desktop Web Browser,1799,2,2616.16,9.87,0
TXN-100371,CUST-1227,2025-03-15 14:48:17,798.16,POS / In-Store,Grocery & Supermarkets,Bengaluru,Trusted Mobile App (iOS),503,2,953.65,14.07,0
TXN-100168,CUST-1318,2025-03-15 17:28:55,1460.96,POS / In-Store,Dining & Food,Ahmedabad,Trusted Mobile App (Android),727,2,1621.75,14.77,0
TXN-100639,CUST-1318,2025-03-15 19:42:53,2215.63,POS / In-Store,Dining & Food,Ahmedabad,Trusted Mobile App (Android),727,2,2525.89,17.44,0
TXN-101096,CUST-1202,2025-03-15 22:22:23,649.37,POS / In-Store,Dining & Food,Hyderabad,Desktop Web Browser,665,1,879.93,9.63,0
TXN-101165,CUST-1192,2025-03-15 22:41:30,1300.12,UPI Transfer,Grocery & Supermarkets,Chennai,Trusted Mobile App (Android),1152,3,1746.29,9.69,0
TXN-101391,CUST-1241,2025-03-16 02:30:39,165188.39,Wire Transfer,Electronics & Gadgets,Kolkata,New Emulated Device,336,6,1015.78,186.42,1
TXN-100875,CUST-1353,2025-03-16 04:09:37,326.86,Online,Healthcare & Medical,Ahmedabad,Trusted Mobile App (Android),194,1,219.67,11.46,0
TXN-100427,CUST-1324,2025-03-16 08:20:06,795.87,Online,Dining & Food,Kochi,Trusted Mobile App (Android),204,1,724.41,3.12,0
TXN-100701,CUST-1163,2025-03-16 10:06:00,1375.76,Online,Dining & Food,Delhi,Trusted Mobile App (Android),109,2,1685.31,5.49,0
TXN-101352,CUST-1228,2025-03-16 12:06:01,2468.71,UPI Transfer,Utilities & Bills,Pune,Desktop Web Browser,342,1,1582.79,4.27,0
TXN-101053,CUST-1166,2025-03-16 12:09:07,414.54,POS / In-Store,Dining & Food,Hyderabad,Trusted Mobile App (iOS),78,2,765.46,17.04,0
TXN-101293,CUST-1106,2025-03-16 12:17:13,2425.12,POS / In-Store,Dining & Food,Kochi,Desktop Web Browser,1501,1,977.55,62.31,0
TXN-101113,CUST-1300,2025-03-16 13:44:08,494.39,UPI Transfer,Dining & Food,Pune,Desktop Web Browser,1157,2,715.92,11.81,0
TXN-100019,CUST-1122,2025-03-16 16:44:11,812.15,UPI Transfer,Grocery & Supermarkets,Kolkata,Trusted Mobile App (Android),448,3,862.04,17.61,0
TXN-100550,CUST-1037,2025-03-16 17:40:02,372.31,UPI Transfer,Dining & Food,Kochi,Desktop Web Browser,674,3,457.75,1.07,0
TXN-100624,CUST-1283,2025-03-16 18:57:10,394.77,UPI Transfer,Healthcare & Medical,Ahmedabad,Trusted Mobile App (iOS),1566,1,454.17,2.64,0
TXN-101027,CUST-1313,2025-03-16 19:24:21,581.12,POS / In-Store,Healthcare & Medical,Bengaluru,Trusted Mobile App (Android),123,3,958.84,4.43,0
TXN-100966,CUST-1187,2025-03-16 20:54:47,1776.2,Online,Grocery & Supermarkets,Pune,Trusted Mobile App (Android),854,2,1413.17,9.49,0
TXN-100262,CUST-1136,2025-03-16 22:02:43,257.27,POS / In-Store,Healthcare & Medical,Delhi,Trusted Mobile App (iOS),571,1,217.64,7.55,0
TXN-100010,CUST-1196,2025-03-16 23:15:26,640.99,Online,Dining & Food,Kolkata,Trusted Mobile App (Android),934,3,455.83,11.91,0
TXN-100077,CUST-1326,2025-03-17 02:59:51,448.87,UPI Transfer,Dining & Food,Pune,Desktop Web Browser,1250,3,367.09,0.78,0
TXN-100088,CUST-1266,2025-03-17 03:29:30,505.74,Online,Utilities & Bills,Hyderabad,Trusted Mobile App (iOS),1242,3,578.42,14.06,0
TXN-100176,CUST-1192,2025-03-17 11:22:02,1244.45,Online,Grocery & Supermarkets,Ahmedabad,Trusted Mobile App (Android),1152,3,2135.03,25.75,0
TXN-101281,CUST-1029,2025-03-17 16:32:43,986.85,POS / In-Store,Healthcare & Medical,Delhi,Desktop Web Browser,1330,1,543.05,3.72,0
TXN-100742,CUST-1261,2025-03-17 18:31:03,843.53,POS / In-Store,Healthcare & Medical,Kochi,Desktop Web Browser,1561,3,302.81,3.63,0
TXN-100935,CUST-1326,2025-03-17 19:27:01,1165.03,UPI Transfer,Dining & Food,Pune,Desktop Web Browser,1250,1,372.69,16.32,0
TXN-100556,CUST-1042,2025-03-17 20:42:44,3267.95,UPI Transfer,Grocery & Supermarkets,Jaipur,Trusted Mobile App (Android),1559,3,827.61,17.24,0
TXN-100132,CUST-1012,2025-03-18 07:47:17,1009.96,POS / In-Store,Grocery & Supermarkets,Pune,Trusted Mobile App (Android),599,3,939.86,1.78,0
TXN-100709,CUST-1046,2025-03-18 11:46:15,2465.64,POS / In-Store,Utilities & Bills,Delhi,Trusted Mobile App (iOS),1793,3,961.63,5.39,0
TXN-101315,CUST-1084,2025-03-18 16:38:09,998.08,UPI Transfer,Utilities & Bills,Ahmedabad,Trusted Mobile App (iOS),1134,3,1026.42,11.71,0
TXN-100242,CUST-1340,2025-03-18 17:19:32,3892.95,UPI Transfer,Healthcare & Medical,Chennai,Desktop Web Browser,1790,3,2211.18,17.58,0
TXN-101381,CUST-1341,2025-03-19 02:58:09,129046.01,Online,Electronics & Gadgets,Bengaluru,Unknown Device,1352,7,556.82,208.34,1
TXN-101356,CUST-1034,2025-03-19 07:02:56,789.56,Online,Grocery & Supermarkets,Kolkata,Trusted Mobile App (iOS),499,3,1554.39,15.03,0
TXN-101069,CUST-1218,2025-03-19 08:17:52,841.7,Online,Utilities & Bills,Jaipur,Trusted Mobile App (Android),1731,2,1063.31,4.33,0
TXN-100002,CUST-1340,2025-03-19 08:29:33,2211.18,UPI Transfer,Grocery & Supermarkets,Chennai,Desktop Web Browser,1790,3,2292.44,4.92,0
TXN-100900,CUST-1109,2025-03-19 14:25:37,668.66,Online,Healthcare & Medical,Kochi,Desktop Web Browser,1140,2,797.24,13.55,0
TXN-100260,CUST-1285,2025-03-19 15:33:30,237.2,POS / In-Store,Healthcare & Medical,Pune,Trusted Mobile App (Android),88,1,107.87,15.79,0
TXN-101075,CUST-1336,2025-03-19 15:55:05,196.29,POS / In-Store,Healthcare & Medical,Jaipur,Trusted Mobile App (iOS),350,1,133.91,1.79,0
TXN-100100,CUST-1177,2025-03-19 18:32:14,1046.99,UPI Transfer,Healthcare & Medical,Jaipur,Trusted Mobile App (iOS),818,1,805.26,6.08,0
TXN-100568,CUST-1185,2025-03-19 20:23:16,1087.75,UPI Transfer,Healthcare & Medical,Delhi,Desktop Web Browser,645,3,1553.78,0.71,0
TXN-101340,CUST-1253,2025-03-19 20:41:39,377.42,Online,Dining & Food,Jaipur,Trusted Mobile App (iOS),746,2,360.21,12.66,0
TXN-100750,CUST-1207,2025-03-20 07:30:17,902.13,Online,Dining & Food,Kochi,Mobile Web Browser,1501,3,513.13,17.81,0
TXN-101215,CUST-1296,2025-03-20 13:29:52,793.93,UPI Transfer,Utilities & Bills,Hyderabad,Trusted Mobile App (Android),1446,2,2252.13,10.05,0
TXN-100138,CUST-1023,2025-03-20 13:48:32,409.86,UPI Transfer,Dining & Food,Chennai,Trusted Mobile App (iOS),1781,3,335.6,1.49,0
TXN-100127,CUST-1082,2025-03-20 16:44:42,1306.78,POS / In-Store,Dining & Food,Mumbai,Trusted Mobile App (Android),175,1,2097.31,16.53,0
TXN-100052,CUST-1059,2025-03-20 17:10:14,805.4,UPI Transfer,Grocery & Supermarkets,Chennai,Desktop Web Browser,1069,2,876.68,11.32,0
TXN-101256,CUST-1049,2025-03-20 19:51:14,1487.19,UPI Transfer,Dining & Food,Kochi,Trusted Mobile App (iOS),818,1,337.1,12.69,0
TXN-100370,CUST-1090,2025-03-21 09:32:05,979.23,UPI Transfer,Utilities & Bills,Pune,Trusted Mobile App (Android),1799,3,1215.56,17.07,0
TXN-101288,CUST-1236,2025-03-21 14:25:10,1089.69,UPI Transfer,Healthcare & Medical,Pune,Trusted Mobile App (Android),1132,2,1062.88,11.46,0
TXN-100446,CUST-1212,2025-03-21 15:09:19,940.31,POS / In-Store,Utilities & Bills,Jaipur,Trusted Mobile App (Android),132,3,601.67,2.37,0
TXN-100571,CUST-1004,2025-03-21 15:26:29,412.01,Online,Dining & Food,Jaipur,Trusted Mobile App (iOS),1239,1,357.6,8.59,0
TXN-100630,CUST-1352,2025-03-21 17:28:43,1355.5,POS / In-Store,Utilities & Bills,Chennai,Desktop Web Browser,1135,2,1443.68,13.37,0
TXN-101361,CUST-1278,2025-03-21 20:05:21,233.53,UPI Transfer,Healthcare & Medical,Jaipur,Desktop Web Browser,583,2,322.07,15.98,0
TXN-101451,CUST-1085,2025-03-22 01:31:23,269258.05,Online,Electronics & Gadgets,Pune,Unknown Device,1164,12,1782.29,228.16,1
TXN-101106,CUST-1207,2025-03-22 08:04:55,732.16,UPI Transfer,Grocery & Supermarkets,Kochi,Trusted Mobile App (iOS),1501,1,395.77,13.82,0
TXN-100464,CUST-1270,2025-03-22 13:39:05,2143.05,UPI Transfer,Utilities & Bills,Mumbai,Trusted Mobile App (iOS),1121,2,1607.54,10.5,0
TXN-101073,CUST-1170,2025-03-22 14:00:41,229.11,POS / In-Store,Healthcare & Medical,Jaipur,Trusted Mobile App (iOS),1421,2,335.94,0.85,0
TXN-100148,CUST-1161,2025-03-22 14:47:15,2443.58,UPI Transfer,Dining & Food,Pune,Mobile Web Browser,1799,1,3370.29,5.06,0
TXN-100071,CUST-1014,2025-03-22 18:15:35,464.83,UPI Transfer,Grocery & Supermarkets,Kolkata,Trusted Mobile App (iOS),219,3,695.41,1.93,0
TXN-100467,CUST-1213,2025-03-22 18:35:17,1457.63,POS / In-Store,Utilities & Bills,Jaipur,Trusted Mobile App (iOS),1767,2,1352.05,4.22,0
TXN-100299,CUST-1054,2025-03-22 18:49:46,882.11,POS / In-Store,Healthcare & Medical,Chennai,Desktop Web Browser,726,2,1121.13,10.46,0
TXN-100039,CUST-1117,2025-03-22 21:25:39,302.83,POS / In-Store,Utilities & Bills,Hyderabad,Trusted Mobile App (Android),275,2,471.54,2.16,0
TXN-101089,CUST-1163,2025-03-22 22:04:44,2103.35,POS / In-Store,Grocery & Supermarkets,Mumbai,Trusted Mobile App (Android),109,3,1429.42,37.15,0
TXN-101452,CUST-1104,2025-03-23 01:49:58,214384.33,Wire Transfer,Electronics & Gadgets,Mumbai,Mobile Web Browser,571,10,509.26,581.02,1
TXN-100546,CUST-1003,2025-03-23 02:57:28,322.06,Online,Healthcare & Medical,Bengaluru,Desktop Web Browser,239,3,487.39,8.74,0
TXN-101230,CUST-1222,2025-03-23 10:55:37,446.89,UPI Transfer,Utilities & Bills,Jaipur,Trusted Mobile App (Android),1313,2,989.76,15.24,0
TXN-100921,CUST-1179,2025-03-23 12:44:09,651.4,Online,Dining & Food,Mumbai,Desktop Web Browser,923,1,477.17,16.47,0
TXN-100208,CUST-1292,2025-03-23 12:48:58,517.07,POS / In-Store,Grocery & Supermarkets,Pune,Trusted Mobile App (Android),1167,1,414.07,17.78,0
TXN-100397,CUST-1041,2025-03-23 15:18:41,1517.58,Online,Grocery & Supermarkets,Hyderabad,Desktop Web Browser,1179,1,850.35,9.81,0
TXN-101086,CUST-1281,2025-03-23 16:07:28,577.85,POS / In-Store,Utilities & Bills,Kochi,Desktop Web Browser,690,3,658.58,5.65,0
TXN-101353,CUST-1144,2025-03-23 16:49:50,1050.47,UPI Transfer,Dining & Food,Mumbai,Trusted Mobile App (Android),1609,1,937.31,2.6,0
TXN-100942,CUST-1352,2025-03-23 17:40:32,2157.58,Online,Dining & Food,Chennai,Desktop Web Browser,1135,3,1392.24,14.65,0
TXN-100387,CUST-1173,2025-03-23 19:54:26,1002.1,UPI Transfer,Utilities & Bills,Kochi,Trusted Mobile App (Android),108,3,1177.39,1.88,0
TXN-101217,CUST-1188,2025-03-24 11:06:06,618.75,POS / In-Store,Utilities & Bills,Chennai,Desktop Web Browser,290,1,759.16,8.51,0
TXN-100919,CUST-1351,2025-03-24 12:05:06,928.49,POS / In-Store,Healthcare & Medical,Chennai,Desktop Web Browser,854,2,990.21,5.29,0
TXN-100189,CUST-1112,2025-03-24 14:19:52,1409.75,Online,Healthcare & Medical,Ahmedabad,Desktop Web Browser,1776,1,1026.29,1.06,0
TXN-101221,CUST-1313,2025-03-24 15:03:23,718.05,UPI Transfer,Healthcare & Medical,Pune,Mobile Web Browser,123,2,581.12,36.31,0
TXN-101267,CUST-1321,2025-03-24 19:05:29,840.32,UPI Transfer,Healthcare & Medical,Delhi,Trusted Mobile App (Android),1037,2,754.36,9.1,0
TXN-100890,CUST-1254,2025-03-24 20:38:02,731.23,POS / In-Store,Dining & Food,Hyderabad,Desktop Web Browser,170,2,1145.68,6.34,0
TXN-100497,CUST-1261,2025-03-24 21:24:51,1336.37,POS / In-Store,Healthcare & Medical,Kochi,Desktop Web Browser,1561,3,291.71,3.75,0
TXN-100889,CUST-1296,2025-03-25 00:04:33,619.38,UPI Transfer,Utilities & Bills,Hyderabad,Trusted Mobile App (Android),1446,2,1279.55,2.08,0
TXN-101398,CUST-1137,2025-03-25 04:38:37,56983.36,Wire Transfer,Crypto & Digital Assets,Bengaluru,New Emulated Device,1527,7,568.15,467.75,1
TXN-100633,CUST-1317,2025-03-25 11:05:04,930.1,POS / In-Store,Healthcare & Medical,Bengaluru,Trusted Mobile App (Android),991,2,949.63,72.1,0
TXN-100672,CUST-1173,2025-03-25 14:07:12,609.96,Online,Utilities & Bills,Kochi,Desktop Web Browser,108,1,730.26,9.01,0
TXN-100322,CUST-1021,2025-03-25 15:08:28,1615.07,UPI Transfer,Dining & Food,Hyderabad,Desktop Web Browser,172,1,1216.88,15.31,0
TXN-100420,CUST-1325,2025-03-25 17:38:09,1083.14,POS / In-Store,Utilities & Bills,Hyderabad,Trusted Mobile App (iOS),1172,2,951.56,10.05,0
TXN-100722,CUST-1246,2025-03-25 17:53:40,1681.45,UPI Transfer,Grocery & Supermarkets,Pune,Trusted Mobile App (iOS),975,2,2471.46,2.39,0
TXN-100949,CUST-1197,2025-03-25 18:23:36,906.65,Online,Utilities & Bills,Ahmedabad,Desktop Web Browser,467,3,2418.79,14.84,0
TXN-100948,CUST-1250,2025-03-26 04:07:27,1588.2,POS / In-Store,Grocery & Supermarkets,Pune,Trusted Mobile App (Android),1570,3,1114.89,13.57,0
TXN-100014,CUST-1047,2025-03-26 06:27:13,1381.21,Online,Utilities & Bills,Delhi,Trusted Mobile App (iOS),1315,1,831.03,12.82,0
TXN-101232,CUST-1303,2025-03-26 10:49:03,693.93,POS / In-Store,Healthcare & Medical,Chennai,Trusted Mobile App (iOS),277,3,624.66,9.04,0
TXN-100259,CUST-1350,2025-03-26 11:53:46,321.12,Online,Grocery & Supermarkets,Delhi,Trusted Mobile App (Android),1440,2,448.2,6.1,0
TXN-101190,CUST-1290,2025-03-26 21:31:54,1125.65,POS / In-Store,Utilities & Bills,Kolkata,Trusted Mobile App (iOS),1088,3,2222.13,63.46,0
TXN-100644,CUST-1240,2025-03-26 22:02:38,492.23,UPI Transfer,Healthcare & Medical,Pune,Trusted Mobile App (Android),1399,1,368.12,17.8,0
TXN-100112,CUST-1010,2025-03-27 11:26:19,117.81,UPI Transfer,Grocery & Supermarkets,Ahmedabad,Desktop Web Browser,599,3,123.0,7.68,0
TXN-101245,CUST-1116,2025-03-27 13:09:26,639.62,POS / In-Store,Healthcare & Medical,Delhi,Desktop Web Browser,1795,2,516.55,4.76,0
TXN-101199,CUST-1229,2025-03-27 13:49:35,188.23,Online,Grocery & Supermarkets,Hyderabad,Trusted Mobile App (iOS),879,1,351.68,14.75,0
TXN-101244,CUST-1116,2025-03-27 14:35:02,516.55,Online,Dining & Food,Delhi,Desktop Web Browser,1795,1,1029.17,17.87,0
TXN-101052,CUST-1165,2025-03-27 15:49:49,414.96,POS / In-Store,Healthcare & Medical,Ahmedabad,Trusted Mobile App (Android),655,2,594.41,5.7,0
TXN-100450,CUST-1091,2025-03-27 22:44:02,1210.81,UPI Transfer,Grocery & Supermarkets,Mumbai,Desktop Web Browser,1368,3,543.6,8.51,0
TXN-100690,CUST-1217,2025-03-27 22:46:16,282.08,POS / In-Store,Healthcare & Medical,Bengaluru,Desktop Web Browser,1699,1,1188.84,27.94,0
TXN-101358,CUST-1354,2025-03-28 08:55:50,861.92,POS / In-Store,Healthcare & Medical,Kochi,Trusted Mobile App (iOS),914,1,981.0,15.5,0
TXN-100829,CUST-1285,2025-03-28 10:02:22,322.49,POS / In-Store,Utilities & Bills,Pune,Trusted Mobile App (Android),88,1,408.33,4.11,0
TXN-100745,CUST-1152,2025-03-28 14:37:41,813.84,UPI Transfer,Healthcare & Medical,Bengaluru,Trusted Mobile App (Android),291,2,2100.18,9.46,0
TXN-100341,CUST-1237,2025-03-28 16:31:06,2203.99,UPI Transfer,Dining & Food,Jaipur,Desktop Web Browser,481,3,1479.89,3.58,0
TXN-100566,CUST-1113,2025-03-28 17:03:00,1128.14,UPI Transfer,Dining & Food,Jaipur,Trusted Mobile App (iOS),146,1,404.46,3.92,0
TXN-101044,CUST-1124,2025-03-28 20:23:06,428.27,UPI Transfer,Healthcare & Medical,Pune,Trusted Mobile App (iOS),1405,3,299.66,10.31,0
TXN-100131,CUST-1262,2025-03-28 21:08:59,1064.64,UPI Transfer,Utilities & Bills,Delhi,Trusted Mobile App (iOS),667,3,966.21,8.49,0
TXN-100421,CUST-1232,2025-03-28 21:30:00,1706.85,Online,Dining & Food,Hyderabad,Trusted Mobile App (Android),827,2,1999.99,1.11,0
TXN-100305,CUST-1256,2025-03-28 22:47:18,1112.23,POS / In-Store,Grocery & Supermarkets,Hyderabad,Trusted Mobile App (iOS),1302,1,1759.71,2.3,0
TXN-101008,CUST-1358,2025-03-29 13:12:00,1866.47,Online,Dining & Food,Chennai,Desktop Web Browser,112,2,557.93,8.16,0
TXN-101045,CUST-1118,2025-03-29 14:36:33,328.53,UPI Transfer,Dining & Food,Kochi,Trusted Mobile App (Android),1215,3,290.89,17.77,0
TXN-100384,CUST-1050,2025-03-29 15:23:31,1128.82,UPI Transfer,Grocery & Supermarkets,Pune,Desktop Web Browser,988,2,1559.29,10.26,0
TXN-100977,CUST-1172,2025-03-29 18:34:42,1115.74,Online,Utilities & Bills,Delhi,Trusted Mobile App (Android),395,2,1137.25,9.01,0
TXN-100134,CUST-1196,2025-03-29 19:24:04,1004.39,Online,Utilities & Bills,Kolkata,Trusted Mobile App (Android),934,1,640.99,17.37,0
TXN-100354,CUST-1111,2025-03-29 22:55:21,364.0,Online,Dining & Food,Mumbai,Trusted Mobile App (iOS),1226,3,404.43,4.34,0
TXN-101373,CUST-1324,2025-03-30 04:47:28,261743.06,Online,Luxury Goods & Jewelry,Kolkata,New Emulated Device,134,9,686.39,296.21,1
TXN-100733,CUST-1054,2025-03-30 08:31:04,2159.51,Online,Healthcare & Medical,Chennai,Desktop Web Browser,726,3,882.11,0.56,0
TXN-100820,CUST-1156,2025-03-30 11:28:21,715.22,Online,Dining & Food,Kolkata,Desktop Web Browser,862,3,376.23,5.59,0
TXN-100220,CUST-1284,2025-03-30 13:18:29,1285.31,UPI Transfer,Utilities & Bills,Ahmedabad,Desktop Web Browser,1279,3,381.76,5.82,0
TXN-101355,CUST-1121,2025-03-30 15:17:36,500.64,POS / In-Store,Dining & Food,Kochi,Desktop Web Browser,1100,1,399.4,10.36,0
TXN-100910,CUST-1049,2025-03-30 16:10:29,602.18,Online,Dining & Food,Kochi,Trusted Mobile App (iOS),818,3,889.75,10.59,0
TXN-100738,CUST-1157,2025-03-30 18:42:47,400.47,POS / In-Store,Healthcare & Medical,Kochi,Desktop Web Browser,346,3,1005.98,9.72,0
TXN-101350,CUST-1168,2025-03-30 21:53:44,835.67,POS / In-Store,Utilities & Bills,Chennai,Trusted Mobile App (iOS),1613,3,449.97,3.39,0
TXN-100051,CUST-1010,2025-03-31 06:36:36,123.0,POS / In-Store,Healthcare & Medical,Ahmedabad,Desktop Web Browser,599,2,209.1,10.58,0
TXN-100379,CUST-1266,2025-03-31 07:00:03,894.18,UPI Transfer,Utilities & Bills,Hyderabad,Trusted Mobile App (iOS),1242,1,505.74,7.14,0
TXN-101167,CUST-1256,2025-03-31 07:53:39,1346.33,Online,Dining & Food,Hyderabad,Trusted Mobile App (iOS),1302,2,2151.81,14.83,0
TXN-100017,CUST-1131,2025-03-31 07:57:13,1168.04,Online,Grocery & Supermarkets,Kolkata,Trusted Mobile App (Android),353,2,1296.44,16.27,0
TXN-100761,CUST-1252,2025-03-31 08:47:31,1412.01,POS / In-Store,Utilities & Bills,Delhi,Desktop Web Browser,69,2,1220.02,11.81,0
TXN-100476,CUST-1019,2025-03-31 10:00:43,1206.87,Online,Utilities & Bills,Delhi,Desktop Web Browser,630,2,785.68,1.27,0
TXN-100003,CUST-1278,2025-03-31 13:33:56,397.46,Online,Dining & Food,Jaipur,Desktop Web Browser,583,2,290.81,13.74,0
TXN-101141,CUST-1137,2025-03-31 17:06:56,657.53,Online,Utilities & Bills,Delhi,Trusted Mobile App (iOS),1550,3,580.23,0.82,0
TXN-100470,CUST-1172,2025-03-31 20:59:00,764.57,POS / In-Store,Utilities & Bills,Delhi,Trusted Mobile App (Android),395,3,443.19,15.11,0
TXN-100992,CUST-1004,2025-03-31 21:53:26,785.71,POS / In-Store,Grocery & Supermarkets,Jaipur,Trusted Mobile App (iOS),1239,2,412.01,1.46,0
TXN-101425,CUST-1192,2025-04-01 04:56:25,57483.05,Wire Transfer,Electronics & Gadgets,Ahmedabad,New Emulated Device,1147,12,2520.26,177.03,1
TXN-100123,CUST-1259,2025-04-01 10:21:05,824.17,Online,Grocery & Supermarkets,Kochi,Trusted Mobile App (iOS),982,3,2144.65,8.53,0
TXN-101031,CUST-1196,2025-04-01 14:08:37,456.89,UPI Transfer,Grocery & Supermarkets,Kolkata,Trusted Mobile App (Android),934,1,474.74,5.41,0
TXN-100508,CUST-1086,2025-04-01 16:30:58,378.44,UPI Transfer,Healthcare & Medical,Kochi,Trusted Mobile App (Android),527,2,360.63,13.67,0
TXN-100732,CUST-1355,2025-04-01 17:54:10,421.33,UPI Transfer,Utilities & Bills,Kolkata,Desktop Web Browser,542,1,2305.26,17.35,0
TXN-100552,CUST-1188,2025-04-01 18:23:05,759.16,POS / In-Store,Dining & Food,Chennai,Desktop Web Browser,290,1,801.05,10.28,0
TXN-101380,CUST-1279,2025-04-02 01:17:22,69987.11,Online,Crypto & Digital Assets,Pune,New Emulated Device,1583,6,1587.8,526.82,1
TXN-101417,CUST-1070,2025-04-02 02:54:36,84245.3,Wire Transfer,Electronics & Gadgets,Bengaluru,Mobile Web Browser,309,9,3479.09,296.61,1
TXN-101185,CUST-1057,2025-04-02 09:20:16,399.41,POS / In-Store,Utilities & Bills,Pune,Desktop Web Browser,1590,3,837.66,65.34,0
TXN-101118,CUST-1205,2025-04-02 15:46:20,466.33,UPI Transfer,Grocery & Supermarkets,Ahmedabad,Desktop Web Browser,1770,1,231.17,6.41,0
TXN-100278,CUST-1050,2025-04-02 15:46:52,1559.29,POS / In-Store,Utilities & Bills,Pune,Desktop Web Browser,988,3,961.4,13.85,0
TXN-100448,CUST-1310,2025-04-02 18:11:46,1321.92,Online,Dining & Food,Hyderabad,Trusted Mobile App (Android),495,1,776.82,9.1,0
TXN-100743,CUST-1254,2025-04-02 19:40:22,736.29,Online,Healthcare & Medical,Kochi,Desktop Web Browser,170,1,1080.65,55.74,0
TXN-101139,CUST-1294,2025-04-02 20:17:34,1111.29,POS / In-Store,Grocery & Supermarkets,Ahmedabad,Trusted Mobile App (Android),1653,3,1279.32,14.12,0
TXN-101179,CUST-1265,2025-04-02 20:49:08,1444.31,UPI Transfer,Utilities & Bills,Pune,Trusted Mobile App (Android),1494,1,1152.19,4.5,0
TXN-101385,CUST-1097,2025-04-03 04:13:30,201048.54,ATM Withdrawal,Electronics & Gadgets,Delhi,Mobile Web Browser,919,6,1683.45,245.87,1
TXN-100906,CUST-1196,2025-04-03 08:18:44,213.52,POS / In-Store,Grocery & Supermarkets,Kolkata,Trusted Mobile App (Android),934,3,589.22,12.44,0
TXN-100663,CUST-1076,2025-04-03 10:10:57,382.17,UPI Transfer,Healthcare & Medical,Ahmedabad,Trusted Mobile App (iOS),537,1,366.85,13.43,0
TXN-100695,CUST-1194,2025-04-03 11:48:15,717.64,POS / In-Store,Healthcare & Medical,Hyderabad,Trusted Mobile App (Android),1639,1,1864.2,11.64,0
TXN-100485,CUST-1180,2025-04-03 12:18:49,583.23,Online,Healthcare & Medical,Mumbai,Desktop Web Browser,1681,3,567.69,11.08,0
TXN-100120,CUST-1244,2025-04-03 16:20:16,658.72,POS / In-Store,Dining & Food,Kochi,Desktop Web Browser,1387,3,286.51,1.54,0
TXN-100128,CUST-1069,2025-04-03 18:26:21,416.54,POS / In-Store,Dining & Food,Bengaluru,Trusted Mobile App (iOS),1381,1,818.77,16.47,0
TXN-100751,CUST-1108,2025-04-03 21:46:33,2650.07,Online,Healthcare & Medical,Chennai,Trusted Mobile App (iOS),149,3,1397.74,6.46,0
TXN-100547,CUST-1202,2025-04-04 10:28:25,687.84,POS / In-Store,Healthcare & Medical,Hyderabad,Desktop Web Browser,665,1,586.88,1.95,0
TXN-100499,CUST-1298,2025-04-04 12:06:21,684.93,UPI Transfer,Healthcare & Medical,Kochi,Trusted Mobile App (Android),999,3,318.1,13.28,0
TXN-100662,CUST-1108,2025-04-04 14:27:07,1397.74,Online,Utilities & Bills,Chennai,Trusted Mobile App (iOS),149,2,1228.22,15.52,0
TXN-100648,CUST-1338,2025-04-04 15:38:12,923.59,POS / In-Store,Healthcare & Medical,Kochi,Trusted Mobile App (Android),626,2,1206.16,6.26,0
TXN-100274,CUST-1056,2025-04-04 15:40:49,1452.41,POS / In-Store,Utilities & Bills,Bengaluru,Trusted Mobile App (Android),36,1,1305.51,5.35,0
TXN-100487,CUST-1082,2025-04-04 17:13:43,2035.55,UPI Transfer,Utilities & Bills,Mumbai,Trusted Mobile App (Android),175,3,1306.78,10.84,0
TXN-100173,CUST-1307,2025-04-04 20:34:44,807.54,POS / In-Store,Grocery & Supermarkets,Ahmedabad,Trusted Mobile App (Android),1513,1,656.99,17.45,0
TXN-100350,CUST-1177,2025-04-05 07:32:21,1465.84,POS / In-Store,Utilities & Bills,Jaipur,Trusted Mobile App (iOS),818,1,1046.99,8.2,0
TXN-101064,CUST-1179,2025-04-05 12:56:22,259.95,UPI Transfer,Healthcare & Medical,Mumbai,Desktop Web Browser,923,3,651.4,4.56,0
TXN-100338,CUST-1298,2025-04-05 14:28:18,314.36,UPI Transfer,Grocery & Supermarkets,Kochi,Trusted Mobile App (Android),999,1,366.55,12.25,0
TXN-100339,CUST-1163,2025-04-05 16:44:38,2032.48,UPI Transfer,Healthcare & Medical,Delhi,Trusted Mobile App (Android),109,1,1031.12,10.4,0
TXN-100917,CUST-1310,2025-04-05 22:07:56,699.0,UPI Transfer,Dining & Food,Hyderabad,Trusted Mobile App (Android),495,3,1175.65,1.17,0
TXN-100527,CUST-1073,2025-04-05 22:58:52,1405.44,Online,Grocery & Supermarkets,Hyderabad,Desktop Web Browser,668,1,1790.55,1.3,0
TXN-100294,CUST-1343,2025-04-06 09:49:30,1104.26,UPI Transfer,Dining & Food,Kochi,Desktop Web Browser,1676,2,1260.13,13.16,0
TXN-100517,CUST-1036,2025-04-06 11:35:22,1008.42,Online,Dining & Food,Chennai,Trusted Mobile App (iOS),462,3,1282.45,7.37,0
TXN-100409,CUST-1357,2025-04-06 12:34:39,1715.27,POS / In-Store,Dining & Food,Kochi,Desktop Web Browser,72,1,1287.97,13.32,0
TXN-100634,CUST-1345,2025-04-06 13:12:05,2281.4,Online,Healthcare & Medical,Chennai,Trusted Mobile App (iOS),1356,1,849.56,35.84,0
TXN-100400,CUST-1008,2025-04-06 20:19:50,1637.51,POS / In-Store,Grocery & Supermarkets,Jaipur,Trusted Mobile App (iOS),1496,2,1058.4,9.22,0
TXN-101367,CUST-1056,2025-04-07 09:44:46,1195.8,Online,Grocery & Supermarkets,Hyderabad,Trusted Mobile App (Android),36,1,1207.87,61.57,0
TXN-101176,CUST-1241,2025-04-07 09:48:21,807.17,UPI Transfer,Dining & Food,Pune,Mobile Web Browser,368,1,1496.11,5.83,0
TXN-100779,CUST-1192,2025-04-07 11:24:01,1746.29,POS / In-Store,Utilities & Bills,Chennai,Mobile Web Browser,1152,1,2148.47,1.16,0
TXN-100412,CUST-1350,2025-04-07 11:39:49,617.35,Online,Grocery & Supermarkets,Delhi,Trusted Mobile App (Android),1440,1,321.12,7.67,0
TXN-100557,CUST-1076,2025-04-07 13:33:34,346.96,UPI Transfer,Utilities & Bills,Mumbai,Trusted Mobile App (Android),537,2,360.68,36.12,0
TXN-100292,CUST-1055,2025-04-07 13:49:55,792.97,POS / In-Store,Healthcare & Medical,Delhi,Trusted Mobile App (Android),920,2,812.7,9.66,0
TXN-100529,CUST-1059,2025-04-07 14:04:23,504.2,POS / In-Store,Healthcare & Medical,Chennai,Desktop Web Browser,1069,2,805.4,7.96,0
TXN-100172,CUST-1345,2025-04-07 16:15:17,1039.72,UPI Transfer,Grocery & Supermarkets,Jaipur,Trusted Mobile App (iOS),1356,2,795.68,3.2,0
TXN-100196,CUST-1109,2025-04-07 16:21:19,719.37,UPI Transfer,Grocery & Supermarkets,Kochi,Desktop Web Browser,1140,1,1164.62,2.79,0
TXN-101240,CUST-1319,2025-04-07 19:12:09,725.85,UPI Transfer,Utilities & Bills,Bengaluru,Trusted Mobile App (iOS),547,1,1369.09,12.88,0
TXN-100234,CUST-1152,2025-04-07 22:03:12,910.26,POS / In-Store,Dining & Food,Bengaluru,Trusted Mobile App (Android),291,3,1162.6,7.2,0
TXN-101011,CUST-1243,2025-04-08 11:51:53,966.23,Online,Grocery & Supermarkets,Jaipur,Trusted Mobile App (iOS),836,1,678.21,7.98,0
TXN-101114,CUST-1359,2025-04-08 15:05:58,230.28,UPI Transfer,Grocery & Supermarkets,Bengaluru,Trusted Mobile App (Android),1092,1,825.32,4.19,0
TXN-100094,CUST-1222,2025-04-08 15:30:54,296.85,Online,Dining & Food,Jaipur,Trusted Mobile App (Android),1313,2,497.01,2.67,0
TXN-100969,CUST-1204,2025-04-08 17:03:36,645.6,UPI Transfer,Healthcare & Medical,Mumbai,Trusted Mobile App (iOS),531,1,868.99,6.97,0
TXN-100608,CUST-1255,2025-04-08 17:10:16,744.09,UPI Transfer,Grocery & Supermarkets,Mumbai,Trusted Mobile App (iOS),536,3,1154.75,6.86,0
TXN-101155,CUST-1237,2025-04-08 17:55:14,1889.71,Online,Grocery & Supermarkets,Bengaluru,Desktop Web Browser,481,3,2203.99,33.47,0
TXN-100640,CUST-1087,2025-04-08 17:56:47,278.5,UPI Transfer,Dining & Food,Ahmedabad,Trusted Mobile App (Android),419,2,452.08,2.07,0
TXN-101024,CUST-1278,2025-04-08 18:57:32,268.5,Online,Dining & Food,Jaipur,Desktop Web Browser,583,1,201.5,17.13,0
TXN-100936,CUST-1065,2025-04-08 19:53:29,738.82,Online,Utilities & Bills,Chennai,Trusted Mobile App (iOS),148,1,1216.91,16.54,0
TXN-100311,CUST-1302,2025-04-08 22:00:51,416.76,POS / In-Store,Dining & Food,Ahmedabad,Mobile Web Browser,657,3,452.66,1.35,0
TXN-100107,CUST-1309,2025-04-09 08:02:58,367.17,POS / In-Store,Healthcare & Medical,Chennai,Trusted Mobile App (iOS),1735,1,131.87,12.99,0
TXN-100268,CUST-1238,2025-04-09 10:43:34,801.87,Online,Healthcare & Medical,Ahmedabad,Trusted Mobile App (iOS),588,3,794.0,7.02,0
TXN-100007,CUST-1307,2025-04-09 11:55:27,504.32,UPI Transfer,Utilities & Bills,Ahmedabad,Trusted Mobile App (Android),1513,1,531.96,14.02,0
TXN-100504,CUST-1065,2025-04-09 15:16:55,1216.91,Online,Grocery & Supermarkets,Chennai,Trusted Mobile App (iOS),148,3,911.86,5.42,0
TXN-100932,CUST-1115,2025-04-09 15:19:17,729.84,Online,Grocery & Supermarkets,Bengaluru,Trusted Mobile App (iOS),1248,2,1457.36,14.41,0
TXN-100224,CUST-1049,2025-04-09 19:04:50,603.7,Online,Dining & Food,Kochi,Trusted Mobile App (iOS),818,2,697.91,1.59,0
TXN-100206,CUST-1311,2025-04-09 19:18:50,903.33,Online,Healthcare & Medical,Kolkata,Trusted Mobile App (iOS),649,2,1295.37,14.22,0
TXN-100186,CUST-1288,2025-04-09 20:43:42,920.83,Online,Grocery & Supermarkets,Chennai,Trusted Mobile App (Android),602,3,1804.43,12.93,0
TXN-100006,CUST-1150,2025-04-09 20:53:55,422.96,Online,Healthcare & Medical,Jaipur,Trusted Mobile App (iOS),1739,1,535.13,8.76,0
TXN-101386,CUST-1342,2025-04-10 02:55:23,74834.56,ATM Withdrawal,Crypto & Digital Assets,Delhi,Unknown Device,1563,8,834.92,468.71,1
TXN-100691,CUST-1361,2025-04-10 10:44:03,1948.7,POS / In-Store,Utilities & Bills,Kochi,Trusted Mobile App (Android),1330,1,1951.32,8.78,0
TXN-100054,CUST-1040,2025-04-10 13:57:28,864.44,Online,Grocery & Supermarkets,Bengaluru,Trusted Mobile App (Android),315,1,711.91,6.64,0
TXN-101077,CUST-1218,2025-04-10 16:17:01,1088.13,UPI Transfer,Utilities & Bills,Jaipur,Mobile Web Browser,1731,2,841.7,2.24,0
TXN-100684,CUST-1048,2025-04-10 17:48:45,573.95,POS / In-Store,Utilities & Bills,Bengaluru,Desktop Web Browser,894,1,665.96,0.91,0
TXN-100355,CUST-1338,2025-04-10 17:59:24,1206.16,UPI Transfer,Dining & Food,Kochi,Trusted Mobile App (Android),626,1,1417.3,10.84,0
TXN-100386,CUST-1345,2025-04-10 21:56:38,1163.44,Online,Dining & Food,Jaipur,Trusted Mobile App (iOS),1356,3,1039.72,11.24,0
TXN-101428,CUST-1189,2025-04-11 01:56:59,56965.34,ATM Withdrawal,Crypto & Digital Assets,Jaipur,New Emulated Device,1372,6,2058.25,673.7,1
TXN-100275,CUST-1077,2025-04-11 08:51:46,364.27,UPI Transfer,Dining & Food,Hyderabad,Trusted Mobile App (iOS),722,3,427.71,14.68,0
TXN-101205,CUST-1090,2025-04-11 16:50:58,1115.24,Online,Dining & Food,Pune,Trusted Mobile App (Android),1799,1,1379.09,14.68,0
TXN-100113,CUST-1071,2025-04-11 17:42:20,894.68,POS / In-Store,Utilities & Bills,Chennai,Mobile Web Browser,1272,3,709.14,7.09,0
TXN-100994,CUST-1105,2025-04-11 22:08:53,739.58,UPI Transfer,Utilities & Bills,Pune,Desktop Web Browser,1526,3,1197.69,12.32,0
TXN-100520,CUST-1002,2025-04-11 22:30:31,1131.49,Online,Dining & Food,Chennai,Trusted Mobile App (iOS),487,1,731.74,15.27,0
TXN-100801,CUST-1309,2025-04-11 23:43:15,232.9,UPI Transfer,Healthcare & Medical,Chennai,Trusted Mobile App (iOS),1735,2,297.83,16.81,0
TXN-100442,CUST-1196,2025-04-12 02:43:15,590.93,Online,Dining & Food,Kolkata,Trusted Mobile App (Android),934,2,662.0,11.45,0
TXN-100403,CUST-1049,2025-04-12 13:30:03,989.65,POS / In-Store,Grocery & Supermarkets,Kochi,Trusted Mobile App (Android),818,3,603.7,17.32,0
TXN-101339,CUST-1053,2025-04-12 14:05:02,943.96,UPI Transfer,Utilities & Bills,Delhi,Desktop Web Browser,1129,1,821.46,17.52,0
TXN-100500,CUST-1041,2025-04-12 15:01:09,617.23,POS / In-Store,Grocery & Supermarkets,Hyderabad,Desktop Web Browser,1179,3,1517.58,8.77,0
TXN-101270,CUST-1261,2025-04-12 18:43:40,828.38,Online,Dining & Food,Kochi,Desktop Web Browser,1561,3,843.53,16.44,0
TXN-100317,CUST-1007,2025-04-12 19:09:53,523.64,Online,Utilities & Bills,Jaipur,Desktop Web Browser,84,3,600.64,1.49,0
TXN-100782,CUST-1196,2025-04-12 21:40:07,589.22,Online,Grocery & Supermarkets,Kolkata,Trusted Mobile App (Android),934,3,538.04,15.72,0
TXN-100404,CUST-1282,2025-04-12 22:40:32,349.2,POS / In-Store,Dining & Food,Hyderabad,Trusted Mobile App (iOS),601,1,685.24,6.81,0
TXN-101419,CUST-1001,2025-04-13 04:43:12,112492.59,Wire Transfer,Electronics & Gadgets,Ahmedabad,Mobile Web Browser,1466,12,1068.79,521.73,1
TXN-100416,CUST-1137,2025-04-13 09:53:56,1040.23,Online,Dining & Food,Delhi,Trusted Mobile App (iOS),1550,3,599.73,17.03,0
TXN-100646,CUST-1003,2025-04-13 12:26:34,846.47,UPI Transfer,Grocery & Supermarkets,Hyderabad,Desktop Web Browser,239,2,322.06,62.25,0
TXN-100864,CUST-1302,2025-04-13 14:41:33,486.67,Online,Dining & Food,Ahmedabad,Trusted Mobile App (Android),657,3,283.36,10.73,0
TXN-100819,CUST-1037,2025-04-13 16:44:00,457.92,POS / In-Store,Grocery & Supermarkets,Jaipur,Desktop Web Browser,674,3,372.31,41.66,0
TXN-100666,CUST-1032,2025-04-13 17:35:51,793.87,UPI Transfer,Grocery & Supermarkets,Pune,Trusted Mobile App (Android),1340,2,632.41,16.13,0
TXN-100536,CUST-1061,2025-04-13 22:54:23,283.99,UPI Transfer,Dining & Food,Kolkata,Trusted Mobile App (Android),1134,2,365.03,15.6,0
TXN-100720,CUST-1216,2025-04-14 07:25:42,1398.63,Online,Dining & Food,Jaipur,Desktop Web Browser,679,3,662.16,1.93,0
TXN-100332,CUST-1061,2025-04-14 09:48:31,365.03,UPI Transfer,Grocery & Supermarkets,Kolkata,Trusted Mobile App (iOS),1134,2,314.19,1.3,0
TXN-100399,CUST-1026,2025-04-14 10:18:39,947.25,Online,Grocery & Supermarkets,Kolkata,Trusted Mobile App (iOS),788,1,1239.63,13.02,0
TXN-100445,CUST-1286,2025-04-14 11:46:50,661.89,POS / In-Store,Grocery & Supermarkets,Ahmedabad,Trusted Mobile App (Android),402,2,537.45,6.06,0
TXN-101243,CUST-1175,2025-04-14 11:58:26,342.89,UPI Transfer,Grocery & Supermarkets,Kolkata,Desktop Web Browser,1640,2,357.08,15.29,0
TXN-100886,CUST-1220,2025-04-14 12:43:08,738.33,POS / In-Store,Utilities & Bills,Ahmedabad,Trusted Mobile App (Android),560,2,1034.52,16.13,0
TXN-101283,CUST-1266,2025-04-14 12:46:46,407.87,Online,Healthcare & Medical,Kolkata,Trusted Mobile App (Android),1242,1,703.3,22.11,0
TXN-101316,CUST-1124,2025-04-14 15:18:46,215.33,UPI Transfer,Grocery & Supermarkets,Pune,Trusted Mobile App (iOS),1405,3,428.27,1.63,0
TXN-100419,CUST-1081,2025-04-14 16:09:23,341.34,UPI Transfer,Utilities & Bills,Mumbai,Trusted Mobile App (iOS),168,2,449.04,6.67,0
TXN-100109,CUST-1261,2025-04-14 16:30:00,291.71,UPI Transfer,Utilities & Bills,Kochi,Desktop Web Browser,1561,3,752.68,6.95,0
TXN-100284,CUST-1020,2025-04-14 18:00:26,353.03,Online,Grocery & Supermarkets,Kochi,Trusted Mobile App (Android),1212,3,361.37,13.74,0
TXN-101149,CUST-1275,2025-04-14 19:31:08,705.83,Online,Healthcare & Medical,Pune,Trusted Mobile App (Android),1331,2,1124.6,5.51,0
TXN-100939,CUST-1100,2025-04-14 19:49:30,760.76,Online,Grocery & Supermarkets,Hyderabad,Trusted Mobile App (iOS),862,3,1249.21,1.41,0
TXN-101150,CUST-1002,2025-04-14 21:41:07,660.36,POS / In-Store,Healthcare & Medical,Chennai,Trusted Mobile App (iOS),487,2,1635.05,16.38,0
TXN-100755,CUST-1033,2025-04-14 22:06:23,563.82,UPI Transfer,Grocery & Supermarkets,Jaipur,Trusted Mobile App (iOS),1432,1,254.1,17.33,0
TXN-100153,CUST-1141,2025-04-15 00:43:13,1046.09,Online,Grocery & Supermarkets,Chennai,Desktop Web Browser,1030,1,525.59,14.73,0
TXN-101262,CUST-1020,2025-04-15 09:21:00,391.85,Online,Utilities & Bills,Kochi,Desktop Web Browser,1212,3,705.64,2.6,0
TXN-100394,CUST-1247,2025-04-15 09:28:08,581.24,Online,Grocery & Supermarkets,Bengaluru,Trusted Mobile App (iOS),562,3,844.25,7.71,0
TXN-100567,CUST-1043,2025-04-15 09:32:59,1123.68,POS / In-Store,Grocery & Supermarkets,Kochi,Trusted Mobile App (Android),1225,3,1861.87,9.08,0
TXN-100135,CUST-1092,2025-04-15 11:46:21,913.83,POS / In-Store,Healthcare & Medical,Mumbai,Mobile Web Browser,854,3,931.27,61.59,0
TXN-101345,CUST-1078,2025-04-15 16:17:46,796.62,Online,Utilities & Bills,Mumbai,Desktop Web Browser,1164,2,1238.93,9.44,0
TXN-100501,CUST-1325,2025-04-15 16:39:28,654.99,UPI Transfer,Healthcare & Medical,Hyderabad,Trusted Mobile App (iOS),1172,3,1083.14,6.51,0
TXN-100611,CUST-1340,2025-04-15 20:25:17,2118.28,POS / In-Store,Dining & Food,Chennai,Desktop Web Browser,1790,1,3892.95,9.52,0
TXN-100393,CUST-1358,2025-04-15 21:40:44,1116.43,POS / In-Store,Utilities & Bills,Chennai,Desktop Web Browser,112,2,1160.43,15.85,0
TXN-100606,CUST-1011,2025-04-15 21:42:15,220.04,Online,Healthcare & Medical,Mumbai,Desktop Web Browser,1459,3,421.16,10.44,0
TXN-100706,CUST-1192,2025-04-15 22:37:54,2148.47,POS / In-Store,Healthcare & Medical,Chennai,Trusted Mobile App (Android),1152,1,1244.45,9.91,0
TXN-100991,CUST-1318,2025-04-16 11:49:10,1989.88,Online,Healthcare & Medical,Ahmedabad,Trusted Mobile App (Android),727,3,2215.63,1.44,0
TXN-100881,CUST-1055,2025-04-16 17:54:41,1097.74,POS / In-Store,Healthcare & Medical,Delhi,Trusted Mobile App (Android),920,1,904.36,4.04,0
TXN-100254,CUST-1329,2025-04-16 18:56:39,1865.0,UPI Transfer,Healthcare & Medical,Ahmedabad,Trusted Mobile App (Android),1791,2,1245.89,3.77,0
TXN-100116,CUST-1347,2025-04-16 19:52:10,1158.68,Online,Utilities & Bills,Bengaluru,Trusted Mobile App (iOS),152,3,677.57,14.03,0
TXN-101382,CUST-1101,2025-04-17 03:35:59,149834.0,Online,Electronics & Gadgets,Chennai,Mobile Web Browser,453,11,1600.17,468.85,1
TXN-101433,CUST-1133,2025-04-17 03:40:02,180605.21,ATM Withdrawal,Electronics & Gadgets,Pune,Mobile Web Browser,1606,9,228.16,504.5,1
TXN-100656,CUST-1025,2025-04-17 08:32:10,2765.88,POS / In-Store,Utilities & Bills,Chennai,Trusted Mobile App (Android),1331,2,1167.73,7.94,0
TXN-100090,CUST-1034,2025-04-17 16:54:20,2595.84,Online,Utilities & Bills,Kolkata,Trusted Mobile App (iOS),499,3,1096.16,12.92,0
TXN-100390,CUST-1243,2025-04-17 19:33:11,1336.23,Online,Grocery & Supermarkets,Jaipur,Trusted Mobile App (iOS),836,3,1043.29,1.96,0
TXN-101337,CUST-1193,2025-04-17 20:41:41,2216.33,Online,Utilities & Bills,Mumbai,Trusted Mobile App (Android),617,2,1312.33,3.61,0
TXN-100891,CUST-1215,2025-04-17 22:34:23,937.38,POS / In-Store,Healthcare & Medical,Ahmedabad,Desktop Web Browser,1117,3,634.12,4.53,0
TXN-100903,CUST-1097,2025-04-18 08:15:05,1216.26,POS / In-Store,Healthcare & Medical,Hyderabad,Trusted Mobile App (iOS),937,1,2803.22,17.59,0
TXN-100161,CUST-1183,2025-04-18 09:20:33,1027.27,Online,Utilities & Bills,Delhi,Desktop Web Browser,706,1,1060.85,12.39,0
TXN-101170,CUST-1137,2025-04-18 13:46:34,925.44,Online,Dining & Food,Delhi,Desktop Web Browser,1550,1,657.53,1.61,0
TXN-100871,CUST-1138,2025-04-18 14:02:35,2938.57,UPI Transfer,Dining & Food,Jaipur,Trusted Mobile App (iOS),587,2,1559.33,5.61,0
TXN-100229,CUST-1232,2025-04-18 14:06:56,1999.99,Online,Grocery & Supermarkets,Hyderabad,Trusted Mobile App (Android),827,1,2958.52,14.57,0
TXN-101298,CUST-1288,2025-04-18 15:44:12,1508.44,Online,Healthcare & Medical,Chennai,Trusted Mobile App (Android),602,1,2349.02,4.86,0
TXN-100988,CUST-1214,2025-04-18 16:05:58,267.89,Online,Healthcare & Medical,Delhi,Trusted Mobile App (Android),303,2,533.61,16.72,0
TXN-100681,CUST-1359,2025-04-18 17:58:41,605.02,POS / In-Store,Healthcare & Medical,Bengaluru,Trusted Mobile App (Android),1092,2,489.5,14.97,0
TXN-100441,CUST-1016,2025-04-18 18:12:17,1379.28,Online,Grocery & Supermarkets,Kolkata,Desktop Web Browser,571,3,416.71,6.48,0
TXN-100256,CUST-1117,2025-04-18 19:52:18,363.7,UPI Transfer,Dining & Food,Hyderabad,Trusted Mobile App (Android),275,2,302.83,17.4,0
TXN-100179,CUST-1090,2025-04-18 20:29:18,1215.56,POS / In-Store,Healthcare & Medical,Pune,Trusted Mobile App (Android),1799,2,872.3,7.59,0
TXN-100362,CUST-1212,2025-04-18 22:11:43,601.67,UPI Transfer,Utilities & Bills,Jaipur,Trusted Mobile App (Android),132,3,498.22,10.21,0
TXN-100452,CUST-1021,2025-04-19 08:12:29,1077.85,UPI Transfer,Healthcare & Medical,Hyderabad,Desktop Web Browser,172,1,1615.07,7.47,0
TXN-100423,CUST-1262,2025-04-19 11:06:12,946.92,UPI Transfer,Dining & Food,Delhi,Trusted Mobile App (iOS),667,1,1052.41,6.72,0
TXN-100460,CUST-1322,2025-04-19 13:03:54,511.81,Online,Grocery & Supermarkets,Delhi,Desktop Web Browser,1319,3,552.22,1.46,0
TXN-101099,CUST-1316,2025-04-19 13:24:45,385.3,UPI Transfer,Utilities & Bills,Ahmedabad,Trusted Mobile App (Android),55,3,386.11,16.83,0
TXN-101246,CUST-1213,2025-04-19 13:26:00,963.0,POS / In-Store,Healthcare & Medical,Jaipur,Trusted Mobile App (iOS),1767,3,1457.63,9.57,0
TXN-100319,CUST-1332,2025-04-19 16:44:37,417.69,POS / In-Store,Utilities & Bills,Kochi,Desktop Web Browser,233,3,422.55,16.71,0
TXN-100601,CUST-1091,2025-04-19 16:56:14,487.23,POS / In-Store,Healthcare & Medical,Mumbai,Desktop Web Browser,1368,2,1210.81,9.1,0
TXN-101238,CUST-1108,2025-04-19 17:47:42,3074.23,UPI Transfer,Grocery & Supermarkets,Chennai,Trusted Mobile App (iOS),149,2,1142.86,6.6,0
TXN-100638,CUST-1049,2025-04-19 17:59:28,718.59,Online,Utilities & Bills,Kochi,Trusted Mobile App (iOS),818,3,989.65,16.39,0
TXN-100493,CUST-1361,2025-04-19 18:07:48,1951.32,POS / In-Store,Healthcare & Medical,Kochi,Trusted Mobile App (Android),1330,3,3862.12,15.65,0
TXN-101251,CUST-1230,2025-04-19 18:30:37,775.16,Online,Utilities & Bills,Pune,Trusted Mobile App (Android),1141,3,916.14,3.09,0
TXN-100307,CUST-1170,2025-04-19 22:45:31,462.23,POS / In-Store,Dining & Food,Jaipur,Trusted Mobile App (Android),1421,1,358.8,13.03,0
TXN-101087,CUST-1191,2025-04-20 11:18:48,670.97,POS / In-Store,Utilities & Bills,Bengaluru,Desktop Web Browser,1195,3,581.88,4.08,0
TXN-100835,CUST-1191,2025-04-20 12:26:46,581.88,UPI Transfer,Grocery & Supermarkets,Bengaluru,Desktop Web Browser,1195,3,345.43,6.04,0
TXN-100203,CUST-1272,2025-04-20 12:28:38,993.37,UPI Transfer,Healthcare & Medical,Delhi,Desktop Web Browser,1356,1,519.39,4.23,0
TXN-101186,CUST-1103,2025-04-20 14:20:50,396.19,POS / In-Store,Utilities & Bills,Pune,Trusted Mobile App (iOS),829,3,866.75,13.85,0
TXN-100575,CUST-1247,2025-04-20 15:40:07,1140.25,UPI Transfer,Grocery & Supermarkets,Bengaluru,Trusted Mobile App (iOS),562,2,581.24,17.55,0
TXN-101080,CUST-1245,2025-04-20 16:21:04,694.65,POS / In-Store,Dining & Food,Mumbai,Trusted Mobile App (iOS),1346,1,1506.97,11.52,0
TXN-100982,CUST-1233,2025-04-21 00:50:17,1120.56,POS / In-Store,Dining & Food,Kochi,Mobile Web Browser,70,2,700.65,5.55,0
TXN-100952,CUST-1239,2025-04-21 14:35:54,476.83,Online,Grocery & Supermarkets,Pune,Trusted Mobile App (Android),89,3,728.85,5.46,0
TXN-100191,CUST-1031,2025-04-21 15:38:20,684.73,UPI Transfer,Utilities & Bills,Hyderabad,Trusted Mobile App (iOS),976,3,826.34,6.16,0
TXN-101033,CUST-1158,2025-04-21 15:54:38,1167.49,UPI Transfer,Grocery & Supermarkets,Hyderabad,Trusted Mobile App (iOS),1668,2,391.98,8.6,0
TXN-101285,CUST-1244,2025-04-21 16:43:42,202.71,POS / In-Store,Healthcare & Medical,Kochi,Desktop Web Browser,1387,3,658.72,8.37,0
TXN-101178,CUST-1108,2025-04-21 17:10:31,1143.74,Online,Dining & Food,Chennai,Trusted Mobile App (iOS),149,2,2650.07,7.43,0
TXN-100068,CUST-1348,2025-04-21 18:20:49,473.62,POS / In-Store,Healthcare & Medical,Bengaluru,Trusted Mobile App (Android),1248,1,431.19,5.43,0
TXN-100105,CUST-1027,2025-04-21 18:35:18,909.19,POS / In-Store,Utilities & Bills,Kolkata,Trusted Mobile App (iOS),1402,3,741.32,7.26,0
TXN-100602,CUST-1057,2025-04-21 22:30:26,766.4,UPI Transfer,Healthcare & Medical,Chennai,Desktop Web Browser,1590,3,518.61,3.24,0
TXN-101300,CUST-1300,2025-04-22 07:31:41,470.84,Online,Utilities & Bills,Kochi,Desktop Web Browser,1157,1,668.35,38.91,0
TXN-100331,CUST-1037,2025-04-22 15:26:06,464.59,Online,Healthcare & Medical,Kochi,Desktop Web Browser,674,3,313.81,11.53,0
TXN-101314,CUST-1278,2025-04-22 17:43:01,322.07,Online,Utilities & Bills,Jaipur,Desktop Web Browser,583,1,323.34,12.8,0
TXN-100087,CUST-1040,2025-04-22 18:25:09,703.15,POS / In-Store,Dining & Food,Bengaluru,Trusted Mobile App (iOS),315,2,864.44,5.38,0
TXN-100795,CUST-1326,2025-04-22 18:52:50,372.69,POS / In-Store,Utilities & Bills,Pune,Mobile Web Browser,1250,1,470.09,13.6,0
TXN-100502,CUST-1241,2025-04-22 20:22:19,1675.65,POS / In-Store,Utilities & Bills,Chennai,Desktop Web Browser,368,3,1182.53,35.91,0
TXN-100043,CUST-1143,2025-04-22 20:54:59,115.23,POS / In-Store,Grocery & Supermarkets,Pune,Trusted Mobile App (Android),120,3,189.28,13.93,0
TXN-101250,CUST-1138,2025-04-22 21:39:29,1300.87,Online,Grocery & Supermarkets,Jaipur,Trusted Mobile App (iOS),587,3,2938.57,10.84,0
TXN-101261,CUST-1192,2025-04-22 21:45:50,1765.08,UPI Transfer,Grocery & Supermarkets,Chennai,Trusted Mobile App (Android),1152,3,1349.61,14.01,0
TXN-100181,CUST-1033,2025-04-23 12:23:10,401.01,UPI Transfer,Utilities & Bills,Jaipur,Trusted Mobile App (iOS),1432,3,527.09,8.51,0
TXN-100576,CUST-1084,2025-04-23 17:29:23,885.66,UPI Transfer,Utilities & Bills,Ahmedabad,Trusted Mobile App (iOS),1134,2,656.86,2.87,0
TXN-100922,CUST-1342,2025-04-23 17:42:20,542.33,Online,Healthcare & Medical,Kolkata,Trusted Mobile App (Android),1643,2,470.58,20.78,0
TXN-101402,CUST-1078,2025-04-24 03:48:47,50394.21,Online,Electronics & Gadgets,Chennai,New Emulated Device,1144,5,796.62,245.44,1
TXN-100657,CUST-1131,2025-04-24 07:07:38,824.52,UPI Transfer,Grocery & Supermarkets,Kolkata,Trusted Mobile App (Android),353,1,1168.04,8.6,0
TXN-100741,CUST-1261,2025-04-24 10:01:13,302.81,POS / In-Store,Grocery & Supermarkets,Kochi,Desktop Web Browser,1561,1,1336.37,1.92,0
TXN-100511,CUST-1336,2025-04-24 14:46:40,82.47,POS / In-Store,Dining & Food,Jaipur,Trusted Mobile App (iOS),350,2,400.93,13.98,0
TXN-100664,CUST-1231,2025-04-24 16:36:07,283.28,Online,Healthcare & Medical,Ahmedabad,Trusted Mobile App (Android),157,2,337.6,7.36,0
TXN-100062,CUST-1042,2025-04-24 18:19:46,1907.33,Online,Utilities & Bills,Pune,Trusted Mobile App (Android),1559,3,1561.29,27.09,0
TXN-101344,CUST-1118,2025-04-24 18:44:41,234.79,Online,Healthcare & Medical,Kochi,Trusted Mobile App (iOS),1215,1,328.53,15.93,0
TXN-100158,CUST-1107,2025-04-24 19:59:11,953.46,UPI Transfer,Utilities & Bills,Ahmedabad,Trusted Mobile App (iOS),418,2,797.47,3.34,0
TXN-101171,CUST-1125,2025-04-24 22:29:16,1093.64,POS / In-Store,Grocery & Supermarkets,Chennai,Trusted Mobile App (Android),677,1,1625.07,15.93,0
TXN-100668,CUST-1113,2025-04-25 02:41:17,568.51,POS / In-Store,Healthcare & Medical,Jaipur,Trusted Mobile App (iOS),146,1,1128.14,11.04,0
TXN-100589,CUST-1358,2025-04-25 10:11:45,1391.25,POS / In-Store,Dining & Food,Chennai,Desktop Web Browser,112,2,927.38,17.67,0
TXN-100288,CUST-1012,2025-04-25 10:23:04,775.63,POS / In-Store,Utilities & Bills,Pune,Trusted Mobile App (Android),599,3,1009.96,14.36,0
TXN-101263,CUST-1093,2025-04-25 10:31:41,619.6,UPI Transfer,Healthcare & Medical,Kolkata,Trusted Mobile App (iOS),539,3,396.26,3.22,0
TXN-100981,CUST-1201,2025-04-25 15:19:40,884.64,POS / In-Store,Grocery & Supermarkets,Kochi,Trusted Mobile App (Android),221,2,756.85,10.64,0
TXN-100594,CUST-1356,2025-04-25 16:11:46,697.59,UPI Transfer,Dining & Food,Mumbai,Trusted Mobile App (iOS),498,2,284.58,16.12,0
TXN-100352,CUST-1108,2025-04-25 20:01:06,1614.66,Online,Grocery & Supermarkets,Chennai,Trusted Mobile App (iOS),149,3,1487.41,2.74,0
TXN-100018,CUST-1177,2025-04-25 20:44:57,805.26,UPI Transfer,Healthcare & Medical,Jaipur,Trusted Mobile App (iOS),818,1,1263.11,15.29,0
TXN-100459,CUST-1112,2025-04-25 21:26:50,678.39,POS / In-Store,Utilities & Bills,Ahmedabad,Desktop Web Browser,1776,3,1409.75,11.02,0
TXN-101443,CUST-1252,2025-04-26 03:39:19,70271.54,Wire Transfer,Crypto & Digital Assets,Kochi,Mobile Web Browser,10,6,1412.01,172.33,1
TXN-100533,CUST-1334,2025-04-26 06:59:05,2400.64,POS / In-Store,Dining & Food,Chennai,Desktop Web Browser,196,1,1342.25,14.63,0
TXN-101223,CUST-1314,2025-04-26 08:10:13,1360.47,Online,Dining & Food,Mumbai,Desktop Web Browser,628,2,679.14,7.68,0
TXN-101081,CUST-1251,2025-04-26 11:25:19,1651.03,POS / In-Store,Dining & Food,Pune,Trusted Mobile App (Android),1739,1,1122.0,8.79,0
TXN-101335,CUST-1081,2025-04-26 17:06:06,407.71,UPI Transfer,Utilities & Bills,Ahmedabad,Trusted Mobile App (iOS),168,1,710.58,35.18,0
TXN-100481,CUST-1361,2025-04-26 18:07:36,3862.12,UPI Transfer,Utilities & Bills,Kochi,Trusted Mobile App (Android),1330,2,1733.0,12.58,0
TXN-100595,CUST-1103,2025-04-26 19:07:06,350.32,POS / In-Store,Utilities & Bills,Pune,Trusted Mobile App (iOS),829,3,793.26,7.93,0
TXN-101411,CUST-1300,2025-04-27 02:54:57,196577.1,Online,Crypto & Digital Assets,Mumbai,New Emulated Device,1067,6,470.84,834.79,1
TXN-101389,CUST-1326,2025-04-27 03:31:37,81962.0,Wire Transfer,Crypto & Digital Assets,Delhi,Unknown Device,1160,6,457.8,435.9,1
TXN-101421,CUST-1019,2025-04-27 03:53:44,93619.86,Wire Transfer,Luxury Goods & Jewelry,Kolkata,New Emulated Device,583,9,679.83,204.34,1
TXN-100570,CUST-1301,2025-04-27 13:19:56,842.71,POS / In-Store,Healthcare & Medical,Kolkata,Trusted Mobile App (iOS),1469,1,445.55,15.68,0
TXN-100628,CUST-1216,2025-04-27 17:29:49,662.16,Online,Healthcare & Medical,Jaipur,Desktop Web Browser,679,3,1214.08,13.83,0
TXN-100776,CUST-1049,2025-04-27 19:43:00,889.75,POS / In-Store,Utilities & Bills,Bengaluru,Trusted Mobile App (iOS),818,3,718.59,38.26,0
TXN-100240,CUST-1120,2025-04-27 22:00:06,577.8,UPI Transfer,Dining & Food,Delhi,Trusted Mobile App (Android),1376,2,233.38,11.25,0
TXN-101065,CUST-1201,2025-04-27 22:18:46,1489.61,UPI Transfer,Healthcare & Medical,Kochi,Trusted Mobile App (Android),221,2,884.64,2.47,0
TXN-101379,CUST-1072,2025-04-28 01:28:51,76019.77,Wire Transfer,Crypto & Digital Assets,Jaipur,Mobile Web Browser,1053,10,584.03,387.67,1
TXN-100169,CUST-1165,2025-04-28 03:10:05,454.25,UPI Transfer,Healthcare & Medical,Ahmedabad,Desktop Web Browser,655,3,457.9,6.0,0
TXN-101420,CUST-1267,2025-04-28 04:48:52,128174.84,Online,Electronics & Gadgets,Kolkata,New Emulated Device,1441,12,306.9,502.13,1
TXN-100700,CUST-1274,2025-04-28 08:31:54,592.82,UPI Transfer,Grocery & Supermarkets,Pune,Trusted Mobile App (Android),246,3,742.74,0.91,0
TXN-100144,CUST-1345,2025-04-28 09:12:43,795.68,Online,Healthcare & Medical,Jaipur,Trusted Mobile App (iOS),1356,1,1348.76,10.78,0
TXN-101022,CUST-1067,2025-04-28 10:42:30,234.44,UPI Transfer,Utilities & Bills,Delhi,Desktop Web Browser,1025,1,218.9,4.88,0
TXN-100038,CUST-1259,2025-04-28 10:54:36,2144.65,Online,Healthcare & Medical,Kochi,Trusted Mobile App (iOS),982,2,767.21,15.86,0
TXN-100598,CUST-1196,2025-04-28 11:19:55,538.04,POS / In-Store,Healthcare & Medical,Kolkata,Trusted Mobile App (Android),934,2,721.9,2.19,0
TXN-100265,CUST-1214,2025-04-28 13:28:25,478.38,POS / In-Store,Utilities & Bills,Delhi,Trusted Mobile App (Android),303,1,360.31,14.92,0
TXN-100730,CUST-1159,2025-04-28 18:00:09,100.79,Online,Grocery & Supermarkets,Bengaluru,Trusted Mobile App (Android),80,2,107.26,12.01,0
TXN-100146,CUST-1357,2025-04-28 19:58:55,1287.97,UPI Transfer,Utilities & Bills,Kochi,Desktop Web Browser,72,2,1058.47,6.13,0
TXN-101323,CUST-1250,2025-04-28 20:27:34,1000.87,UPI Transfer,Grocery & Supermarkets,Bengaluru,Trusted Mobile App (Android),1570,1,493.21,46.8,0
TXN-101102,CUST-1242,2025-04-28 22:11:14,711.16,Online,Grocery & Supermarkets,Ahmedabad,Trusted Mobile App (iOS),1304,2,1111.09,15.81,0
TXN-100182,CUST-1199,2025-04-29 10:22:13,807.31,POS / In-Store,Utilities & Bills,Bengaluru,Desktop Web Browser,203,3,989.95,8.51,0
TXN-100106,CUST-1349,2025-04-29 10:25:02,1106.22,UPI Transfer,Dining & Food,Kochi,Trusted Mobile App (Android),929,1,1178.44,17.77,0
TXN-100037,CUST-1165,2025-04-29 11:17:17,457.9,UPI Transfer,Utilities & Bills,Ahmedabad,Trusted Mobile App (Android),655,2,340.88,10.74,0
TXN-100447,CUST-1291,2025-04-29 14:14:49,761.51,UPI Transfer,Dining & Food,Hyderabad,Trusted Mobile App (iOS),524,3,464.33,6.79,0
TXN-101126,CUST-1001,2025-04-29 19:58:46,1068.79,Online,Dining & Food,Delhi,Trusted Mobile App (iOS),1548,2,772.43,4.53,0
TXN-100535,CUST-1256,2025-04-29 20:21:31,2215.19,Online,Dining & Food,Hyderabad,Trusted Mobile App (iOS),1302,1,1112.23,14.2,0
TXN-101152,CUST-1167,2025-04-29 22:43:56,975.36,POS / In-Store,Healthcare & Medical,Hyderabad,Trusted Mobile App (Android),702,3,789.9,6.98,0
TXN-101103,CUST-1015,2025-04-30 00:24:59,774.11,Online,Grocery & Supermarkets,Pune,Trusted Mobile App (iOS),765,2,496.35,13.38,0
TXN-101403,CUST-1047,2025-04-30 03:51:49,179241.46,Wire Transfer,Crypto & Digital Assets,Jaipur,Unknown Device,1257,8,403.89,210.93,1
TXN-100137,CUST-1215,2025-04-30 07:15:59,634.12,POS / In-Store,Grocery & Supermarkets,Ahmedabad,Desktop Web Browser,1117,1,744.26,2.27,0
TXN-100845,CUST-1008,2025-04-30 07:45:13,1887.7,POS / In-Store,Grocery & Supermarkets,Jaipur,Trusted Mobile App (iOS),1496,3,1637.51,9.85,0
TXN-100364,CUST-1282,2025-04-30 08:10:56,685.24,Online,Healthcare & Medical,Hyderabad,Trusted Mobile App (iOS),601,3,340.19,11.63,0
TXN-100778,CUST-1011,2025-04-30 10:19:34,255.18,Online,Grocery & Supermarkets,Mumbai,Trusted Mobile App (iOS),1459,1,220.04,8.0,0
TXN-101239,CUST-1181,2025-04-30 14:20:41,1068.69,POS / In-Store,Healthcare & Medical,Jaipur,Desktop Web Browser,1503,2,530.96,2.27,0
TXN-100603,CUST-1194,2025-04-30 16:20:50,1864.2,UPI Transfer,Utilities & Bills,Hyderabad,Trusted Mobile App (Android),1639,3,1198.67,10.83,0
TXN-100058,CUST-1047,2025-04-30 19:29:48,626.96,Online,Healthcare & Medical,Delhi,Trusted Mobile App (iOS),1315,3,1381.21,17.2,0
TXN-101136,CUST-1353,2025-04-30 21:02:07,113.79,POS / In-Store,Grocery & Supermarkets,Ahmedabad,Trusted Mobile App (Android),194,2,188.98,7.02,0
TXN-100551,CUST-1042,2025-05-01 11:31:51,827.61,Online,Grocery & Supermarkets,Jaipur,Desktop Web Browser,1559,2,1493.64,1.46,0
TXN-100306,CUST-1310,2025-05-01 13:41:26,776.82,Online,Dining & Food,Hyderabad,Trusted Mobile App (Android),495,2,813.25,17.13,0
TXN-100725,CUST-1313,2025-05-02 10:43:04,532.4,UPI Transfer,Grocery & Supermarkets,Bengaluru,Trusted Mobile App (Android),123,3,546.59,1.41,0
TXN-101228,CUST-1058,2025-05-02 12:56:28,448.8,UPI Transfer,Dining & Food,Bengaluru,Desktop Web Browser,247,3,864.47,15.65,0
TXN-100078,CUST-1337,2025-05-02 17:08:22,506.51,Online,Healthcare & Medical,Mumbai,Trusted Mobile App (Android),952,3,186.84,10.06,0
TXN-100315,CUST-1108,2025-05-02 18:58:54,1487.41,Online,Utilities & Bills,Chennai,Trusted Mobile App (iOS),149,3,1630.35,17.67,0
TXN-100197,CUST-1051,2025-05-02 21:01:29,635.58,Online,Healthcare & Medical,Jaipur,Trusted Mobile App (Android),1163,1,483.71,15.51,0
TXN-100215,CUST-1296,2025-05-02 21:32:53,1626.72,UPI Transfer,Dining & Food,Hyderabad,Trusted Mobile App (Android),1446,2,1069.46,9.24,0
TXN-100909,CUST-1291,2025-05-02 21:42:42,431.96,UPI Transfer,Grocery & Supermarkets,Hyderabad,Trusted Mobile App (iOS),524,2,816.7,0.76,0
TXN-101427,CUST-1013,2025-05-03 03:01:22,164734.08,Wire Transfer,Luxury Goods & Jewelry,Jaipur,Mobile Web Browser,1557,10,2933.36,414.49,1
TXN-100405,CUST-1121,2025-05-03 07:10:10,320.7,Online,Grocery & Supermarkets,Kochi,Desktop Web Browser,1100,1,678.5,10.73,0
TXN-100943,CUST-1291,2025-05-03 08:07:03,483.59,POS / In-Store,Grocery & Supermarkets,Kolkata,Trusted Mobile App (iOS),524,1,431.96,46.62,0
TXN-100079,CUST-1246,2025-05-03 11:04:08,843.97,Online,Grocery & Supermarkets,Pune,Trusted Mobile App (iOS),975,1,1701.67,17.01,0
TXN-101325,CUST-1158,2025-05-03 16:43:36,1038.85,POS / In-Store,Utilities & Bills,Hyderabad,Trusted Mobile App (iOS),1668,2,1167.49,11.2,0
TXN-100522,CUST-1029,2025-05-03 18:36:12,245.62,UPI Transfer,Grocery & Supermarkets,Delhi,Desktop Web Browser,1330,2,603.91,6.89,0
TXN-101331,CUST-1115,2025-05-03 18:52:09,1525.94,UPI Transfer,Healthcare & Medical,Bengaluru,Trusted Mobile App (iOS),1248,2,729.84,10.33,0
TXN-100111,CUST-1269,2025-05-03 19:09:12,448.93,POS / In-Store,Grocery & Supermarkets,Delhi,Desktop Web Browser,1632,1,414.65,4.74,0
TXN-100867,CUST-1230,2025-05-03 20:04:55,916.14,Online,Utilities & Bills,Pune,Trusted Mobile App (iOS),1141,3,839.43,9.67,0
TXN-101158,CUST-1262,2025-05-03 20:50:08,926.27,POS / In-Store,Grocery & Supermarkets,Delhi,Trusted Mobile App (iOS),667,3,1023.23,3.05,0
TXN-100329,CUST-1344,2025-05-03 20:53:00,727.42,POS / In-Store,Healthcare & Medical,Hyderabad,Trusted Mobile App (Android),265,3,480.57,9.91,0
TXN-101258,CUST-1332,2025-05-03 21:48:40,414.85,Online,Grocery & Supermarkets,Kochi,Desktop Web Browser,233,3,347.21,5.01,0
TXN-100110,CUST-1353,2025-05-03 22:16:59,204.22,POS / In-Store,Healthcare & Medical,Kochi,Trusted Mobile App (Android),194,1,234.72,51.77,0
TXN-100643,CUST-1337,2025-05-04 08:12:51,327.47,UPI Transfer,Dining & Food,Mumbai,Trusted Mobile App (Android),952,3,698.12,4.52,0
TXN-100791,CUST-1251,2025-05-04 08:41:12,1812.57,UPI Transfer,Grocery & Supermarkets,Pune,Trusted Mobile App (Android),1739,2,1948.59,7.92,0
TXN-100211,CUST-1301,2025-05-04 09:19:31,645.17,Online,Dining & Food,Kolkata,Trusted Mobile App (Android),1469,1,690.05,13.27,0
TXN-100253,CUST-1088,2025-05-04 09:30:02,1235.36,UPI Transfer,Utilities & Bills,Delhi,Trusted Mobile App (iOS),1379,1,876.68,5.9,0
TXN-100085,CUST-1344,2025-05-04 12:01:25,480.57,Online,Dining & Food,Hyderabad,Trusted Mobile App (Android),265,1,597.61,11.13,0
TXN-101034,CUST-1246,2025-05-04 13:26:53,2694.21,POS / In-Store,Utilities & Bills,Pune,Trusted Mobile App (iOS),975,1,1681.45,16.93,0
TXN-100843,CUST-1047,2025-05-04 14:05:27,474.6,POS / In-Store,Healthcare & Medical,Delhi,Trusted Mobile App (iOS),1315,1,666.66,1.5,0
TXN-101214,CUST-1074,2025-05-04 14:10:35,1203.27,UPI Transfer,Dining & Food,Pune,Desktop Web Browser,1360,3,1056.47,0.7,0
TXN-100510,CUST-1273,2025-05-04 20:39:42,534.23,UPI Transfer,Grocery & Supermarkets,Kolkata,Trusted Mobile App (iOS),1769,2,1710.42,15.52,0
TXN-100710,CUST-1176,2025-05-04 21:17:22,1505.68,UPI Transfer,Utilities & Bills,Kolkata,Trusted Mobile App (Android),1271,1,1232.98,17.7,0
TXN-100924,CUST-1231,2025-05-05 01:33:58,395.43,POS / In-Store,Dining & Food,Ahmedabad,Mobile Web Browser,157,3,283.28,4.33,0
TXN-100031,CUST-1109,2025-05-05 07:03:34,1176.05,POS / In-Store,Dining & Food,Kochi,Desktop Web Browser,1140,1,1103.91,4.76,0
TXN-100063,CUST-1193,2025-05-05 11:42:45,936.21,POS / In-Store,Healthcare & Medical,Mumbai,Trusted Mobile App (iOS),617,3,1426.74,17.07,0
TXN-100980,CUST-1194,2025-05-05 15:56:54,925.26,UPI Transfer,Utilities & Bills,Hyderabad,Trusted Mobile App (Android),1639,2,952.98,10.04,0
TXN-100872,CUST-1027,2025-05-05 17:51:43,1423.4,UPI Transfer,Utilities & Bills,Hyderabad,Trusted Mobile App (iOS),1402,2,924.88,49.4,0
TXN-100056,CUST-1290,2025-05-05 17:55:32,797.61,UPI Transfer,Utilities & Bills,Kolkata,Trusted Mobile App (iOS),1088,2,896.76,28.3,0
TXN-101189,CUST-1062,2025-05-05 19:51:23,575.56,POS / In-Store,Utilities & Bills,Jaipur,Trusted Mobile App (iOS),1256,1,669.36,1.34,0
TXN-100525,CUST-1277,2025-05-05 21:01:48,881.99,Online,Healthcare & Medical,Pune,Trusted Mobile App (iOS),1532,1,596.72,1.48,0
TXN-100534,CUST-1074,2025-05-05 21:26:14,1542.94,POS / In-Store,Dining & Food,Pune,Desktop Web Browser,1360,3,580.74,3.55,0
TXN-100271,CUST-1068,2025-05-06 07:14:12,454.46,POS / In-Store,Utilities & Bills,Delhi,Desktop Web Browser,1598,2,779.93,14.59,0
TXN-100523,CUST-1149,2025-05-06 08:24:55,455.51,Online,Utilities & Bills,Delhi,Desktop Web Browser,335,2,621.87,5.73,0
TXN-100490,CUST-1254,2025-05-06 09:13:01,438.32,Online,Dining & Food,Hyderabad,Trusted Mobile App (iOS),170,2,677.76,16.03,0
TXN-100697,CUST-1143,2025-05-06 12:45:21,223.65,UPI Transfer,Grocery & Supermarkets,Pune,Trusted Mobile App (Android),120,3,147.86,11.53,0
TXN-101224,CUST-1082,2025-05-06 13:15:21,2053.34,Online,Healthcare & Medical,Mumbai,Desktop Web Browser,175,1,2035.55,1.73,0
TXN-100632,CUST-1286,2025-05-06 14:58:08,1012.54,Online,Grocery & Supermarkets,Ahmedabad,Trusted Mobile App (Android),402,2,661.89,8.59,0
TXN-100667,CUST-1319,2025-05-06 20:01:58,1369.09,UPI Transfer,Dining & Food,Bengaluru,Trusted Mobile App (iOS),547,3,1077.14,13.21,0
TXN-101098,CUST-1223,2025-05-07 07:55:10,2059.66,POS / In-Store,Healthcare & Medical,Hyderabad,Trusted Mobile App (Android),930,1,3670.68,8.66,0
TXN-101195,CUST-1235,2025-05-07 18:57:21,1219.63,Online,Dining & Food,Mumbai,Trusted Mobile App (Android),641,2,1059.64,15.68,0
TXN-100901,CUST-1161,2025-05-07 19:10:08,2026.36,UPI Transfer,Grocery & Supermarkets,Pune,Desktop Web Browser,1799,1,2364.49,7.0,0
TXN-100349,CUST-1301,2025-05-07 20:46:08,445.55,POS / In-Store,Healthcare & Medical,Kolkata,Trusted Mobile App (Android),1469,2,645.17,4.9,0
TXN-100437,CUST-1239,2025-05-08 03:23:34,728.85,POS / In-Store,Utilities & Bills,Pune,Trusted Mobile App (Android),89,1,812.75,12.06,0
TXN-100045,CUST-1290,2025-05-08 11:47:52,896.76,Online,Healthcare & Medical,Jaipur,Trusted Mobile App (iOS),1088,2,826.59,1.04,0
TXN-100174,CUST-1128,2025-05-08 12:41:44,1475.73,POS / In-Store,Healthcare & Medical,Delhi,Desktop Web Browser,466,2,1042.94,10.36,0
TXN-100276,CUST-1014,2025-05-08 16:16:16,862.39,POS / In-Store,Dining & Food,Kolkata,Trusted Mobile App (iOS),219,2,396.41,7.58,0
TXN-100660,CUST-1088,2025-05-08 19:55:14,969.39,UPI Transfer,Utilities & Bills,Delhi,Trusted Mobile App (iOS),1379,3,760.9,13.52,0
TXN-101036,CUST-1059,2025-05-08 21:37:39,578.53,POS / In-Store,Utilities & Bills,Chennai,Desktop Web Browser,1069,2,967.58,10.18,0
TXN-100824,CUST-1344,2025-05-08 21:55:13,728.3,UPI Transfer,Utilities & Bills,Hyderabad,Trusted Mobile App (Android),265,1,737.07,7.19,0
TXN-101115,CUST-1265,2025-05-08 22:08:01,1152.19,POS / In-Store,Grocery & Supermarkets,Pune,Trusted Mobile App (Android),1494,2,796.54,6.15,0
TXN-101437,CUST-1320,2025-05-09 01:49:20,158075.81,Wire Transfer,Luxury Goods & Jewelry,Kolkata,Unknown Device,1694,11,1001.9,796.07,1
TXN-100680,CUST-1019,2025-05-09 04:38:38,605.7,UPI Transfer,Healthcare & Medical,Delhi,Desktop Web Browser,630,3,1206.87,10.55,0
TXN-101061,CUST-1286,2025-05-09 08:40:27,238.64,Online,Dining & Food,Ahmedabad,Trusted Mobile App (Android),402,2,1012.54,4.8,0
TXN-101213,CUST-1192,2025-05-09 08:47:25,2754.18,Online,Dining & Food,Chennai,Trusted Mobile App (Android),1152,1,2119.24,7.24,0
TXN-101211,CUST-1116,2025-05-09 10:45:27,1029.17,Online,Utilities & Bills,Delhi,Desktop Web Browser,1795,1,1401.94,16.02,0
TXN-100291,CUST-1052,2025-05-09 11:26:39,477.09,Online,Utilities & Bills,Mumbai,Desktop Web Browser,1506,1,588.77,2.34,0
TXN-100346,CUST-1290,2025-05-09 11:47:19,2222.13,UPI Transfer,Dining & Food,Jaipur,Trusted Mobile App (iOS),1088,1,994.59,16.94,0
TXN-100507,CUST-1122,2025-05-09 12:13:57,776.46,UPI Transfer,Grocery & Supermarkets,Kolkata,Trusted Mobile App (Android),448,1,1080.37,15.23,0
TXN-100832,CUST-1051,2025-05-09 14:02:08,551.67,Online,Dining & Food,Jaipur,Trusted Mobile App (Android),1163,3,635.58,5.74,0
TXN-100273,CUST-1262,2025-05-09 14:48:00,1052.41,UPI Transfer,Utilities & Bills,Delhi,Trusted Mobile App (iOS),667,3,681.52,10.33,0
TXN-101028,CUST-1027,2025-05-09 18:59:54,800.34,UPI Transfer,Dining & Food,Kolkata,Trusted Mobile App (iOS),1402,1,954.91,11.15,0
TXN-101266,CUST-1047,2025-05-09 19:48:34,403.89,UPI Transfer,Dining & Food,Delhi,Trusted Mobile App (iOS),1315,2,474.6,4.02,0
TXN-100199,CUST-1191,2025-05-10 00:50:07,345.43,POS / In-Store,Dining & Food,Bengaluru,Desktop Web Browser,1195,2,480.6,7.44,0
TXN-101384,CUST-1007,2025-05-10 03:37:15,71496.86,Wire Transfer,Crypto & Digital Assets,Kochi,Unknown Device,57,12,877.54,126.47,1
TXN-100436,CUST-1358,2025-05-10 08:16:12,622.78,POS / In-Store,Utilities & Bills,Chennai,Desktop Web Browser,112,1,1116.43,5.47,0
TXN-100772,CUST-1349,2025-05-10 10:51:49,1319.44,Online,Healthcare & Medical,Kochi,Trusted Mobile App (Android),929,3,1487.58,12.12,0
TXN-100125,CUST-1206,2025-05-10 11:30:30,172.15,Online,Healthcare & Medical,Delhi,Trusted Mobile App (Android),878,2,316.09,4.84,0
TXN-100076,CUST-1341,2025-05-10 18:04:25,367.83,UPI Transfer,Healthcare & Medical,Jaipur,Trusted Mobile App (iOS),1437,1,604.39,47.9,0
TXN-101005,CUST-1050,2025-05-10 22:20:27,1041.74,POS / In-Store,Dining & Food,Pune,Desktop Web Browser,988,1,998.63,17.67,0
TXN-101448,CUST-1330,2025-05-11 03:59:20,202043.3,Online,Luxury Goods & Jewelry,Hyderabad,Mobile Web Browser,605,7,420.66,773.78,1
TXN-100028,CUST-1190,2025-05-11 04:41:32,534.03,POS / In-Store,Dining & Food,Pune,Desktop Web Browser,1562,2,735.17,9.95,0
TXN-101125,CUST-1251,2025-05-11 07:14:05,1210.86,UPI Transfer,Utilities & Bills,Pune,Trusted Mobile App (Android),1739,3,1651.03,3.62,0
TXN-100593,CUST-1007,2025-05-11 10:25:29,668.54,Online,Healthcare & Medical,Jaipur,Desktop Web Browser,84,2,523.64,12.02,0
TXN-100769,CUST-1040,2025-05-11 15:09:51,1131.25,POS / In-Store,Dining & Food,Bengaluru,Trusted Mobile App (Android),315,2,703.15,3.61,0
TXN-101225,CUST-1300,2025-05-11 21:09:32,668.35,Online,Utilities & Bills,Pune,Desktop Web Browser,1157,3,571.0,13.81,0
TXN-100756,CUST-1054,2025-05-12 08:52:40,588.1,Online,Healthcare & Medical,Chennai,Desktop Web Browser,726,2,2159.51,9.05,0
TXN-100705,CUST-1301,2025-05-12 11:19:55,536.78,POS / In-Store,Dining & Food,Kolkata,Trusted Mobile App (Android),1469,1,842.71,8.3,0
TXN-100844,CUST-1218,2025-05-12 11:30:09,1063.31,POS / In-Store,Grocery & Supermarkets,Jaipur,Trusted Mobile App (Android),1731,2,334.71,12.49,0
TXN-100114,CUST-1182,2025-05-12 15:39:33,459.32,UPI Transfer,Dining & Food,Hyderabad,Trusted Mobile App (Android),913,2,845.02,17.25,0
TXN-100555,CUST-1273,2025-05-12 16:28:44,1110.38,Online,Healthcare & Medical,Kolkata,Trusted Mobile App (iOS),1769,1,534.23,14.5,0
TXN-100061,CUST-1174,2025-05-12 17:04:33,517.98,UPI Transfer,Dining & Food,Delhi,Desktop Web Browser,919,2,545.7,10.26,0
TXN-100702,CUST-1209,2025-05-12 17:11:42,1068.7,UPI Transfer,Dining & Food,Hyderabad,Trusted Mobile App (iOS),1373,2,669.35,1.52,0
TXN-101037,CUST-1009,2025-05-12 18:34:58,816.49,Online,Healthcare & Medical,Jaipur,Trusted Mobile App (Android),481,1,2363.57,11.01,0
TXN-100766,CUST-1356,2025-05-12 19:21:37,262.82,Online,Utilities & Bills,Mumbai,Trusted Mobile App (iOS),498,1,697.59,15.48,0
TXN-100841,CUST-1128,2025-05-12 21:11:43,880.66,UPI Transfer,Utilities & Bills,Delhi,Desktop Web Browser,466,2,876.01,6.7,0
TXN-100727,CUST-1334,2025-05-12 21:33:41,1306.17,POS / In-Store,Grocery & Supermarkets,Chennai,Desktop Web Browser,196,3,2200.7,3.87,0
TXN-100802,CUST-1190,2025-05-13 09:41:52,799.74,UPI Transfer,Grocery & Supermarkets,Hyderabad,Desktop Web Browser,1562,2,534.03,71.75,0
TXN-100530,CUST-1062,2025-05-13 11:20:58,1103.32,POS / In-Store,Dining & Food,Jaipur,Trusted Mobile App (iOS),1256,2,332.57,14.38,0
TXN-100815,CUST-1256,2025-05-13 16:09:26,2151.81,Online,Utilities & Bills,Hyderabad,Trusted Mobile App (iOS),1302,2,2215.19,15.36,0
TXN-100647,CUST-1349,2025-05-13 18:37:34,1487.58,Online,Healthcare & Medical,Delhi,Trusted Mobile App (Android),929,3,1748.99,66.03,0
TXN-100913,CUST-1043,2025-05-13 21:16:11,1680.72,POS / In-Store,Grocery & Supermarkets,Kochi,Trusted Mobile App (Android),1225,3,1412.84,17.85,0
TXN-101156,CUST-1017,2025-05-13 22:55:37,1383.56,POS / In-Store,Grocery & Supermarkets,Mumbai,Trusted Mobile App (iOS),970,2,382.58,14.2,0
TXN-101394,CUST-1353,2025-05-14 03:45:01,114328.6,Wire Transfer,Electronics & Gadgets,Kochi,Unknown Device,179,7,113.79,523.62,1
TXN-101400,CUST-1050,2025-05-14 04:13:01,262550.74,Online,Crypto & Digital Assets,Mumbai,Mobile Web Browser,945,6,1377.71,770.66,1
TXN-100040,CUST-1079,2025-05-14 08:49:04,492.82,Online,Utilities & Bills,Hyderabad,Desktop Web Browser,481,1,282.79,15.06,0
TXN-101366,CUST-1209,2025-05-14 10:14:04,1028.42,Online,Grocery & Supermarkets,Hyderabad,Trusted Mobile App (iOS),1373,3,1068.7,8.44,0
TXN-100444,CUST-1159,2025-05-14 11:27:31,107.26,Online,Utilities & Bills,Bengaluru,Trusted Mobile App (Android),80,1,150.0,56.09,0
TXN-100579,CUST-1358,2025-05-14 18:52:40,927.38,UPI Transfer,Healthcare & Medical,Chennai,Desktop Web Browser,112,2,622.78,2.9,0
TXN-100099,CUST-1038,2025-05-14 21:26:18,881.99,UPI Transfer,Utilities & Bills,Hyderabad,Desktop Web Browser,1052,3,661.92,4.07,0
TXN-100521,CUST-1197,2025-05-14 22:07:25,2418.79,POS / In-Store,Utilities & Bills,Ahmedabad,Desktop Web Browser,467,2,1309.54,16.86,0
TXN-100816,CUST-1258,2025-05-14 22:40:30,284.8,UPI Transfer,Grocery & Supermarkets,Ahmedabad,Desktop Web Browser,264,2,247.7,9.16,0
TXN-100277,CUST-1114,2025-05-14 22:58:27,1176.03,POS / In-Store,Dining & Food,Kolkata,Trusted Mobile App (iOS),1773,2,1153.69,47.9,0
TXN-100462,CUST-1339,2025-05-15 12:29:13,875.4,UPI Transfer,Utilities & Bills,Mumbai,Trusted Mobile App (iOS),620,2,1735.28,6.8,0
TXN-100718,CUST-1012,2025-05-15 15:43:52,1523.64,UPI Transfer,Healthcare & Medical,Pune,Trusted Mobile App (iOS),599,2,1177.41,8.44,0
TXN-100661,CUST-1345,2025-05-15 16:05:00,1347.92,Online,Dining & Food,Jaipur,Trusted Mobile App (iOS),1356,1,2281.4,0.74,0
TXN-101412,CUST-1082,2025-05-16 01:16:32,66708.54,Wire Transfer,Crypto & Digital Assets,Bengaluru,New Emulated Device,157,9,1375.0,503.44,1
TXN-100895,CUST-1014,2025-05-16 04:09:58,772.14,Online,Healthcare & Medical,Kolkata,Trusted Mobile App (iOS),219,3,616.55,12.77,0
TXN-100914,CUST-1126,2025-05-16 07:09:57,871.33,UPI Transfer,Grocery & Supermarkets,Delhi,Trusted Mobile App (iOS),968,1,957.82,5.59,0
TXN-101242,CUST-1317,2025-05-16 09:05:56,950.23,UPI Transfer,Dining & Food,Kochi,Trusted Mobile App (Android),991,3,1557.8,16.51,0
TXN-100155,CUST-1125,2025-05-16 09:41:24,1346.3,POS / In-Store,Healthcare & Medical,Mumbai,Trusted Mobile App (Android),677,1,1377.85,25.14,0
TXN-100201,CUST-1005,2025-05-16 10:55:02,1320.8,UPI Transfer,Grocery & Supermarkets,Pune,Trusted Mobile App (iOS),91,3,1722.54,2.81,0
TXN-100141,CUST-1164,2025-05-16 11:19:56,448.57,Online,Utilities & Bills,Ahmedabad,Trusted Mobile App (iOS),438,3,309.29,13.7,0
TXN-101328,CUST-1170,2025-05-16 11:20:05,571.97,Online,Healthcare & Medical,Jaipur,Trusted Mobile App (Android),1421,3,288.82,10.51,0
TXN-100764,CUST-1035,2025-05-16 13:58:14,975.42,UPI Transfer,Grocery & Supermarkets,Mumbai,Trusted Mobile App (Android),851,1,580.27,17.87,0
TXN-101049,CUST-1206,2025-05-16 16:07:23,144.59,POS / In-Store,Grocery & Supermarkets,Delhi,Trusted Mobile App (Android),878,3,462.24,14.93,0
TXN-101253,CUST-1276,2025-05-16 17:14:55,360.24,POS / In-Store,Utilities & Bills,Ahmedabad,Trusted Mobile App (Android),343,1,1187.79,15.83,0
TXN-101306,CUST-1019,2025-05-16 19:21:41,679.83,UPI Transfer,Utilities & Bills,Delhi,Mobile Web Browser,630,1,568.6,9.47,0
TXN-100763,CUST-1094,2025-05-16 19:44:55,749.92,POS / In-Store,Utilities & Bills,Hyderabad,Trusted Mobile App (iOS),1128,3,1240.23,68.7,0
TXN-100314,CUST-1309,2025-05-16 22:18:10,273.93,UPI Transfer,Dining & Food,Chennai,Trusted Mobile App (iOS),1735,1,367.17,15.25,0
TXN-101446,CUST-1124,2025-05-17 02:02:39,153402.39,Online,Crypto & Digital Assets,Delhi,Unknown Device,1389,12,215.33,162.89,1
TXN-100414,CUST-1320,2025-05-17 08:23:36,872.15,Online,Healthcare & Medical,Ahmedabad,Trusted Mobile App (iOS),1713,1,741.69,13.06,0
TXN-100425,CUST-1354,2025-05-17 10:38:30,2540.79,UPI Transfer,Grocery & Supermarkets,Kochi,Trusted Mobile App (iOS),914,1,1015.69,1.15,0
TXN-100858,CUST-1053,2025-05-17 12:12:20,645.08,Online,Dining & Food,Kochi,Desktop Web Browser,1129,2,1460.26,54.59,0
TXN-100612,CUST-1322,2025-05-17 12:36:46,407.62,UPI Transfer,Utilities & Bills,Delhi,Desktop Web Browser,1319,3,511.81,12.06,0
TXN-101304,CUST-1123,2025-05-17 21:27:09,909.63,POS / In-Store,Grocery & Supermarkets,Kolkata,Mobile Web Browser,573,2,621.05,5.27,0
TXN-100115,CUST-1148,2025-05-17 22:20:35,902.92,UPI Transfer,Grocery & Supermarkets,Jaipur,Desktop Web Browser,259,3,637.21,10.31,0
TXN-100873,CUST-1043,2025-05-17 23:41:23,1412.84,UPI Transfer,Utilities & Bills,Kochi,Trusted Mobile App (Android),1225,1,751.32,2.84,0
TXN-101418,CUST-1126,2025-05-18 01:45:52,151911.88,Online,Crypto & Digital Assets,Chennai,Mobile Web Browser,951,11,1949.98,238.32,1
TXN-100360,CUST-1003,2025-05-18 07:36:23,487.39,Online,Utilities & Bills,Bengaluru,Desktop Web Browser,239,2,536.86,9.6,0
TXN-100792,CUST-1324,2025-05-18 11:16:12,905.14,Online,Dining & Food,Kochi,Trusted Mobile App (Android),204,1,456.08,17.02,0
TXN-100456,CUST-1269,2025-05-18 12:24:34,422.75,UPI Transfer,Dining & Food,Delhi,Desktop Web Browser,1632,1,225.16,1.27,0
TXN-101324,CUST-1166,2025-05-18 16:09:38,1637.24,UPI Transfer,Healthcare & Medical,Hyderabad,Trusted Mobile App (iOS),78,1,414.54,17.01,0
TXN-101249,CUST-1260,2025-05-18 17:06:06,295.89,POS / In-Store,Dining & Food,Chennai,Trusted Mobile App (Android),373,2,161.08,11.07,0
TXN-101247,CUST-1134,2025-05-18 18:51:29,647.74,Online,Utilities & Bills,Jaipur,Trusted Mobile App (iOS),1397,3,1423.93,8.05,0
TXN-100388,CUST-1150,2025-05-18 19:17:36,354.21,UPI Transfer,Dining & Food,Jaipur,Mobile Web Browser,1739,1,422.96,14.17,0
TXN-101409,CUST-1358,2025-05-19 01:24:43,60203.32,Wire Transfer,Luxury Goods & Jewelry,Pune,Unknown Device,58,12,1866.47,382.45,1
TXN-101408,CUST-1208,2025-05-19 03:57:58,109423.32,Online,Electronics & Gadgets,Hyderabad,New Emulated Device,766,8,888.11,396.99,1
TXN-101429,CUST-1194,2025-05-19 04:46:41,122585.73,Online,Electronics & Gadgets,Kolkata,Unknown Device,1604,11,1311.01,225.08,1
TXN-100482,CUST-1102,2025-05-19 09:59:55,1455.0,POS / In-Store,Healthcare & Medical,Pune,Trusted Mobile App (iOS),367,1,989.87,8.65,0
TXN-101290,CUST-1112,2025-05-19 13:55:34,958.11,UPI Transfer,Healthcare & Medical,Ahmedabad,Desktop Web Browser,1776,2,626.61,14.22,0
TXN-100193,CUST-1075,2025-05-19 14:48:25,1047.01,POS / In-Store,Utilities & Bills,Kolkata,Trusted Mobile App (Android),1089,3,1594.09,7.37,0
TXN-101023,CUST-1228,2025-05-19 18:49:40,2649.19,UPI Transfer,Utilities & Bills,Pune,Desktop Web Browser,342,3,2206.8,15.71,0
TXN-100494,CUST-1163,2025-05-19 19:27:20,2424.03,Online,Healthcare & Medical,Delhi,Trusted Mobile App (Android),109,2,2032.48,12.09,0
TXN-100498,CUST-1122,2025-05-19 20:59:58,1080.37,POS / In-Store,Utilities & Bills,Kolkata,Mobile Web Browser,448,1,764.45,6.92,0
TXN-100654,CUST-1352,2025-05-19 22:33:56,1392.24,UPI Transfer,Grocery & Supermarkets,Chennai,Desktop Web Browser,1135,2,1355.5,9.68,0
TXN-100451,CUST-1195,2025-05-20 08:33:46,1321.79,Online,Healthcare & Medical,Kochi,Desktop Web Browser,1370,3,910.59,8.5,0
TXN-100953,CUST-1143,2025-05-20 09:36:23,497.28,UPI Transfer,Utilities & Bills,Pune,Trusted Mobile App (Android),120,1,211.81,7.88,0
TXN-100842,CUST-1267,2025-05-20 12:17:52,542.44,UPI Transfer,Healthcare & Medical,Hyderabad,Trusted Mobile App (iOS),1457,2,455.81,5.84,0
TXN-100013,CUST-1321,2025-05-20 13:27:57,1245.18,Online,Utilities & Bills,Delhi,Trusted Mobile App (Android),1037,1,968.53,9.97,0
TXN-101307,CUST-1178,2025-05-20 13:31:43,1047.43,POS / In-Store,Grocery & Supermarkets,Kochi,Trusted Mobile App (iOS),551,3,2733.36,1.96,0
TXN-101312,CUST-1026,2025-05-20 17:40:54,865.7,UPI Transfer,Dining & Food,Kolkata,Trusted Mobile App (iOS),788,2,1125.18,8.83,0
TXN-100084,CUST-1309,2025-05-20 21:22:05,131.87,UPI Transfer,Grocery & Supermarkets,Chennai,Mobile Web Browser,1735,1,265.92,13.22,0
TXN-101210,CUST-1343,2025-05-20 22:47:16,894.96,POS / In-Store,Dining & Food,Kochi,Desktop Web Browser,1676,1,699.11,10.5,0
TXN-100810,CUST-1113,2025-05-20 22:57:54,1131.57,Online,Utilities & Bills,Jaipur,Mobile Web Browser,146,1,568.51,12.15,0
TXN-101030,CUST-1199,2025-05-21 01:29:15,1219.47,UPI Transfer,Utilities & Bills,Bengaluru,Desktop Web Browser,203,1,1201.14,17.84,0
TXN-101222,CUST-1070,2025-05-21 02:39:20,3479.09,UPI Transfer,Dining & Food,Ahmedabad,Desktop Web Browser,368,3,1452.69,4.9,0
TXN-100823,CUST-1322,2025-05-21 08:07:44,304.04,Online,Healthcare & Medical,Delhi,Desktop Web Browser,1319,3,407.62,9.05,0
TXN-101017,CUST-1139,2025-05-21 08:31:39,433.32,UPI Transfer,Dining & Food,Chennai,Desktop Web Browser,461,1,678.9,11.88,0
TXN-100959,CUST-1353,2025-05-21 12:05:55,188.98,POS / In-Store,Grocery & Supermarkets,Ahmedabad,Trusted Mobile App (Android),194,3,326.86,16.29,0
TXN-101137,CUST-1263,2025-05-21 16:27:16,336.3,POS / In-Store,Grocery & Supermarkets,Delhi,Desktop Web Browser,82,2,442.83,3.72,0
TXN-100165,CUST-1044,2025-05-21 18:01:01,657.33,Online,Healthcare & Medical,Pune,Trusted Mobile App (Android),479,1,537.95,17.62,0
TXN-100669,CUST-1151,2025-05-21 20:53:03,320.96,Online,Dining & Food,Kolkata,Desktop Web Browser,1161,2,352.78,63.78,0
TXN-101029,CUST-1175,2025-05-21 20:55:33,613.81,Online,Grocery & Supermarkets,Kolkata,Desktop Web Browser,1640,3,429.62,13.26,0
TXN-100008,CUST-1145,2025-05-21 22:55:34,750.27,POS / In-Store,Healthcare & Medical,Bengaluru,Desktop Web Browser,566,2,488.84,9.93,0
TXN-101006,CUST-1090,2025-05-22 09:29:10,1379.09,POS / In-Store,Utilities & Bills,Pune,Trusted Mobile App (Android),1799,1,1538.11,7.85,0
TXN-100685,CUST-1156,2025-05-22 10:46:42,347.44,UPI Transfer,Grocery & Supermarkets,Kolkata,Desktop Web Browser,862,1,516.73,7.03,0
TXN-100369,CUST-1146,2025-05-22 18:22:05,951.73,UPI Transfer,Grocery & Supermarkets,Chennai,Mobile Web Browser,934,2,509.18,32.45,0
TXN-100302,CUST-1339,2025-05-22 18:42:37,1735.28,POS / In-Store,Grocery & Supermarkets,Mumbai,Trusted Mobile App (iOS),620,1,1107.86,7.24,0
TXN-100244,CUST-1091,2025-05-22 19:54:54,543.6,POS / In-Store,Dining & Food,Kochi,Desktop Web Browser,1368,3,1047.31,21.78,0
TXN-101318,CUST-1135,2025-05-22 21:22:34,3012.63,UPI Transfer,Utilities & Bills,Jaipur,Trusted Mobile App (Android),1388,3,1545.62,8.91,0
TXN-100675,CUST-1081,2025-05-22 21:48:13,480.73,POS / In-Store,Utilities & Bills,Mumbai,Trusted Mobile App (iOS),168,2,404.81,13.32,0
TXN-100838,CUST-1270,2025-05-22 22:06:06,2823.21,POS / In-Store,Utilities & Bills,Mumbai,Trusted Mobile App (Android),1121,3,2143.05,12.76,0
TXN-100428,CUST-1345,2025-05-23 01:24:11,849.56,UPI Transfer,Utilities & Bills,Kochi,Trusted Mobile App (iOS),1356,2,1163.44,51.64,0
TXN-100214,CUST-1138,2025-05-23 07:43:42,1899.6,UPI Transfer,Grocery & Supermarkets,Jaipur,Trusted Mobile App (iOS),587,2,1381.65,1.01,0
TXN-101313,CUST-1148,2025-05-23 08:28:19,1452.76,Online,Utilities & Bills,Jaipur,Trusted Mobile App (iOS),259,1,1408.89,0.61,0
TXN-100964,CUST-1332,2025-05-23 09:04:54,375.44,UPI Transfer,Healthcare & Medical,Mumbai,Desktop Web Browser,233,1,417.69,31.69,0
TXN-101191,CUST-1035,2025-05-23 09:35:34,2480.95,Online,Healthcare & Medical,Mumbai,Trusted Mobile App (Android),851,3,975.42,9.81,0
TXN-100363,CUST-1204,2025-05-23 10:47:40,868.99,Online,Healthcare & Medical,Mumbai,Trusted Mobile App (iOS),531,2,899.45,14.2,0
TXN-101219,CUST-1102,2025-05-23 11:36:56,815.1,UPI Transfer,Dining & Food,Pune,Trusted Mobile App (iOS),367,3,1579.5,9.69,0
TXN-100786,CUST-1313,2025-05-23 11:52:47,958.84,Online,Utilities & Bills,Ahmedabad,Trusted Mobile App (Android),123,3,532.4,21.09,0
TXN-100150,CUST-1087,2025-05-23 12:08:58,452.08,POS / In-Store,Grocery & Supermarkets,Ahmedabad,Trusted Mobile App (iOS),419,1,270.25,9.05,0
TXN-101255,CUST-1083,2025-05-23 12:53:35,818.23,Online,Utilities & Bills,Jaipur,Trusted Mobile App (iOS),600,1,498.99,11.86,0
TXN-100022,CUST-1187,2025-05-23 16:20:38,2105.3,POS / In-Store,Utilities & Bills,Pune,Trusted Mobile App (Android),854,3,1526.05,3.57,0
TXN-101365,CUST-1167,2025-05-23 18:35:24,1050.01,POS / In-Store,Utilities & Bills,Jaipur,Trusted Mobile App (Android),702,3,975.36,56.13,0
TXN-101289,CUST-1236,2025-05-23 19:29:17,357.52,POS / In-Store,Dining & Food,Pune,Trusted Mobile App (Android),1132,1,1089.69,6.21,0
TXN-101274,CUST-1335,2025-05-24 00:57:40,1508.65,UPI Transfer,Utilities & Bills,Bengaluru,Trusted Mobile App (iOS),385,1,1109.69,0.68,0
TXN-101269,CUST-1161,2025-05-24 07:03:15,1931.66,POS / In-Store,Healthcare & Medical,Pune,Trusted Mobile App (iOS),1799,3,2026.36,30.35,0
TXN-100321,CUST-1280,2025-05-24 13:18:35,982.19,Online,Grocery & Supermarkets,Ahmedabad,Trusted Mobile App (Android),922,2,1076.86,17.71,0
TXN-100180,CUST-1015,2025-05-24 13:28:43,935.19,Online,Utilities & Bills,Pune,Trusted Mobile App (iOS),765,3,573.34,7.3,0
TXN-100435,CUST-1108,2025-05-24 13:34:37,1228.22,POS / In-Store,Dining & Food,Chennai,Trusted Mobile App (iOS),149,3,1614.66,5.03,0
TXN-100665,CUST-1254,2025-05-24 16:02:02,1080.65,POS / In-Store,Healthcare & Medical,Hyderabad,Desktop Web Browser,170,1,438.32,9.01,0
TXN-100558,CUST-1228,2025-05-24 16:12:27,2083.57,POS / In-Store,Utilities & Bills,Pune,Desktop Web Browser,342,2,1930.04,15.76,0
TXN-100856,CUST-1306,2025-05-24 22:18:48,1487.45,POS / In-Store,Dining & Food,Hyderabad,Trusted Mobile App (iOS),1542,3,1270.74,1.95,0
TXN-100944,CUST-1268,2025-05-25 10:12:27,986.68,Online,Dining & Food,Chennai,Desktop Web Browser,1259,2,819.89,9.88,0
TXN-101076,CUST-1008,2025-05-25 11:06:32,863.36,POS / In-Store,Utilities & Bills,Jaipur,Trusted Mobile App (iOS),1496,2,1887.7,14.37,0
TXN-100826,CUST-1356,2025-05-25 12:24:33,976.53,POS / In-Store,Dining & Food,Mumbai,Trusted Mobile App (iOS),498,1,262.82,11.78,0
TXN-101354,CUST-1326,2025-05-25 12:30:19,457.8,Online,Grocery & Supermarkets,Pune,Trusted Mobile App (Android),1250,1,1165.03,15.91,0
TXN-100862,CUST-1339,2025-05-25 16:30:30,1766.59,UPI Transfer,Healthcare & Medical,Mumbai,Trusted Mobile App (iOS),620,2,875.4,11.11,0
TXN-100897,CUST-1241,2025-05-25 16:30:52,976.04,POS / In-Store,Grocery & Supermarkets,Pune,Desktop Web Browser,368,2,1675.65,6.4,0
TXN-100330,CUST-1037,2025-05-26 07:29:48,313.81,Online,Utilities & Bills,Kochi,Desktop Web Browser,674,3,473.93,1.16,0
TXN-100869,CUST-1225,2025-05-26 19:25:42,131.27,POS / In-Store,Dining & Food,Hyderabad,Trusted Mobile App (Android),717,3,172.85,4.12,0
TXN-101145,CUST-1150,2025-05-26 21:01:58,1077.44,POS / In-Store,Healthcare & Medical,Jaipur,Trusted Mobile App (iOS),1739,2,354.21,10.74,0
TXN-101146,CUST-1012,2025-05-26 21:43:25,626.38,POS / In-Store,Dining & Food,Pune,Trusted Mobile App (Android),599,2,665.52,9.09,0
TXN-100670,CUST-1354,2025-05-26 22:08:41,1032.88,UPI Transfer,Healthcare & Medical,Kochi,Trusted Mobile App (iOS),914,2,2540.79,3.24,0
TXN-101338,CUST-1290,2025-05-27 08:46:19,701.57,Online,Dining & Food,Jaipur,Trusted Mobile App (iOS),1088,1,1125.65,2.81,0
TXN-100129,CUST-1349,2025-05-27 09:33:28,1748.99,POS / In-Store,Grocery & Supermarkets,Kochi,Trusted Mobile App (Android),929,1,1106.22,12.82,0
TXN-100957,CUST-1163,2025-05-27 09:35:38,1429.42,UPI Transfer,Healthcare & Medical,Delhi,Trusted Mobile App (Android),109,2,1375.76,9.14,0
TXN-101174,CUST-1129,2025-05-27 15:31:20,1213.65,UPI Transfer,Utilities & Bills,Jaipur,Trusted Mobile App (Android),301,2,1277.49,6.25,0
TXN-100067,CUST-1146,2025-05-27 21:14:49,509.18,UPI Transfer,Dining & Food,Bengaluru,Desktop Web Browser,934,2,741.71,5.92,0
TXN-100357,CUST-1258,2025-05-27 22:42:34,247.7,POS / In-Store,Healthcare & Medical,Ahmedabad,Desktop Web Browser,264,3,327.33,11.06,0
TXN-100866,CUST-1243,2025-05-28 11:02:40,2529.65,POS / In-Store,Utilities & Bills,Jaipur,Trusted Mobile App (iOS),836,2,1336.23,7.82,0
TXN-100584,CUST-1248,2025-05-28 13:06:56,5128.21,UPI Transfer,Grocery & Supermarkets,Pune,Trusted Mobile App (Android),463,2,2107.87,12.05,0
TXN-100430,CUST-1067,2025-05-28 13:31:50,241.71,POS / In-Store,Dining & Food,Delhi,Desktop Web Browser,1025,1,223.57,10.5,0
TXN-100222,CUST-1001,2025-05-28 16:06:58,738.77,Online,Dining & Food,Delhi,Trusted Mobile App (iOS),1548,3,1033.84,17.7,0
TXN-100590,CUST-1058,2025-05-28 20:25:30,1068.43,UPI Transfer,Utilities & Bills,Bengaluru,Desktop Web Browser,247,3,731.24,2.43,0
TXN-100316,CUST-1060,2025-05-28 22:37:06,1336.18,POS / In-Store,Utilities & Bills,Kochi,Trusted Mobile App (iOS),343,2,462.65,12.18,0
TXN-100582,CUST-1268,2025-05-29 06:35:06,819.89,Online,Dining & Food,Chennai,Desktop Web Browser,1259,1,745.0,5.83,0
TXN-101343,CUST-1262,2025-05-29 07:42:34,734.95,Online,Grocery & Supermarkets,Delhi,Trusted Mobile App (iOS),667,1,926.27,7.76,0
TXN-100880,CUST-1007,2025-05-29 08:08:54,877.54,POS / In-Store,Grocery & Supermarkets,Jaipur,Desktop Web Browser,84,1,668.54,1.96,0
TXN-100283,CUST-1296,2025-05-29 09:08:08,909.63,UPI Transfer,Healthcare & Medical,Hyderabad,Trusted Mobile App (Android),1446,1,1626.72,11.59,0
TXN-100449,CUST-1210,2025-05-29 11:00:33,697.2,Online,Dining & Food,Pune,Trusted Mobile App (iOS),1624,1,1403.8,32.24,0
TXN-101019,CUST-1199,2025-05-29 11:27:04,1201.14,Online,Utilities & Bills,Bengaluru,Desktop Web Browser,203,2,969.71,10.12,0
TXN-100578,CUST-1094,2025-05-29 12:34:38,1240.23,UPI Transfer,Utilities & Bills,Hyderabad,Trusted Mobile App (iOS),1128,3,899.55,6.03,0
TXN-101204,CUST-1241,2025-05-29 13:55:07,1352.84,Online,Healthcare & Medical,Pune,Desktop Web Browser,368,1,807.17,5.63,0
TXN-101177,CUST-1056,2025-05-29 16:32:03,1207.87,POS / In-Store,Utilities & Bills,Bengaluru,Trusted Mobile App (Android),36,3,1417.46,13.91,0
TXN-100811,CUST-1295,2025-05-29 19:23:27,300.9,POS / In-Store,Healthcare & Medical,Mumbai,Mobile Web Browser,632,1,417.96,6.51,0
TXN-100765,CUST-1259,2025-05-29 20:28:51,1289.85,Online,Grocery & Supermarkets,Kochi,Trusted Mobile App (iOS),982,3,830.3,4.13,0
TXN-100070,CUST-1043,2025-05-29 21:57:55,1861.87,Online,Healthcare & Medical,Kochi,Trusted Mobile App (Android),1225,2,963.7,15.04,0
TXN-100679,CUST-1075,2025-05-30 09:05:04,1413.75,UPI Transfer,Grocery & Supermarkets,Kolkata,Trusted Mobile App (Android),1089,2,1210.81,7.53,0
TXN-101093,CUST-1295,2025-05-30 15:51:53,128.0,Online,Grocery & Supermarkets,Mumbai,Trusted Mobile App (Android),632,1,300.9,11.28,0
TXN-101357,CUST-1033,2025-05-30 16:46:02,522.05,UPI Transfer,Dining & Food,Jaipur,Trusted Mobile App (iOS),1432,1,889.95,14.53,0
TXN-100549,CUST-1238,2025-05-30 19:11:42,1081.73,POS / In-Store,Grocery & Supermarkets,Ahmedabad,Trusted Mobile App (iOS),588,3,801.87,6.98,0
TXN-100793,CUST-1060,2025-05-30 19:25:26,839.85,Online,Healthcare & Medical,Kochi,Trusted Mobile App (iOS),343,1,1492.47,17.55,0
TXN-101226,CUST-1053,2025-05-30 22:14:13,2657.14,POS / In-Store,Healthcare & Medical,Delhi,Desktop Web Browser,1129,1,892.92,5.73,0
TXN-101067,CUST-1066,2025-05-31 05:37:06,1239.01,POS / In-Store,Dining & Food,Hyderabad,Desktop Web Browser,191,1,759.01,15.62,0
TXN-101010,CUST-1185,2025-05-31 09:21:55,1655.07,Online,Dining & Food,Delhi,Mobile Web Browser,645,3,1087.75,13.27,0
TXN-100221,CUST-1253,2025-05-31 14:09:19,347.35,UPI Transfer,Grocery & Supermarkets,Jaipur,Trusted Mobile App (iOS),746,2,238.7,7.68,0
TXN-100892,CUST-1296,2025-05-31 14:44:01,2252.13,Online,Utilities & Bills,Hyderabad,Trusted Mobile App (Android),1446,3,619.38,6.83,0
TXN-101124,CUST-1205,2025-05-31 16:52:17,410.99,POS / In-Store,Grocery & Supermarkets,Ahmedabad,Desktop Web Browser,1770,2,466.33,15.77,0
TXN-100516,CUST-1083,2025-06-01 08:24:17,293.21,UPI Transfer,Dining & Food,Jaipur,Trusted Mobile App (iOS),600,2,217.9,17.93,0
TXN-100020,CUST-1352,2025-06-01 08:58:42,1949.35,Online,Utilities & Bills,Chennai,Desktop Web Browser,1135,1,1954.54,9.19,0
TXN-100226,CUST-1070,2025-06-01 10:09:11,3070.95,Online,Utilities & Bills,Ahmedabad,Desktop Web Browser,368,1,2470.91,8.37,0
TXN-100674,CUST-1313,2025-06-01 10:52:44,546.59,Online,Dining & Food,Bengaluru,Trusted Mobile App (Android),123,2,535.65,9.38,0
TXN-100888,CUST-1077,2025-06-01 17:09:10,518.26,UPI Transfer,Grocery & Supermarkets,Hyderabad,Trusted Mobile App (iOS),722,1,518.01,13.12,0
TXN-100282,CUST-1093,2025-06-01 17:40:44,488.25,UPI Transfer,Dining & Food,Kolkata,Trusted Mobile App (iOS),539,1,728.45,54.9,0
TXN-100012,CUST-1241,2025-06-01 18:10:18,1005.5,UPI Transfer,Healthcare & Medical,Pune,Desktop Web Browser,368,2,1102.34,12.62,0
TXN-100086,CUST-1121,2025-06-01 18:24:40,678.5,UPI Transfer,Utilities & Bills,Mumbai,Desktop Web Browser,1100,2,459.97,53.28,0
TXN-100368,CUST-1142,2025-06-01 19:25:20,795.67,Online,Grocery & Supermarkets,Chennai,Trusted Mobile App (iOS),219,3,535.73,9.56,0
TXN-101414,CUST-1027,2025-06-02 02:18:50,179563.13,Online,Crypto & Digital Assets,Kochi,New Emulated Device,1377,5,1151.33,463.28,1
TXN-101295,CUST-1050,2025-06-02 07:00:35,1377.71,UPI Transfer,Dining & Food,Mumbai,Desktop Web Browser,988,3,1195.98,38.23,0
TXN-101268,CUST-1255,2025-06-02 08:33:10,1113.31,POS / In-Store,Dining & Food,Mumbai,Trusted Mobile App (iOS),536,3,1887.54,3.79,0
TXN-100406,CUST-1298,2025-06-02 11:23:33,318.1,POS / In-Store,Utilities & Bills,Kochi,Trusted Mobile App (Android),999,3,314.36,4.85,0
TXN-100367,CUST-1018,2025-06-02 14:39:56,437.26,Online,Dining & Food,Jaipur,Trusted Mobile App (iOS),805,1,668.86,1.13,0
TXN-100159,CUST-1072,2025-06-03 11:59:17,857.2,Online,Healthcare & Medical,Pune,Trusted Mobile App (iOS),1134,1,933.54,9.26,0
TXN-100124,CUST-1173,2025-06-03 13:11:39,1177.39,UPI Transfer,Utilities & Bills,Kochi,Trusted Mobile App (Android),108,1,923.37,11.68,0
TXN-100248,CUST-1246,2025-06-03 14:10:53,2471.46,Online,Utilities & Bills,Pune,Trusted Mobile App (iOS),975,2,843.97,14.49,0
TXN-100573,CUST-1014,2025-06-03 15:19:01,616.55,UPI Transfer,Healthcare & Medical,Ahmedabad,Trusted Mobile App (iOS),219,1,862.39,26.83,0
TXN-100961,CUST-1314,2025-06-03 15:44:11,679.14,Online,Utilities & Bills,Mumbai,Desktop Web Browser,628,1,893.76,2.91,0
TXN-100266,CUST-1264,2025-06-03 16:45:45,1059.78,POS / In-Store,Grocery & Supermarkets,Chennai,Desktop Web Browser,1417,1,764.11,2.87,0
TXN-100923,CUST-1059,2025-06-03 19:03:57,600.01,UPI Transfer,Dining & Food,Chennai,Desktop Web Browser,1069,3,504.2,9.61,0
TXN-100532,CUST-1052,2025-06-03 19:49:15,1494.4,Online,Dining & Food,Mumbai,Desktop Web Browser,1506,1,477.09,15.89,0
TXN-101440,CUST-1052,2025-06-04 01:09:03,64292.29,ATM Withdrawal,Electronics & Gadgets,Kochi,Unknown Device,1500,7,942.47,432.84,1
TXN-100723,CUST-1267,2025-06-04 09:49:33,455.81,UPI Transfer,Grocery & Supermarkets,Hyderabad,Trusted Mobile App (iOS),1457,1,488.73,8.17,0
TXN-100814,CUST-1348,2025-06-04 14:06:48,284.58,Online,Utilities & Bills,Bengaluru,Trusted Mobile App (Android),1248,1,288.33,9.92,0
TXN-101138,CUST-1060,2025-06-04 15:19:10,1647.47,POS / In-Store,Grocery & Supermarkets,Kochi,Trusted Mobile App (iOS),343,2,839.85,9.94,0
TXN-100187,CUST-1016,2025-06-04 16:02:25,416.71,UPI Transfer,Healthcare & Medical,Kolkata,Desktop Web Browser,571,3,842.05,9.91,0
TXN-101046,CUST-1134,2025-06-04 17:07:27,1423.93,POS / In-Store,Dining & Food,Jaipur,Mobile Web Browser,1397,1,982.93,7.87,0
TXN-101265,CUST-1097,2025-06-04 18:03:34,1683.45,POS / In-Store,Grocery & Supermarkets,Hyderabad,Trusted Mobile App (iOS),937,3,1216.26,16.62,0
TXN-100235,CUST-1279,2025-06-04 19:50:07,1563.55,UPI Transfer,Utilities & Bills,Kochi,Desktop Web Browser,1616,2,1568.74,8.89,0
TXN-100808,CUST-1255,2025-06-04 21:10:14,1615.65,POS / In-Store,Dining & Food,Mumbai,Trusted Mobile App (iOS),536,1,744.09,17.21,0
TXN-100616,CUST-1126,2025-06-04 21:31:52,2052.9,Online,Dining & Food,Delhi,Trusted Mobile App (iOS),968,1,1097.65,8.13,0
TXN-101399,CUST-1063,2025-06-05 01:02:39,129913.71,ATM Withdrawal,Luxury Goods & Jewelry,Delhi,Mobile Web Browser,1,7,943.02,322.47,1
TXN-100506,CUST-1093,2025-06-05 08:21:36,881.2,UPI Transfer,Healthcare & Medical,Bengaluru,Trusted Mobile App (iOS),539,2,498.67,52.75,0
TXN-100378,CUST-1270,2025-06-05 08:32:04,1607.54,UPI Transfer,Grocery & Supermarkets,Mumbai,Trusted Mobile App (Android),1121,3,2026.87,15.56,0
TXN-100069,CUST-1103,2025-06-05 15:03:19,760.58,Online,Grocery & Supermarkets,Pune,Trusted Mobile App (iOS),829,2,687.44,15.8,0
TXN-101071,CUST-1011,2025-06-05 17:58:54,307.04,Online,Dining & Food,Mumbai,Trusted Mobile App (iOS),1459,2,255.18,13.91,0
TXN-100415,CUST-1240,2025-06-05 18:35:24,368.12,POS / In-Store,Grocery & Supermarkets,Pune,Trusted Mobile App (Android),1399,3,936.46,16.08,0
TXN-100678,CUST-1071,2025-06-05 20:57:46,1900.75,UPI Transfer,Grocery & Supermarkets,Chennai,Desktop Web Browser,1272,2,648.07,15.42,0
TXN-100142,CUST-1074,2025-06-06 08:35:20,580.74,UPI Transfer,Dining & Food,Pune,Desktop Web Browser,1360,2,1175.51,7.79,0
TXN-101326,CUST-1192,2025-06-06 11:23:18,2520.26,UPI Transfer,Healthcare & Medical,Chennai,Trusted Mobile App (Android),1152,1,1765.08,8.79,0
TXN-100995,CUST-1004,2025-06-06 13:07:47,515.56,POS / In-Store,Grocery & Supermarkets,Jaipur,Trusted Mobile App (iOS),1239,1,785.71,3.18,0
TXN-100930,CUST-1298,2025-06-06 16:54:45,684.79,UPI Transfer,Grocery & Supermarkets,Kochi,Trusted Mobile App (Android),999,1,684.93,4.4,0
TXN-101279,CUST-1356,2025-06-06 20:39:19,430.1,Online,Dining & Food,Mumbai,Trusted Mobile App (iOS),498,1,170.15,13.42,0
TXN-100526,CUST-1109,2025-06-06 21:43:33,920.5,Online,Grocery & Supermarkets,Kochi,Desktop Web Browser,1140,1,1092.76,9.89,0
TXN-100803,CUST-1170,2025-06-06 21:55:29,335.94,Online,Grocery & Supermarkets,Jaipur,Trusted Mobile App (Android),1421,3,247.77,13.19,0
TXN-101021,CUST-1128,2025-06-07 08:08:33,848.54,POS / In-Store,Dining & Food,Delhi,Desktop Web Browser,466,2,880.66,5.45,0
TXN-101009,CUST-1271,2025-06-07 09:37:08,1000.84,Online,Dining & Food,Pune,Desktop Web Browser,788,1,807.46,17.3,0
TXN-100653,CUST-1217,2025-06-07 12:27:27,1188.84,UPI Transfer,Dining & Food,Ahmedabad,Desktop Web Browser,1699,3,1042.51,2.13,0
TXN-101209,CUST-1309,2025-06-07 16:30:40,132.9,POS / In-Store,Utilities & Bills,Chennai,Trusted Mobile App (iOS),1735,3,190.35,16.3,0
TXN-100707,CUST-1001,2025-06-07 16:41:39,772.43,POS / In-Store,Utilities & Bills,Mumbai,Desktop Web Browser,1548,3,1168.24,23.31,0
TXN-100424,CUST-1132,2025-06-07 19:36:47,1050.3,UPI Transfer,Dining & Food,Ahmedabad,Desktop Web Browser,1470,2,820.94,13.35,0
TXN-100613,CUST-1273,2025-06-07 20:59:11,902.73,UPI Transfer,Healthcare & Medical,Kolkata,Trusted Mobile App (iOS),1769,1,1110.38,11.47,0
TXN-101450,CUST-1166,2025-06-08 03:47:57,150658.88,ATM Withdrawal,Crypto & Digital Assets,Ahmedabad,Mobile Web Browser,1,5,1637.24,600.64,1
TXN-100796,CUST-1087,2025-06-08 10:04:00,134.86,UPI Transfer,Healthcare & Medical,Ahmedabad,Trusted Mobile App (Android),419,1,278.5,7.81,0
TXN-100773,CUST-1056,2025-06-08 13:39:05,983.59,Online,Dining & Food,Bengaluru,Trusted Mobile App (iOS),36,1,1452.41,9.98,0
TXN-100874,CUST-1321,2025-06-08 18:14:22,754.36,Online,Grocery & Supermarkets,Delhi,Trusted Mobile App (Android),1037,3,504.69,5.39,0
TXN-101237,CUST-1184,2025-06-08 18:15:23,1126.43,POS / In-Store,Utilities & Bills,Kochi,Trusted Mobile App (Android),1388,1,1010.7,14.21,0
TXN-100192,CUST-1348,2025-06-08 20:58:06,288.33,POS / In-Store,Dining & Food,Bengaluru,Trusted Mobile App (Android),1248,1,473.62,5.35,0
TXN-100759,CUST-1222,2025-06-08 22:10:19,989.76,POS / In-Store,Healthcare & Medical,Jaipur,Trusted Mobile App (Android),1313,2,296.85,16.94,0
TXN-100623,CUST-1189,2025-06-09 08:53:24,2058.25,POS / In-Store,Dining & Food,Hyderabad,Trusted Mobile App (Android),1391,2,944.82,14.48,0
TXN-100768,CUST-1242,2025-06-09 12:10:55,1111.09,Online,Healthcare & Medical,Ahmedabad,Trusted Mobile App (iOS),1304,1,728.05,11.12,0
TXN-100615,CUST-1137,2025-06-09 12:16:12,793.96,Online,Dining & Food,Delhi,Trusted Mobile App (iOS),1550,1,1040.23,4.63,0
TXN-100762,CUST-1314,2025-06-09 12:26:36,893.76,UPI Transfer,Healthcare & Medical,Mumbai,Desktop Web Browser,628,3,602.44,16.25,0
TXN-100976,CUST-1024,2025-06-09 16:53:25,664.13,Online,Grocery & Supermarkets,Hyderabad,Trusted Mobile App (iOS),808,2,826.5,9.31,0
TXN-100246,CUST-1046,2025-06-09 17:28:17,1884.16,UPI Transfer,Utilities & Bills,Delhi,Trusted Mobile App (iOS),1793,1,1711.68,4.17,0
TXN-100463,CUST-1195,2025-06-09 20:53:38,789.16,POS / In-Store,Utilities & Bills,Kochi,Desktop Web Browser,1370,2,1321.79,5.62,0
TXN-100136,CUST-1195,2025-06-09 21:22:15,421.6,Online,Grocery & Supermarkets,Kochi,Desktop Web Browser,1370,3,786.23,3.8,0
TXN-100997,CUST-1134,2025-06-09 21:54:11,982.93,Online,Dining & Food,Jaipur,Trusted Mobile App (iOS),1397,1,872.66,2.66,0
TXN-100926,CUST-1258,2025-06-09 22:41:24,287.91,POS / In-Store,Healthcare & Medical,Pune,Desktop Web Browser,264,3,284.8,42.57,0
TXN-100097,CUST-1022,2025-06-10 09:02:47,453.01,POS / In-Store,Healthcare & Medical,Kochi,Desktop Web Browser,496,3,491.62,34.56,0
TXN-100402,CUST-1196,2025-06-10 14:24:03,662.0,Online,Dining & Food,Kolkata,Trusted Mobile App (Android),934,2,1004.39,8.25,0
TXN-100817,CUST-1079,2025-06-10 14:44:20,286.24,UPI Transfer,Healthcare & Medical,Hyderabad,Desktop Web Browser,481,2,377.56,16.66,0
TXN-101157,CUST-1247,2025-06-10 16:51:44,881.18,UPI Transfer,Healthcare & Medical,Bengaluru,Trusted Mobile App (iOS),562,3,1426.4,14.89,0
TXN-100713,CUST-1193,2025-06-10 19:11:29,1312.33,UPI Transfer,Utilities & Bills,Mumbai,Trusted Mobile App (iOS),617,1,975.56,14.71,0
TXN-101142,CUST-1312,2025-06-10 20:40:57,600.45,POS / In-Store,Grocery & Supermarkets,Mumbai,Desktop Web Browser,1123,2,310.01,9.98,0
TXN-100044,CUST-1337,2025-06-11 07:11:02,186.84,Online,Dining & Food,Mumbai,Desktop Web Browser,952,1,299.24,13.84,0
TXN-101041,CUST-1194,2025-06-11 11:24:02,1311.01,POS / In-Store,Healthcare & Medical,Hyderabad,Trusted Mobile App (Android),1639,3,925.26,11.86,0
TXN-101363,CUST-1324,2025-06-11 11:52:43,686.39,UPI Transfer,Grocery & Supermarkets,Kochi,Trusted Mobile App (Android),204,3,905.14,14.93,0
TXN-101097,CUST-1325,2025-06-11 11:53:50,927.71,UPI Transfer,Grocery & Supermarkets,Hyderabad,Trusted Mobile App (iOS),1172,3,654.99,8.23,0
TXN-100066,CUST-1093,2025-06-11 12:46:55,728.45,Online,Healthcare & Medical,Kolkata,Trusted Mobile App (iOS),539,3,526.04,7.69,0
TXN-100642,CUST-1314,2025-06-11 15:33:56,602.44,UPI Transfer,Dining & Food,Mumbai,Desktop Web Browser,628,3,605.89,16.12,0
TXN-101057,CUST-1251,2025-06-11 18:13:07,1122.0,UPI Transfer,Dining & Food,Pune,Trusted Mobile App (Android),1739,2,4555.5,17.09,0
TXN-101264,CUST-1281,2025-06-11 21:07:47,604.79,Online,Dining & Food,Kochi,Trusted Mobile App (Android),690,2,577.85,1.65,0
TXN-101198,CUST-1064,2025-06-11 23:27:16,706.34,Online,Healthcare & Medical,Delhi,Trusted Mobile App (Android),1733,1,985.37,15.68,0
TXN-100255,CUST-1116,2025-06-12 08:09:11,1401.94,UPI Transfer,Healthcare & Medical,Delhi,Desktop Web Browser,1795,3,790.97,12.18,0
TXN-100828,CUST-1266,2025-06-12 10:48:24,270.6,Online,Dining & Food,Hyderabad,Trusted Mobile App (iOS),1242,1,894.18,17.4,0
TXN-100852,CUST-1337,2025-06-12 11:22:21,249.53,POS / In-Store,Dining & Food,Mumbai,Trusted Mobile App (Android),952,1,192.24,0.6,0
TXN-100753,CUST-1338,2025-06-12 14:26:52,1951.41,POS / In-Store,Utilities & Bills,Kochi,Trusted Mobile App (Android),626,2,923.59,13.67,0
TXN-101202,CUST-1159,2025-06-12 16:14:02,275.67,UPI Transfer,Grocery & Supermarkets,Delhi,Trusted Mobile App (Android),80,2,100.79,55.77,0
TXN-100461,CUST-1296,2025-06-12 17:58:49,1279.55,POS / In-Store,Utilities & Bills,Hyderabad,Trusted Mobile App (Android),1446,3,1255.84,2.41,0
TXN-101231,CUST-1342,2025-06-12 18:05:22,834.92,POS / In-Store,Healthcare & Medical,Hyderabad,Trusted Mobile App (Android),1643,1,469.57,12.98,0
TXN-100894,CUST-1074,2025-06-12 20:15:28,1022.1,Online,Dining & Food,Pune,Desktop Web Browser,1360,2,1542.94,4.43,0
TXN-100065,CUST-1152,2025-06-13 08:42:17,1162.6,UPI Transfer,Dining & Food,Bengaluru,Trusted Mobile App (Android),291,1,1274.23,13.91,0
TXN-100401,CUST-1042,2025-06-13 11:03:38,1493.64,Online,Dining & Food,Jaipur,Trusted Mobile App (Android),1559,2,1907.33,7.37,0
TXN-101405,CUST-1110,2025-06-14 01:26:16,99562.47,Wire Transfer,Electronics & Gadgets,Jaipur,Mobile Web Browser,670,11,653.03,443.05,1
TXN-101042,CUST-1063,2025-06-14 08:38:45,523.2,UPI Transfer,Dining & Food,Kolkata,Trusted Mobile App (Android),69,3,422.37,9.68,0
TXN-100941,CUST-1254,2025-06-14 13:25:52,449.5,UPI Transfer,Grocery & Supermarkets,Hyderabad,Desktop Web Browser,170,1,731.23,14.42,0
TXN-100345,CUST-1123,2025-06-14 15:52:54,621.05,Online,Dining & Food,Bengaluru,Trusted Mobile App (iOS),573,3,817.85,61.65,0
TXN-101105,CUST-1345,2025-06-14 17:02:18,1531.09,POS / In-Store,Grocery & Supermarkets,Jaipur,Desktop Web Browser,1356,3,1347.92,3.46,0
TXN-100465,CUST-1312,2025-06-14 18:59:29,310.01,POS / In-Store,Healthcare & Medical,Mumbai,Desktop Web Browser,1123,2,197.94,10.35,0
TXN-101147,CUST-1311,2025-06-14 19:13:26,1519.68,Online,Healthcare & Medical,Kolkata,Trusted Mobile App (iOS),649,3,903.33,2.44,0
TXN-100928,CUST-1146,2025-06-14 20:40:44,501.9,Online,Grocery & Supermarkets,Bengaluru,Trusted Mobile App (iOS),934,1,1380.2,11.36,0
TXN-101007,CUST-1020,2025-06-14 21:48:57,705.64,Online,Utilities & Bills,Kochi,Trusted Mobile App (Android),1212,1,731.14,11.55,0
TXN-100692,CUST-1309,2025-06-15 10:23:19,297.83,UPI Transfer,Utilities & Bills,Chennai,Trusted Mobile App (iOS),1735,2,273.93,1.2,0
TXN-100272,CUST-1193,2025-06-15 15:13:45,2594.63,UPI Transfer,Grocery & Supermarkets,Mumbai,Trusted Mobile App (Android),617,1,936.21,12.35,0
TXN-101303,CUST-1187,2025-06-15 15:33:32,1680.44,Online,Grocery & Supermarkets,Pune,Trusted Mobile App (Android),854,3,2430.47,0.91,0
TXN-100225,CUST-1134,2025-06-15 19:44:43,872.66,Online,Grocery & Supermarkets,Jaipur,Trusted Mobile App (iOS),1397,1,724.78,6.21,0
TXN-100298,CUST-1354,2025-06-15 20:41:00,1015.69,POS / In-Store,Grocery & Supermarkets,Kochi,Trusted Mobile App (iOS),914,1,1661.16,3.42,0
TXN-100337,CUST-1291,2025-06-15 21:41:41,464.33,Online,Dining & Food,Hyderabad,Trusted Mobile App (iOS),524,3,466.99,5.59,0
TXN-101084,CUST-1285,2025-06-16 09:58:45,417.44,Online,Dining & Food,Pune,Trusted Mobile App (Android),88,3,322.49,12.74,0
TXN-100411,CUST-1318,2025-06-16 14:20:50,1289.69,UPI Transfer,Dining & Food,Ahmedabad,Trusted Mobile App (Android),727,3,1460.96,12.02,0
TXN-100270,CUST-1110,2025-06-16 14:43:39,632.96,POS / In-Store,Grocery & Supermarkets,Mumbai,Desktop Web Browser,672,2,468.29,11.9,0
TXN-100912,CUST-1187,2025-06-16 20:54:43,1413.17,POS / In-Store,Utilities & Bills,Pune,Trusted Mobile App (Android),854,2,2105.3,12.41,0
TXN-100618,CUST-1029,2025-06-16 21:57:06,726.67,UPI Transfer,Utilities & Bills,Delhi,Desktop Web Browser,1330,3,245.62,5.71,0
TXN-100392,CUST-1183,2025-06-17 01:36:33,3473.19,UPI Transfer,Healthcare & Medical,Delhi,Desktop Web Browser,706,1,1027.27,8.68,0
TXN-101435,CUST-1303,2025-06-17 03:06:29,115580.49,Online,Luxury Goods & Jewelry,Bengaluru,Unknown Device,265,7,693.93,525.16,1
TXN-101173,CUST-1221,2025-06-17 05:11:56,6522.59,POS / In-Store,Healthcare & Medical,Hyderabad,Desktop Web Browser,597,1,1937.62,8.25,0
TXN-101362,CUST-1277,2025-06-17 08:21:44,586.66,POS / In-Store,Utilities & Bills,Pune,Trusted Mobile App (iOS),1532,3,881.99,15.54,0
TXN-101308,CUST-1164,2025-06-17 10:01:01,237.01,Online,Dining & Food,Ahmedabad,Trusted Mobile App (iOS),438,2,444.01,14.61,0
TXN-101371,CUST-1243,2025-06-17 10:27:56,1078.3,POS / In-Store,Healthcare & Medical,Jaipur,Trusted Mobile App (iOS),836,1,966.23,11.35,0
TXN-101153,CUST-1262,2025-06-17 12:29:50,1023.23,POS / In-Store,Dining & Food,Delhi,Trusted Mobile App (iOS),667,2,978.94,15.81,0
TXN-100377,CUST-1295,2025-06-18 12:48:22,417.96,POS / In-Store,Dining & Food,Mumbai,Trusted Mobile App (iOS),632,1,393.8,5.4,0
TXN-100804,CUST-1063,2025-06-18 14:23:29,422.37,POS / In-Store,Healthcare & Medical,Kolkata,Trusted Mobile App (Android),69,3,1728.68,12.51,0
TXN-100009,CUST-1165,2025-06-18 14:36:15,340.88,UPI Transfer,Healthcare & Medical,Ahmedabad,Trusted Mobile App (Android),655,3,430.37,15.48,0
TXN-100837,CUST-1075,2025-06-18 15:00:34,1581.63,Online,Grocery & Supermarkets,Kolkata,Trusted Mobile App (Android),1089,1,1413.75,17.64,0
TXN-100940,CUST-1297,2025-06-18 21:59:43,264.83,Online,Grocery & Supermarkets,Hyderabad,Trusted Mobile App (Android),1389,1,368.46,2.37,0
TXN-101233,CUST-1266,2025-06-19 00:19:39,703.3,POS / In-Store,Grocery & Supermarkets,Hyderabad,Trusted Mobile App (iOS),1242,3,473.88,11.03,0
TXN-100267,CUST-1099,2025-06-19 08:15:13,238.32,Online,Utilities & Bills,Jaipur,Trusted Mobile App (iOS),221,2,432.4,1.38,0
TXN-100915,CUST-1199,2025-06-19 09:22:32,969.71,Online,Grocery & Supermarkets,Bengaluru,Mobile Web Browser,203,1,698.84,11.74,0
TXN-100673,CUST-1354,2025-06-19 10:45:01,2808.76,Online,Grocery & Supermarkets,Kochi,Trusted Mobile App (iOS),914,3,1032.88,17.06,0
TXN-100281,CUST-1028,2025-06-19 11:12:04,783.2,UPI Transfer,Dining & Food,Chennai,Desktop Web Browser,1429,2,813.18,17.78,0
TXN-100637,CUST-1069,2025-06-19 19:43:15,466.35,POS / In-Store,Utilities & Bills,Bengaluru,Trusted Mobile App (iOS),1381,1,1669.79,7.21,0
TXN-100122,CUST-1149,2025-06-20 16:36:09,621.87,UPI Transfer,Healthcare & Medical,Delhi,Desktop Web Browser,335,1,598.61,16.75,0
TXN-100658,CUST-1214,2025-06-20 17:37:33,667.52,UPI Transfer,Utilities & Bills,Delhi,Trusted Mobile App (Android),303,1,431.86,13.75,0
TXN-100297,CUST-1138,2025-06-20 18:52:33,1174.31,UPI Transfer,Utilities & Bills,Jaipur,Trusted Mobile App (iOS),587,2,1899.6,2.49,0
TXN-100626,CUST-1163,2025-06-20 20:50:51,1685.31,UPI Transfer,Healthcare & Medical,Delhi,Trusted Mobile App (Android),109,3,2424.03,15.66,0
TXN-100600,CUST-1221,2025-06-20 21:40:58,1232.05,UPI Transfer,Grocery & Supermarkets,Hyderabad,Desktop Web Browser,597,1,2341.52,6.0,0
TXN-101227,CUST-1037,2025-06-20 22:09:16,351.73,Online,Healthcare & Medical,Kochi,Desktop Web Browser,674,2,457.92,6.47,0
TXN-100975,CUST-1136,2025-06-21 07:38:27,143.9,Online,Healthcare & Medical,Delhi,Trusted Mobile App (iOS),571,1,178.48,8.79,0
TXN-100619,CUST-1337,2025-06-21 11:15:04,698.12,UPI Transfer,Grocery & Supermarkets,Mumbai,Desktop Web Browser,952,1,506.51,13.35,0
TXN-100907,CUST-1119,2025-06-21 11:49:44,953.57,POS / In-Store,Utilities & Bills,Kochi,Trusted Mobile App (iOS),1298,2,890.78,17.88,0
TXN-100524,CUST-1044,2025-06-21 13:08:49,550.83,UPI Transfer,Healthcare & Medical,Pune,Trusted Mobile App (Android),479,1,616.47,0.94,0
TXN-101332,CUST-1310,2025-06-21 13:59:23,2068.0,POS / In-Store,Dining & Food,Hyderabad,Trusted Mobile App (Android),495,3,906.98,2.61,0
TXN-100466,CUST-1093,2025-06-21 16:12:16,498.67,Online,Dining & Food,Kolkata,Trusted Mobile App (iOS),539,3,488.25,0.92,0
TXN-100878,CUST-1084,2025-06-21 19:43:41,1026.42,Online,Healthcare & Medical,Ahmedabad,Trusted Mobile App (iOS),1134,3,1360.08,1.72,0
TXN-101329,CUST-1241,2025-06-22 10:24:48,1015.78,UPI Transfer,Healthcare & Medical,Pune,Desktop Web Browser,368,3,1751.15,11.41,0
TXN-100263,CUST-1203,2025-06-22 14:03:58,704.29,Online,Utilities & Bills,Hyderabad,Trusted Mobile App (iOS),331,2,286.88,16.61,0
TXN-101133,CUST-1026,2025-06-22 18:16:48,1125.18,Online,Utilities & Bills,Kolkata,Trusted Mobile App (iOS),788,1,947.25,12.31,0
TXN-100962,CUST-1300,2025-06-22 20:40:25,715.92,POS / In-Store,Healthcare & Medical,Pune,Desktop Web Browser,1157,3,476.55,2.64,0
TXN-100250,CUST-1315,2025-06-23 07:27:08,1563.14,Online,Grocery & Supermarkets,Bengaluru,Desktop Web Browser,1571,2,1329.03,53.4,0
TXN-100956,CUST-1019,2025-06-23 08:21:05,568.6,UPI Transfer,Utilities & Bills,Delhi,Desktop Web Browser,630,2,605.7,1.72,0
TXN-100216,CUST-1053,2025-06-23 10:14:34,1460.26,Online,Dining & Food,Delhi,Desktop Web Browser,1129,1,2029.94,0.54,0
TXN-100344,CUST-1115,2025-06-23 16:08:00,953.11,POS / In-Store,Grocery & Supermarkets,Bengaluru,Trusted Mobile App (iOS),1248,3,1336.54,9.43,0
TXN-100082,CUST-1226,2025-06-23 17:18:46,955.08,UPI Transfer,Utilities & Bills,Kolkata,Desktop Web Browser,195,1,580.05,3.77,0
TXN-100108,CUST-1311,2025-06-23 17:59:43,1295.37,POS / In-Store,Utilities & Bills,Kolkata,Desktop Web Browser,649,3,1111.1,3.34,0
TXN-100133,CUST-1031,2025-06-23 22:02:36,826.34,POS / In-Store,Healthcare & Medical,Hyderabad,Trusted Mobile App (iOS),976,2,944.77,3.65,0
TXN-100978,CUST-1171,2025-06-23 22:07:47,1269.65,Online,Healthcare & Medical,Jaipur,Trusted Mobile App (Android),86,1,978.41,9.59,0
TXN-100541,CUST-1193,2025-06-23 22:37:45,975.56,POS / In-Store,Healthcare & Medical,Mumbai,Trusted Mobile App (Android),617,1,2594.63,16.08,0
TXN-100519,CUST-1010,2025-06-24 07:59:02,158.03,UPI Transfer,Healthcare & Medical,Ahmedabad,Desktop Web Browser,599,3,90.45,7.33,0
TXN-100204,CUST-1045,2025-06-24 10:37:33,414.04,Online,Dining & Food,Bengaluru,Desktop Web Browser,1040,2,775.84,6.65,0
TXN-101203,CUST-1332,2025-06-24 11:54:59,347.21,Online,Dining & Food,Kochi,Desktop Web Browser,233,3,500.19,10.38,0
TXN-100945,CUST-1059,2025-06-24 17:08:02,967.58,UPI Transfer,Healthcare & Medical,Chennai,Desktop Web Browser,1069,1,600.01,13.24,0
TXN-100328,CUST-1152,2025-06-24 17:32:44,2100.18,POS / In-Store,Grocery & Supermarkets,Bengaluru,Trusted Mobile App (iOS),291,1,1962.8,2.18,0
TXN-100839,CUST-1051,2025-06-24 17:48:12,333.89,POS / In-Store,Healthcare & Medical,Jaipur,Trusted Mobile App (Android),1163,2,551.67,6.54,0
TXN-100554,CUST-1181,2025-06-24 20:17:16,530.96,POS / In-Store,Grocery & Supermarkets,Jaipur,Desktop Web Browser,1503,2,782.4,7.02,0
TXN-101252,CUST-1130,2025-06-24 22:27:39,6299.14,POS / In-Store,Healthcare & Medical,Kolkata,Trusted Mobile App (Android),530,2,4040.19,17.0,0
TXN-101376,CUST-1265,2025-06-25 04:18:40,160408.27,Wire Transfer,Luxury Goods & Jewelry,Bengaluru,Mobile Web Browser,1407,6,1444.31,149.07,1
TXN-100588,CUST-1088,2025-06-25 07:46:29,760.9,POS / In-Store,Healthcare & Medical,Delhi,Trusted Mobile App (iOS),1379,2,1235.36,4.25,0
TXN-100130,CUST-1281,2025-06-25 11:10:49,815.07,Online,Healthcare & Medical,Kochi,Trusted Mobile App (Android),690,1,938.37,9.61,0
TXN-100336,CUST-1212,2025-06-25 11:10:57,498.22,Online,Dining & Food,Jaipur,Trusted Mobile App (Android),132,3,332.27,11.3,0
TXN-100326,CUST-1124,2025-06-25 14:02:32,263.39,UPI Transfer,Utilities & Bills,Pune,Trusted Mobile App (iOS),1405,3,384.28,6.12,0
TXN-100544,CUST-1314,2025-06-25 14:05:59,1198.73,Online,Healthcare & Medical,Mumbai,Desktop Web Browser,628,2,1053.75,9.63,0
TXN-100728,CUST-1100,2025-06-25 15:22:10,1249.21,Online,Dining & Food,Hyderabad,Trusted Mobile App (iOS),862,1,3873.18,13.18,0
TXN-100343,CUST-1109,2025-06-25 15:34:50,1092.76,Online,Utilities & Bills,Kochi,Desktop Web Browser,1140,2,719.37,9.94,0
TXN-100831,CUST-1266,2025-06-25 21:08:56,742.27,UPI Transfer,Dining & Food,Hyderabad,Trusted Mobile App (iOS),1242,3,270.6,12.66,0
TXN-100157,CUST-1109,2025-06-25 22:17:11,1164.62,Online,Utilities & Bills,Kochi,Trusted Mobile App (iOS),1140,1,1176.05,1.8,0
TXN-100287,CUST-1085,2025-06-26 02:26:00,1782.29,Online,Dining & Food,Bengaluru,Desktop Web Browser,1199,3,1211.54,4.5,0
TXN-100505,CUST-1090,2025-06-26 11:42:12,1538.11,POS / In-Store,Dining & Food,Pune,Trusted Mobile App (Android),1799,2,979.23,14.64,0
TXN-100574,CUST-1252,2025-06-26 14:01:45,1220.02,POS / In-Store,Utilities & Bills,Delhi,Trusted Mobile App (iOS),69,3,2333.61,5.35,0
TXN-101043,CUST-1151,2025-06-26 14:51:30,447.83,POS / In-Store,Grocery & Supermarkets,Kolkata,Desktop Web Browser,1161,3,212.58,6.83,0
TXN-100198,CUST-1353,2025-06-26 16:10:41,219.67,UPI Transfer,Utilities & Bills,Ahmedabad,Trusted Mobile App (Android),194,1,204.22,15.84,0
TXN-101140,CUST-1205,2025-06-26 16:17:32,436.67,POS / In-Store,Dining & Food,Ahmedabad,Desktop Web Browser,1770,2,410.99,4.12,0
TXN-100958,CUST-1329,2025-06-26 18:39:22,1050.38,Online,Grocery & Supermarkets,Ahmedabad,Trusted Mobile App (Android),1791,2,1865.0,4.42,0
TXN-100443,CUST-1160,2025-06-26 21:34:27,239.41,POS / In-Store,Dining & Food,Bengaluru,Desktop Web Browser,710,1,381.72,11.92,0
TXN-101431,CUST-1281,2025-06-27 02:00:05,178523.9,Wire Transfer,Electronics & Gadgets,Delhi,Unknown Device,590,12,604.79,239.28,1
TXN-101413,CUST-1224,2025-06-27 02:14:47,110450.66,Online,Crypto & Digital Assets,Ahmedabad,Mobile Web Browser,536,6,483.77,347.47,1
TXN-100577,CUST-1326,2025-06-27 02:42:56,470.09,Online,Dining & Food,Pune,Desktop Web Browser,1250,3,448.87,5.6,0
TXN-101432,CUST-1034,2025-06-27 02:59:01,96487.2,Wire Transfer,Luxury Goods & Jewelry,Jaipur,Mobile Web Browser,439,10,789.56,203.39,1
TXN-100818,CUST-1338,2025-06-27 07:35:55,1364.8,UPI Transfer,Healthcare & Medical,Kochi,Trusted Mobile App (Android),626,2,1951.41,7.89,0
TXN-100121,CUST-1020,2025-06-27 07:57:32,361.37,UPI Transfer,Healthcare & Medical,Kochi,Trusted Mobile App (iOS),1212,1,408.19,15.16,0
TXN-100581,CUST-1236,2025-06-27 11:59:52,532.62,Online,Healthcare & Medical,Pune,Trusted Mobile App (Android),1132,3,741.8,6.59,0
TXN-100023,CUST-1257,2025-06-27 12:16:28,303.07,POS / In-Store,Utilities & Bills,Bengaluru,Desktop Web Browser,288,1,322.74,17.02,0
TXN-100313,CUST-1312,2025-06-27 14:17:03,197.94,Online,Dining & Food,Mumbai,Desktop Web Browser,1123,2,258.68,6.5,0
TXN-100218,CUST-1214,2025-06-27 15:52:33,360.31,Online,Dining & Food,Delhi,Trusted Mobile App (Android),303,1,477.73,7.02,0
TXN-101123,CUST-1109,2025-06-27 19:53:37,1202.78,Online,Utilities & Bills,Kochi,Mobile Web Browser,1140,1,668.66,4.75,0
TXN-100990,CUST-1015,2025-06-27 20:05:47,496.35,Online,Utilities & Bills,Pune,Trusted Mobile App (iOS),765,1,935.19,11.27,0
TXN-100916,CUST-1056,2025-06-28 03:40:30,1417.46,Online,Utilities & Bills,Bengaluru,Trusted Mobile App (Android),36,2,983.59,8.08,0
TXN-101370,CUST-1302,2025-06-28 08:43:24,421.35,Online,Utilities & Bills,Ahmedabad,Trusted Mobile App (Android),657,3,486.67,1.05,0
TXN-100625,CUST-1202,2025-06-28 09:59:54,1170.93,Online,Healthcare & Medical,Hyderabad,Desktop Web Browser,665,3,687.84,4.62,0
TXN-101058,CUST-1152,2025-06-28 10:28:03,1016.36,Online,Utilities & Bills,Bengaluru,Trusted Mobile App (Android),291,3,813.84,9.13,0
TXN-100790,CUST-1020,2025-06-28 12:12:56,290.1,POS / In-Store,Utilities & Bills,Kochi,Trusted Mobile App (Android),1212,3,353.03,17.25,0
TXN-100740,CUST-1126,2025-06-28 13:54:04,957.82,Online,Utilities & Bills,Delhi,Trusted Mobile App (iOS),968,1,2052.9,14.32,0
TXN-100899,CUST-1133,2025-06-28 16:45:01,228.16,Online,Healthcare & Medical,Chennai,Desktop Web Browser,1682,1,495.22,16.8,0
TXN-100724,CUST-1032,2025-06-28 17:56:55,540.73,UPI Transfer,Grocery & Supermarkets,Pune,Trusted Mobile App (Android),1340,2,793.87,1.64,0
TXN-100376,CUST-1062,2025-06-28 22:39:15,724.32,UPI Transfer,Utilities & Bills,Jaipur,Mobile Web Browser,1256,2,618.89,15.5,0
TXN-100539,CUST-1027,2025-06-29 12:50:58,924.88,Online,Healthcare & Medical,Kolkata,Trusted Mobile App (iOS),1402,3,909.19,9.51,0
TXN-100433,CUST-1023,2025-06-29 13:43:44,203.9,Online,Grocery & Supermarkets,Chennai,Trusted Mobile App (iOS),1781,1,409.86,13.76,0
TXN-101272,CUST-1060,2025-06-29 14:42:26,493.49,Online,Utilities & Bills,Kochi,Mobile Web Browser,343,2,1647.47,15.05,0
TXN-100434,CUST-1318,2025-06-29 16:00:24,2525.89,UPI Transfer,Grocery & Supermarkets,Ahmedabad,Trusted Mobile App (Android),727,2,1289.69,14.57,0
TXN-100475,CUST-1175,2025-06-29 16:49:33,429.62,POS / In-Store,Dining & Food,Kolkata,Desktop Web Browser,1640,1,341.14,13.97,0
TXN-100789,CUST-1208,2025-06-29 19:47:59,888.11,POS / In-Store,Grocery & Supermarkets,Pune,Trusted Mobile App (Android),848,2,700.45,9.07,0
TXN-100627,CUST-1212,2025-06-29 20:56:23,510.31,UPI Transfer,Grocery & Supermarkets,Jaipur,Trusted Mobile App (Android),132,2,940.31,2.26,0
TXN-101003,CUST-1156,2025-06-29 22:24:52,411.69,POS / In-Store,Utilities & Bills,Kochi,Desktop Web Browser,862,1,715.22,56.24,0
